{
"type": "FeatureCollection",
"name": "all_markers_cleaned",
"crs": { "type": "name", "properties": { "name": "urn:ogc:def:crs:OGC:1.3:CRS84" } },
"features": [
{ "type": "Feature", "properties": { "type": "Car Limitation", "comment": "Not specified", "area_name": "Amsterdam Centrum 1 2026-1", "marker_group": "Access / Structural Limitation" }, "geometry": { "type": "Point", "coordinates": [ 4.881030331299772, 52.373427892187586 ] } },
{ "type": "Feature", "properties": { "type": "Car Limitation", "comment": "Not specified", "area_name": "Amsterdam Centrum 1 2026-1", "marker_group": "Access / Structural Limitation" }, "geometry": { "type": "Point", "coordinates": [ 4.877795587209839, 52.372635324340983 ] } },
{ "type": "Feature", "properties": { "type": "Under Construction", "comment": "Not specified", "area_name": "Amsterdam Centrum 1 2026-1", "marker_group": "Temporary Disruption" }, "geometry": { "type": "Point", "coordinates": [ 4.883286069089801, 52.373797970643722 ] } },
{ "type": "Feature", "properties": { "type": "Under Construction", "comment": "Not specified", "area_name": "Amsterdam Centrum 1 2026-1", "marker_group": "Temporary Disruption" }, "geometry": { "type": "Point", "coordinates": [ 4.883224378253044, 52.372466656157073 ] } },
{ "type": "Feature", "properties": { "type": "Car Limitation", "comment": "Not specified", "area_name": "Amsterdam Centrum 1 2026-1", "marker_group": "Access / Structural Limitation" }, "geometry": { "type": "Point", "coordinates": [ 4.87923861566773, 52.37298248390838 ] } },
{ "type": "Feature", "properties": { "type": "Car Limitation", "comment": "Not specified", "area_name": "Amsterdam Centrum 1 2026-1", "marker_group": "Access / Structural Limitation" }, "geometry": { "type": "Point", "coordinates": [ 4.881480942416947, 52.373545793627464 ] } },
{ "type": "Feature", "properties": { "type": "Car Limitation", "comment": "Not specified", "area_name": "Amsterdam Centrum 1 2026-1", "marker_group": "Access / Structural Limitation" }, "geometry": { "type": "Point", "coordinates": [ 4.87882019105903, 52.3728776813075 ] } },
{ "type": "Feature", "properties": { "type": "Car Limitation", "comment": "Not specified", "area_name": "Amsterdam Centrum 1 2026-1", "marker_group": "Access / Structural Limitation" }, "geometry": { "type": "Point", "coordinates": [ 4.880504618330539, 52.373326365696656 ] } },
{ "type": "Feature", "properties": { "type": "Car Limitation", "comment": "Not specified", "area_name": "Amsterdam Centrum 1 2026-1", "marker_group": "Access / Structural Limitation" }, "geometry": { "type": "Point", "coordinates": [ 4.878321300179004, 52.372733577324652 ] } },
{ "type": "Feature", "properties": { "type": "Under Construction", "comment": "Not specified", "area_name": "Amsterdam Centrum 1 2026-1", "marker_group": "Temporary Disruption" }, "geometry": { "type": "Point", "coordinates": [ 4.882746945075341, 52.373689894954005 ] } },
{ "type": "Feature", "properties": { "type": "Obstacle", "comment": "Not specified", "area_name": "Amsterdam Centrum 1 2026-1", "marker_group": "Operational Obstacle" }, "geometry": { "type": "Point", "coordinates": [ 4.895704696879319, 52.376008551710967 ] } },
{ "type": "Feature", "properties": { "type": "Obstacle", "comment": "Not specified", "area_name": "Amsterdam Centrum 1 2026-1", "marker_group": "Operational Obstacle" }, "geometry": { "type": "Point", "coordinates": [ 4.891930828768371, 52.374809939240322 ] } },
{ "type": "Feature", "properties": { "type": "Car Limitation", "comment": "Not specified", "area_name": "Amsterdam Centrum 1 2026-1", "marker_group": "Access / Structural Limitation" }, "geometry": { "type": "Point", "coordinates": [ 4.89145875996773, 52.374177870917684 ] } },
{ "type": "Feature", "properties": { "type": "Under Construction", "comment": "Not specified", "area_name": "Amsterdam Centrum 1 2026-1", "marker_group": "Temporary Disruption" }, "geometry": { "type": "Point", "coordinates": [ 4.887475679567035, 52.373588369021931 ] } },
{ "type": "Feature", "properties": { "type": "Obstacle", "comment": "Not specified", "area_name": "Amsterdam Centrum 1 2026-1", "marker_group": "Operational Obstacle" }, "geometry": { "type": "Point", "coordinates": [ 4.882400940171145, 52.37635077264418 ] } },
{ "type": "Feature", "properties": { "type": "Under Construction", "comment": "Not specified", "area_name": "Amsterdam Centrum 1 2026-1", "marker_group": "Temporary Disruption" }, "geometry": { "type": "Point", "coordinates": [ 4.883830557598996, 52.377379056566689 ] } },
{ "type": "Feature", "properties": { "type": "Obstacle", "comment": "Not specified", "area_name": "Amsterdam Centrum 1 2026-1", "marker_group": "Operational Obstacle" }, "geometry": { "type": "Point", "coordinates": [ 4.893719862117472, 52.371906607726622 ] } },
{ "type": "Feature", "properties": { "type": "Obstacle", "comment": "Not specified", "area_name": "Amsterdam Centrum 1 2026-1", "marker_group": "Operational Obstacle" }, "geometry": { "type": "Point", "coordinates": [ 4.890994737794787, 52.373575268860627 ] } },
{ "type": "Feature", "properties": { "type": "Obstacle", "comment": "Not specified", "area_name": "Amsterdam Centrum 1 2026-1", "marker_group": "Operational Obstacle" }, "geometry": { "type": "Point", "coordinates": [ 4.87728060312713, 52.374818126715532 ] } },
{ "type": "Feature", "properties": { "type": "Obstacle", "comment": "Not specified", "area_name": "Amsterdam Centrum 1 2026-1", "marker_group": "Operational Obstacle" }, "geometry": { "type": "Point", "coordinates": [ 4.895881722446703, 52.365694835177933 ] } },
{ "type": "Feature", "properties": { "type": "Obstacle", "comment": "Not specified", "area_name": "Amsterdam Centrum 1 2026-1", "marker_group": "Operational Obstacle" }, "geometry": { "type": "Point", "coordinates": [ 4.890882085078651, 52.376406444610424 ] } },
{ "type": "Feature", "properties": { "type": "Under Construction", "comment": "Not specified", "area_name": "Amsterdam Centrum 1 2026-1", "marker_group": "Temporary Disruption" }, "geometry": { "type": "Point", "coordinates": [ 4.885257492718268, 52.373899496038632 ] } },
{ "type": "Feature", "properties": { "type": "Under Construction", "comment": "Not specified", "area_name": "Amsterdam Centrum 1 2026-1", "marker_group": "Temporary Disruption" }, "geometry": { "type": "Point", "coordinates": [ 4.90393639639572, 52.378209198096201 ] } },
{ "type": "Feature", "properties": { "type": "Under Construction", "comment": "Not specified", "area_name": "Amsterdam Centrum 1 2026-1", "marker_group": "Temporary Disruption" }, "geometry": { "type": "Point", "coordinates": [ 4.893845925704019, 52.361159509476089 ] } },
{ "type": "Feature", "properties": { "type": "Obstacle", "comment": "Not specified", "area_name": "Amsterdam Centrum 1 2026-1", "marker_group": "Operational Obstacle" }, "geometry": { "type": "Point", "coordinates": [ 4.895793209577243, 52.366965756631252 ] } },
{ "type": "Feature", "properties": { "type": "Obstacle", "comment": "Not specified", "area_name": "Amsterdam Centrum 1 2026-1", "marker_group": "Operational Obstacle" }, "geometry": { "type": "Point", "coordinates": [ 4.887253056236699, 52.374400569633245 ] } },
{ "type": "Feature", "properties": { "type": "Obstacle", "comment": "Not specified", "area_name": "Amsterdam Centrum 1 2026-1", "marker_group": "Operational Obstacle" }, "geometry": { "type": "Point", "coordinates": [ 4.891335378339435, 52.373562168721719 ] } },
{ "type": "Feature", "properties": { "type": "Under Construction", "comment": "Not specified", "area_name": "Amsterdam Centrum 1 2026-1", "marker_group": "Temporary Disruption" }, "geometry": { "type": "Point", "coordinates": [ 4.894071231247752, 52.360545263804752 ] } },
{ "type": "Feature", "properties": { "type": "Obstacle", "comment": "Not specified", "area_name": "Amsterdam Centrum 1 2026-1", "marker_group": "Operational Obstacle" }, "geometry": { "type": "Point", "coordinates": [ 4.880687008618817, 52.376732288440529 ] } },
{ "type": "Feature", "properties": { "type": "Obstacle", "comment": "Not specified", "area_name": "Amsterdam Centrum 1 2026-1", "marker_group": "Operational Obstacle" }, "geometry": { "type": "Point", "coordinates": [ 4.897268424843932, 52.380933656107302 ] } },
{ "type": "Feature", "properties": { "type": "Under Construction", "comment": "Not specified", "area_name": "Amsterdam Centrum 1 2026-1", "marker_group": "Temporary Disruption" }, "geometry": { "type": "Point", "coordinates": [ 4.876679788266648, 52.372959558381048 ] } },
{ "type": "Feature", "properties": { "type": "Obstacle", "comment": "Not specified", "area_name": "Amsterdam Centrum 1 2026-1", "marker_group": "Operational Obstacle" }, "geometry": { "type": "Point", "coordinates": [ 4.892671118428322, 52.373529418353414 ] } },
{ "type": "Feature", "properties": { "type": "Obstacle", "comment": "Not specified", "area_name": "Amsterdam Centrum 1 2026-1", "marker_group": "Operational Obstacle" }, "geometry": { "type": "Point", "coordinates": [ 4.889267395079872, 52.368634604455323 ] } },
{ "type": "Feature", "properties": { "type": "Car Limitation", "comment": "Not specified", "area_name": "Amsterdam Centrum 1 2026-1", "marker_group": "Access / Structural Limitation" }, "geometry": { "type": "Point", "coordinates": [ 4.885246764126403, 52.384954544213294 ] } },
{ "type": "Feature", "properties": { "type": "Under Construction", "comment": "Not specified", "area_name": "Amsterdam Centrum 1 2026-1", "marker_group": "Temporary Disruption" }, "geometry": { "type": "Point", "coordinates": [ 4.877656112423675, 52.376375333884504 ] } },
{ "type": "Feature", "properties": { "type": "Obstacle", "comment": "Not specified", "area_name": "Amsterdam Centrum 1 2026-1", "marker_group": "Operational Obstacle" }, "geometry": { "type": "Point", "coordinates": [ 4.893888841195618, 52.367837037342305 ] } },
{ "type": "Feature", "properties": { "type": "Under Construction", "comment": "Not specified", "area_name": "Amsterdam Centrum 1 2026-1", "marker_group": "Temporary Disruption" }, "geometry": { "type": "Point", "coordinates": [ 4.87993062542584, 52.365383650515938 ] } },
{ "type": "Feature", "properties": { "type": "Under Construction", "comment": "Not specified", "area_name": "Amsterdam Centrum 1 2026-1", "marker_group": "Temporary Disruption" }, "geometry": { "type": "Point", "coordinates": [ 4.893414090041238, 52.360646819683325 ] } },
{ "type": "Feature", "properties": { "type": "Under Construction", "comment": "Not specified", "area_name": "Amsterdam Centrum 1 2026-1", "marker_group": "Temporary Disruption" }, "geometry": { "type": "Point", "coordinates": [ 4.903276572960339, 52.377410166534247 ] } },
{ "type": "Feature", "properties": { "type": "Obstacle", "comment": "Not specified", "area_name": "Amsterdam Centrum 1 2026-1", "marker_group": "Operational Obstacle" }, "geometry": { "type": "Point", "coordinates": [ 4.892279515815864, 52.369170129067371 ] } },
{ "type": "Feature", "properties": { "type": "Obstacle", "comment": "Not specified", "area_name": "Amsterdam Centrum 1 2026-1", "marker_group": "Operational Obstacle" }, "geometry": { "type": "Point", "coordinates": [ 4.892000566150497, 52.372442092709669 ] } },
{ "type": "Feature", "properties": { "type": "Obstacle", "comment": "Not specified", "area_name": "Amsterdam Centrum 1 2026-1", "marker_group": "Operational Obstacle" }, "geometry": { "type": "Point", "coordinates": [ 4.893030534407161, 52.372206283606609 ] } },
{ "type": "Feature", "properties": { "type": "Under Construction", "comment": "Not specified", "area_name": "Amsterdam Centrum 1 2026-1", "marker_group": "Temporary Disruption" }, "geometry": { "type": "Point", "coordinates": [ 4.880048642915003, 52.378625081953786 ] } },
{ "type": "Feature", "properties": { "type": "Obstacle", "comment": "Not specified", "area_name": "Amsterdam Centrum 1 2026-1", "marker_group": "Operational Obstacle" }, "geometry": { "type": "Point", "coordinates": [ 4.896109710198191, 52.365023328409102 ] } },
{ "type": "Feature", "properties": { "type": "Car Limitation", "comment": "Not specified", "area_name": "Amsterdam Centrum 1 2026-1", "marker_group": "Access / Structural Limitation" }, "geometry": { "type": "Point", "coordinates": [ 4.894623766651224, 52.376237790842204 ] } },
{ "type": "Feature", "properties": { "type": "Under Construction", "comment": "Not specified", "area_name": "Amsterdam Centrum 1 2026-1", "marker_group": "Temporary Disruption" }, "geometry": { "type": "Point", "coordinates": [ 4.930291782009205, 52.370475340505294 ] } },
{ "type": "Feature", "properties": { "type": "Obstacle", "comment": "Not specified", "area_name": "Amsterdam Centrum 1 2026-1", "marker_group": "Operational Obstacle" }, "geometry": { "type": "Point", "coordinates": [ 4.923014948838858, 52.365396752722297 ] } },
{ "type": "Feature", "properties": { "type": "Obstacle", "comment": "Not specified", "area_name": "Amsterdam Centrum 1 2026-1", "marker_group": "Operational Obstacle" }, "geometry": { "type": "Point", "coordinates": [ 4.927518377840221, 52.368333266321478 ] } },
{ "type": "Feature", "properties": { "type": "Under Construction", "comment": "Not specified", "area_name": "Amsterdam Centrum 1 2026-1", "marker_group": "Temporary Disruption" }, "geometry": { "type": "Point", "coordinates": [ 4.929361055472716, 52.370103596551871 ] } },
{ "type": "Feature", "properties": { "type": "Under Construction", "comment": "Not specified", "area_name": "Amsterdam Centrum 1 2026-1", "marker_group": "Temporary Disruption" }, "geometry": { "type": "Point", "coordinates": [ 4.926654706546284, 52.368741054515269 ] } },
{ "type": "Feature", "properties": { "type": "Under Construction", "comment": "Not specified", "area_name": "Amsterdam Centrum 1 2026-1", "marker_group": "Temporary Disruption" }, "geometry": { "type": "Point", "coordinates": [ 4.91861880823255, 52.364024238290597 ] } },
{ "type": "Feature", "properties": { "type": "Under Construction", "comment": "Not specified", "area_name": "Amsterdam Centrum 1 2026-1", "marker_group": "Temporary Disruption" }, "geometry": { "type": "Point", "coordinates": [ 4.926609108978229, 52.368069594051711 ] } },
{ "type": "Feature", "properties": { "type": "Under Construction", "comment": "Not specified", "area_name": "Amsterdam Centrum 1 2026-1", "marker_group": "Temporary Disruption" }, "geometry": { "type": "Point", "coordinates": [ 4.917111406745556, 52.363098831570959 ] } },
{ "type": "Feature", "properties": { "type": "Obstacle", "comment": "Not specified", "area_name": "Amsterdam Centrum 1 2026-1", "marker_group": "Operational Obstacle" }, "geometry": { "type": "Point", "coordinates": [ 4.918068955497612, 52.369160302772933 ] } },
{ "type": "Feature", "properties": { "type": "Obstacle", "comment": "Not specified", "area_name": "Amsterdam Centrum 1 2026-1", "marker_group": "Operational Obstacle" }, "geometry": { "type": "Point", "coordinates": [ 4.926898787626824, 52.371471009387037 ] } },
{ "type": "Feature", "properties": { "type": "Under Construction", "comment": "Not specified", "area_name": "Amsterdam Centrum 1 2026-1", "marker_group": "Temporary Disruption" }, "geometry": { "type": "Point", "coordinates": [ 4.908753643727237, 52.375494396672927 ] } },
{ "type": "Feature", "properties": { "type": "Obstacle", "comment": "Not specified", "area_name": "Amsterdam Centrum 1 2026-1", "marker_group": "Operational Obstacle" }, "geometry": { "type": "Point", "coordinates": [ 4.925976107736752, 52.371978660861956 ] } },
{ "type": "Feature", "properties": { "type": "Under Construction", "comment": "Not specified", "area_name": "Amsterdam Centrum 1 2026-1", "marker_group": "Temporary Disruption" }, "geometry": { "type": "Point", "coordinates": [ 4.929572950020999, 52.371741211678689 ] } },
{ "type": "Feature", "properties": { "type": "Under Construction", "comment": "Not specified", "area_name": "Amsterdam Centrum 1 2026-1", "marker_group": "Temporary Disruption" }, "geometry": { "type": "Point", "coordinates": [ 4.918326447451071, 52.364078287998559 ] } },
{ "type": "Feature", "properties": { "type": "Obstacle", "comment": "Not specified", "area_name": "Amsterdam Centrum 1 2026-1", "marker_group": "Operational Obstacle" }, "geometry": { "type": "Point", "coordinates": [ 4.923221479098176, 52.372890781280304 ] } },
{ "type": "Feature", "properties": { "type": "Under Construction", "comment": "Not specified", "area_name": "Amsterdam Centrum 1 2026-1", "marker_group": "Temporary Disruption" }, "geometry": { "type": "Point", "coordinates": [ 4.923940310973602, 52.366507180709789 ] } },
{ "type": "Feature", "properties": { "type": "Under Construction", "comment": "Not specified", "area_name": "Amsterdam Centrum 1 2026-1", "marker_group": "Temporary Disruption" }, "geometry": { "type": "Point", "coordinates": [ 4.932008395805781, 52.371692084088174 ] } },
{ "type": "Feature", "properties": { "type": "Under Construction", "comment": "Not specified", "area_name": "Amsterdam Centrum 1 2026-1", "marker_group": "Temporary Disruption" }, "geometry": { "type": "Point", "coordinates": [ 4.923747191926195, 52.366584156248791 ] } },
{ "type": "Feature", "properties": { "type": "Obstacle", "comment": "Not specified", "area_name": "Amsterdam Centrum 1 2026-1", "marker_group": "Operational Obstacle" }, "geometry": { "type": "Point", "coordinates": [ 4.912028620956505, 52.376475215677999 ] } },
{ "type": "Feature", "properties": { "type": "Obstacle", "comment": "Not specified", "area_name": "Amsterdam Centrum 1 2026-1", "marker_group": "Operational Obstacle" }, "geometry": { "type": "Point", "coordinates": [ 4.929927001620179, 52.372157156249152 ] } },
{ "type": "Feature", "properties": { "type": "Under Construction", "comment": "Not specified", "area_name": "Amsterdam Centrum 1 2026-1", "marker_group": "Temporary Disruption" }, "geometry": { "type": "Point", "coordinates": [ 4.931040118343152, 52.371323625575997 ] } },
{ "type": "Feature", "properties": { "type": "Under Construction", "comment": "Not specified", "area_name": "Amsterdam Centrum 1 2026-1", "marker_group": "Temporary Disruption" }, "geometry": { "type": "Point", "coordinates": [ 4.931399534346258, 52.371099273768543 ] } },
{ "type": "Feature", "properties": { "type": "Under Construction", "comment": "Not specified", "area_name": "Amsterdam Centrum 1 2026-1", "marker_group": "Temporary Disruption" }, "geometry": { "type": "Point", "coordinates": [ 4.927816103062057, 52.369292954610543 ] } },
{ "type": "Feature", "properties": { "type": "Under Construction", "comment": "Not specified", "area_name": "Amsterdam Centrum 1 2026-1", "marker_group": "Temporary Disruption" }, "geometry": { "type": "Point", "coordinates": [ 4.928124557094812, 52.369111172248942 ] } },
{ "type": "Feature", "properties": { "type": "Obstacle", "comment": "Not specified", "area_name": "Amsterdam Centrum 1 2026-1", "marker_group": "Operational Obstacle" }, "geometry": { "type": "Point", "coordinates": [ 4.917682717451862, 52.371539788390606 ] } },
{ "type": "Feature", "properties": { "type": "Under Construction", "comment": "Not specified", "area_name": "Amsterdam Centrum 1 2026-1", "marker_group": "Temporary Disruption" }, "geometry": { "type": "Point", "coordinates": [ 4.932142506254526, 52.371600379142691 ] } },
{ "type": "Feature", "properties": { "type": "Under Construction", "comment": "Not specified", "area_name": "Amsterdam Centrum 1 2026-1", "marker_group": "Temporary Disruption" }, "geometry": { "type": "Point", "coordinates": [ 4.930077205291699, 52.370644016250445 ] } },
{ "type": "Feature", "properties": { "type": "Obstacle", "comment": "Not specified", "area_name": "Amsterdam Centrum 1 2026-1", "marker_group": "Operational Obstacle" }, "geometry": { "type": "Point", "coordinates": [ 4.926179955547549, 52.368603487840829 ] } },
{ "type": "Feature", "properties": { "type": "Under Construction", "comment": "Not specified", "area_name": "Amsterdam Centrum 1 2026-1", "marker_group": "Temporary Disruption" }, "geometry": { "type": "Point", "coordinates": [ 4.925501356647055, 52.36771256946291 ] } },
{ "type": "Feature", "properties": { "type": "Under Construction", "comment": "Not specified", "area_name": "Amsterdam Centrum 1 2026-1", "marker_group": "Temporary Disruption" }, "geometry": { "type": "Point", "coordinates": [ 4.920464168175111, 52.370378720210056 ] } },
{ "type": "Feature", "properties": { "type": "Obstacle", "comment": "Not specified", "area_name": "Amsterdam Centrum 1 2026-1", "marker_group": "Operational Obstacle" }, "geometry": { "type": "Point", "coordinates": [ 4.926638613248281, 52.366747933517942 ] } },
{ "type": "Feature", "properties": { "type": "Under Construction", "comment": "Not specified", "area_name": "Amsterdam Centrum 1 2026-1", "marker_group": "Temporary Disruption" }, "geometry": { "type": "Point", "coordinates": [ 4.925670335813503, 52.367643784574476 ] } },
{ "type": "Feature", "properties": { "type": "Under Construction", "comment": "Not specified", "area_name": "Amsterdam Centrum 1 2026-1", "marker_group": "Temporary Disruption" }, "geometry": { "type": "Point", "coordinates": [ 4.919772158096531, 52.36345261765026 ] } },
{ "type": "Feature", "properties": { "type": "Under Construction", "comment": "Not specified", "area_name": "Amsterdam Centrum 1 2026-1", "marker_group": "Temporary Disruption" }, "geometry": { "type": "Point", "coordinates": [ 4.919664869746495, 52.363932517418128 ] } },
{ "type": "Feature", "properties": { "type": "Under Construction", "comment": "Not specified", "area_name": "Amsterdam Centrum 1 2026-1", "marker_group": "Temporary Disruption" }, "geometry": { "type": "Point", "coordinates": [ 4.929240356064143, 52.369972584719726 ] } },
{ "type": "Feature", "properties": { "type": "Obstacle", "comment": "Not specified", "area_name": "Amsterdam Centrum 1 2026-1", "marker_group": "Operational Obstacle" }, "geometry": { "type": "Point", "coordinates": [ 4.926973889404091, 52.368059767722244 ] } },
{ "type": "Feature", "properties": { "type": "Obstacle", "comment": "Not specified", "area_name": "Amsterdam Centrum 1 2026-1", "marker_group": "Operational Obstacle" }, "geometry": { "type": "Point", "coordinates": [ 4.929417381915576, 52.372533795597917 ] } },
{ "type": "Feature", "properties": { "type": "Under Construction", "comment": "Not specified", "area_name": "Amsterdam Centrum 1 2026-1", "marker_group": "Temporary Disruption" }, "geometry": { "type": "Point", "coordinates": [ 4.9171167711616, 52.36300874669444 ] } },
{ "type": "Feature", "properties": { "type": "Obstacle", "comment": "Not specified", "area_name": "Amsterdam Centrum 1 2026-1", "marker_group": "Operational Obstacle" }, "geometry": { "type": "Point", "coordinates": [ 4.927338669927407, 52.372473206024196 ] } },
{ "type": "Feature", "properties": { "type": "Under Construction", "comment": "Not specified", "area_name": "Amsterdam Centrum 1 2026-1", "marker_group": "Temporary Disruption" }, "geometry": { "type": "Point", "coordinates": [ 4.908716092805574, 52.375700714338912 ] } },
{ "type": "Feature", "properties": { "type": "Obstacle", "comment": "Not specified", "area_name": "Amsterdam Centrum 1 2026-1", "marker_group": "Operational Obstacle" }, "geometry": { "type": "Point", "coordinates": [ 4.909145245920493, 52.360848292611088 ] } },
{ "type": "Feature", "properties": { "type": "Obstacle", "comment": "Not specified", "area_name": "Amsterdam Centrum 1 2026-1", "marker_group": "Operational Obstacle" }, "geometry": { "type": "Point", "coordinates": [ 4.889473925176254, 52.368734504037462 ] } },
{ "type": "Feature", "properties": { "type": "Obstacle", "comment": "Not specified", "area_name": "Amsterdam Centrum 1 2026-1", "marker_group": "Operational Obstacle" }, "geometry": { "type": "Point", "coordinates": [ 4.892628202990742, 52.369301143277703 ] } },
{ "type": "Feature", "properties": { "type": "Under Construction", "comment": "Not specified", "area_name": "Amsterdam Centrum 1 2026-1", "marker_group": "Temporary Disruption" }, "geometry": { "type": "Point", "coordinates": [ 4.889135966735522, 52.363986567487814 ] } },
{ "type": "Feature", "properties": { "type": "Under Construction", "comment": "Not specified", "area_name": "Amsterdam Centrum 1 2026-1", "marker_group": "Temporary Disruption" }, "geometry": { "type": "Point", "coordinates": [ 4.895010004602391, 52.369576271841026 ] } },
{ "type": "Feature", "properties": { "type": "Obstacle", "comment": "Not specified", "area_name": "Amsterdam Centrum 1 2026-1", "marker_group": "Operational Obstacle" }, "geometry": { "type": "Point", "coordinates": [ 4.898808012676988, 52.374513555939217 ] } },
{ "type": "Feature", "properties": { "type": "Obstacle", "comment": "Not specified", "area_name": "Amsterdam Centrum 1 2026-1", "marker_group": "Operational Obstacle" }, "geometry": { "type": "Point", "coordinates": [ 4.890037189070982, 52.368803287221532 ] } },
{ "type": "Feature", "properties": { "type": "Obstacle", "comment": "Not specified", "area_name": "Amsterdam Centrum 1 2026-1", "marker_group": "Operational Obstacle" }, "geometry": { "type": "Point", "coordinates": [ 4.902799139668546, 52.373463917482368 ] } },
{ "type": "Feature", "properties": { "type": "Obstacle", "comment": "Not specified", "area_name": "Amsterdam Centrum 1 2026-1", "marker_group": "Operational Obstacle" }, "geometry": { "type": "Point", "coordinates": [ 4.891211996629043, 52.36922744784227 ] } },
{ "type": "Feature", "properties": { "type": "Obstacle", "comment": "Not specified", "area_name": "Amsterdam Centrum 1 2026-1", "marker_group": "Operational Obstacle" }, "geometry": { "type": "Point", "coordinates": [ 4.890670190412512, 52.369433794788883 ] } },
{ "type": "Feature", "properties": { "type": "Under Construction", "comment": "Not specified", "area_name": "Amsterdam Centrum 1 2026-1", "marker_group": "Temporary Disruption" }, "geometry": { "type": "Point", "coordinates": [ 4.897112856474567, 52.369766240559436 ] } },
{ "type": "Feature", "properties": { "type": "Under Construction", "comment": "Not specified", "area_name": "Amsterdam Centrum 1 2026-1", "marker_group": "Temporary Disruption" }, "geometry": { "type": "Point", "coordinates": [ 4.886882911379141, 52.373791420579515 ] } },
{ "type": "Feature", "properties": { "type": "Obstacle", "comment": "Not specified", "area_name": "Amsterdam Centrum 1 2026-1", "marker_group": "Operational Obstacle" }, "geometry": { "type": "Point", "coordinates": [ 4.88697410635296, 52.367781354560712 ] } },
{ "type": "Feature", "properties": { "type": "Obstacle", "comment": "Not specified", "area_name": "Amsterdam Centrum 1 2026-1", "marker_group": "Operational Obstacle" }, "geometry": { "type": "Point", "coordinates": [ 4.890938411280023, 52.367892720135139 ] } },
{ "type": "Feature", "properties": { "type": "Under Construction", "comment": "Not specified", "area_name": "Amsterdam Centrum 1 2026-1", "marker_group": "Temporary Disruption" }, "geometry": { "type": "Point", "coordinates": [ 4.888250837968036, 52.373388591576827 ] } },
{ "type": "Feature", "properties": { "type": "Under Construction", "comment": "Not specified", "area_name": "Amsterdam Centrum 1 2026-1", "marker_group": "Temporary Disruption" }, "geometry": { "type": "Point", "coordinates": [ 4.890393922993148, 52.37438091976891 ] } },
{ "type": "Feature", "properties": { "type": "Obstacle", "comment": "Not specified", "area_name": "Amsterdam Centrum 1 2026-1", "marker_group": "Operational Obstacle" }, "geometry": { "type": "Point", "coordinates": [ 4.902946661165615, 52.373519593156665 ] } },
{ "type": "Feature", "properties": { "type": "Obstacle", "comment": "Not specified", "area_name": "Amsterdam Centrum 1 2026-1", "marker_group": "Operational Obstacle" }, "geometry": { "type": "Point", "coordinates": [ 4.892494092538823, 52.369248737640156 ] } },
{ "type": "Feature", "properties": { "type": "Under Construction", "comment": "Not specified", "area_name": "Amsterdam Centrum 1 2026-1", "marker_group": "Temporary Disruption" }, "geometry": { "type": "Point", "coordinates": [ 4.8901632530195, 52.374456244103968 ] } },
{ "type": "Feature", "properties": { "type": "Obstacle", "comment": "Not specified", "area_name": "Amsterdam Centrum 1 2026-1", "marker_group": "Operational Obstacle" }, "geometry": { "type": "Point", "coordinates": [ 4.887124310057886, 52.367784630022491 ] } },
{ "type": "Feature", "properties": { "type": "Obstacle", "comment": "Not specified", "area_name": "Amsterdam Centrum 1 2026-1", "marker_group": "Operational Obstacle" }, "geometry": { "type": "Point", "coordinates": [ 4.897434721523225, 52.368262844935302 ] } },
{ "type": "Feature", "properties": { "type": "Under Construction", "comment": "Not specified", "area_name": "Amsterdam Centrum 1 2026-1", "marker_group": "Temporary Disruption" }, "geometry": { "type": "Point", "coordinates": [ 4.895219216901459, 52.369389577630592 ] } },
{ "type": "Feature", "properties": { "type": "Other", "comment": "Not specified", "area_name": "Amsterdam Centrum 1 2026-1", "marker_group": "Unclear / Other" }, "geometry": { "type": "Point", "coordinates": [ 4.901447306336197, 52.373978096063091 ] } },
{ "type": "Feature", "properties": { "type": "Under Construction", "comment": "Not specified", "area_name": "Amsterdam Centrum 1 2026-1", "marker_group": "Temporary Disruption" }, "geometry": { "type": "Point", "coordinates": [ 4.89488662300507, 52.370363981700983 ] } },
{ "type": "Feature", "properties": { "type": "Obstacle", "comment": "Not specified", "area_name": "Amsterdam Centrum 1 2026-1", "marker_group": "Operational Obstacle" }, "geometry": { "type": "Point", "coordinates": [ 4.892612109730795, 52.369035839092739 ] } },
{ "type": "Feature", "properties": { "type": "Under Construction", "comment": "Not specified", "area_name": "Amsterdam Centrum 1 2026-1", "marker_group": "Temporary Disruption" }, "geometry": { "type": "Point", "coordinates": [ 4.894511113589727, 52.363421497898514 ] } },
{ "type": "Feature", "properties": { "type": "Obstacle", "comment": "Not specified", "area_name": "Amsterdam Centrum 1 2026-1", "marker_group": "Operational Obstacle" }, "geometry": { "type": "Point", "coordinates": [ 4.887569556775396, 52.368734504053151 ] } },
{ "type": "Feature", "properties": { "type": "Obstacle", "comment": "Not specified", "area_name": "Amsterdam Centrum 1 2026-1", "marker_group": "Operational Obstacle" }, "geometry": { "type": "Point", "coordinates": [ 4.898671219877683, 52.368190785462112 ] } },
{ "type": "Feature", "properties": { "type": "Obstacle", "comment": "Not specified", "area_name": "Amsterdam Centrum 1 2026-1", "marker_group": "Operational Obstacle" }, "geometry": { "type": "Point", "coordinates": [ 4.897930930189718, 52.368202249481577 ] } },
{ "type": "Feature", "properties": { "type": "Obstacle", "comment": "Not specified", "area_name": "Amsterdam Centrum 1 2026-1", "marker_group": "Operational Obstacle" }, "geometry": { "type": "Point", "coordinates": [ 4.890546808778971, 52.368580560313362 ] } },
{ "type": "Feature", "properties": { "type": "Under Construction", "comment": "Not specified", "area_name": "Amsterdam Centrum 1 2026-1", "marker_group": "Temporary Disruption" }, "geometry": { "type": "Point", "coordinates": [ 4.885289679219218, 52.373571993874087 ] } },
{ "type": "Feature", "properties": { "type": "Obstacle", "comment": "Not specified", "area_name": "Amsterdam Centrum 1 2026-1", "marker_group": "Operational Obstacle" }, "geometry": { "type": "Point", "coordinates": [ 4.891743074040893, 52.370442588177006 ] } },
{ "type": "Feature", "properties": { "type": "Under Construction", "comment": "Not specified", "area_name": "Amsterdam Centrum 1 2026-1", "marker_group": "Temporary Disruption" }, "geometry": { "type": "Point", "coordinates": [ 4.893969307499072, 52.369332259085176 ] } },
{ "type": "Feature", "properties": { "type": "Obstacle", "comment": "Not specified", "area_name": "Amsterdam Centrum 1 2026-1", "marker_group": "Operational Obstacle" }, "geometry": { "type": "Point", "coordinates": [ 4.890452931467158, 52.368749243293117 ] } },
{ "type": "Feature", "properties": { "type": "Under Construction", "comment": "Not specified", "area_name": "Amsterdam Centrum 1 2026-1", "marker_group": "Temporary Disruption" }, "geometry": { "type": "Point", "coordinates": [ 4.889264712973243, 52.373272327233259 ] } },
{ "type": "Feature", "properties": { "type": "Obstacle", "comment": "Not specified", "area_name": "Amsterdam Centrum 1 2026-1", "marker_group": "Operational Obstacle" }, "geometry": { "type": "Point", "coordinates": [ 4.886657605956381, 52.379882533078025 ] } },
{ "type": "Feature", "properties": { "type": "Under Construction", "comment": "Not specified", "area_name": "Amsterdam Centrum 1 2026-1", "marker_group": "Temporary Disruption" }, "geometry": { "type": "Point", "coordinates": [ 4.88471300428607, 52.373804520665516 ] } },
{ "type": "Feature", "properties": { "type": "Under Construction", "comment": "Not specified", "area_name": "Amsterdam Centrum 1 2026-1", "marker_group": "Temporary Disruption" }, "geometry": { "type": "Point", "coordinates": [ 4.8860219222856, 52.373807795671141 ] } },
{ "type": "Feature", "properties": { "type": "Obstacle", "comment": "Not specified", "area_name": "Amsterdam Centrum 1 2026-1", "marker_group": "Operational Obstacle" }, "geometry": { "type": "Point", "coordinates": [ 4.890415380549044, 52.369116085606585 ] } },
{ "type": "Feature", "properties": { "type": "Under Construction", "comment": "Not specified", "area_name": "Amsterdam Centrum 1 2026-1", "marker_group": "Temporary Disruption" }, "geometry": { "type": "Point", "coordinates": [ 4.888983080828194, 52.364283021374376 ] } },
{ "type": "Feature", "properties": { "type": "Obstacle", "comment": "Not specified", "area_name": "Amsterdam Centrum 1 2026-1", "marker_group": "Operational Obstacle" }, "geometry": { "type": "Point", "coordinates": [ 4.891161034647883, 52.368780359494544 ] } },
{ "type": "Feature", "properties": { "type": "Under Construction", "comment": "Not specified", "area_name": "Amsterdam Centrum 1 2026-1", "marker_group": "Temporary Disruption" }, "geometry": { "type": "Point", "coordinates": [ 4.891346106919929, 52.361983404279975 ] } },
{ "type": "Feature", "properties": { "type": "Obstacle", "comment": "Not specified", "area_name": "Amsterdam Centrum 1 2026-1", "marker_group": "Operational Obstacle" }, "geometry": { "type": "Point", "coordinates": [ 4.890104244281506, 52.368130189984413 ] } },
{ "type": "Feature", "properties": { "type": "Obstacle", "comment": "Not specified", "area_name": "Amsterdam Centrum 1 2026-1", "marker_group": "Operational Obstacle" }, "geometry": { "type": "Point", "coordinates": [ 4.889806519048165, 52.366651305292343 ] } },
{ "type": "Feature", "properties": { "type": "Car Limitation", "comment": "Not specified", "area_name": "Amsterdam Centrum 1 2026-1", "marker_group": "Access / Structural Limitation" }, "geometry": { "type": "Point", "coordinates": [ 4.882722805197314, 52.373830720806481 ] } },
{ "type": "Feature", "properties": { "type": "Under Construction", "comment": "Not specified", "area_name": "Amsterdam Centrum 1 2026-1", "marker_group": "Temporary Disruption" }, "geometry": { "type": "Point", "coordinates": [ 4.878584156520052, 52.366284442603025 ] } },
{ "type": "Feature", "properties": { "type": "Obstacle", "comment": "Not specified", "area_name": "Amsterdam Centrum 1 2026-1", "marker_group": "Operational Obstacle" }, "geometry": { "type": "Point", "coordinates": [ 4.891820858070777, 52.369012911502367 ] } },
{ "type": "Feature", "properties": { "type": "Car Limitation", "comment": "Not specified", "area_name": "Amsterdam Centrum 1 2026-1", "marker_group": "Access / Structural Limitation" }, "geometry": { "type": "Point", "coordinates": [ 4.892416308587449, 52.374235183177589 ] } },
{ "type": "Feature", "properties": { "type": "Obstacle", "comment": "Not specified", "area_name": "Amsterdam Centrum 1 2026-1", "marker_group": "Operational Obstacle" }, "geometry": { "type": "Point", "coordinates": [ 4.88755882793955, 52.36874433022966 ] } },
{ "type": "Feature", "properties": { "type": "Obstacle", "comment": "Not specified", "area_name": "Amsterdam Centrum 1 2026-1", "marker_group": "Operational Obstacle" }, "geometry": { "type": "Point", "coordinates": [ 4.894642542173758, 52.378929624076612 ] } },
{ "type": "Feature", "properties": { "type": "Under Construction", "comment": "Not specified", "area_name": "Amsterdam Centrum 1 2026-1", "marker_group": "Temporary Disruption" }, "geometry": { "type": "Point", "coordinates": [ 4.889648268861705, 52.373239576657873 ] } },
{ "type": "Feature", "properties": { "type": "Under Construction", "comment": "Not specified", "area_name": "Amsterdam Centrum 1 2026-1", "marker_group": "Temporary Disruption" }, "geometry": { "type": "Point", "coordinates": [ 4.880842576788146, 52.37883465963035 ] } },
{ "type": "Feature", "properties": { "type": "Obstacle", "comment": "Not specified", "area_name": "Amsterdam Centrum 1 2026-1", "marker_group": "Operational Obstacle" }, "geometry": { "type": "Point", "coordinates": [ 4.890793571854676, 52.361616502739714 ] } },
{ "type": "Feature", "properties": { "type": "Obstacle", "comment": "Not specified", "area_name": "Amsterdam Centrum 1 2026-1", "marker_group": "Operational Obstacle" }, "geometry": { "type": "Point", "coordinates": [ 4.882907877587648, 52.37239460355444 ] } },
{ "type": "Feature", "properties": { "type": "Car Limitation", "comment": "Not specified", "area_name": "Amsterdam Centrum 1 2026-1", "marker_group": "Access / Structural Limitation" }, "geometry": { "type": "Point", "coordinates": [ 4.893202195829975, 52.374282670422417 ] } },
{ "type": "Feature", "properties": { "type": "Obstacle", "comment": "Not specified", "area_name": "Amsterdam Centrum 1 2026-1", "marker_group": "Operational Obstacle" }, "geometry": { "type": "Point", "coordinates": [ 4.890852580731218, 52.374220445757324 ] } },
{ "type": "Feature", "properties": { "type": "Under Construction", "comment": "Not specified", "area_name": "Amsterdam Centrum 1 2026-1", "marker_group": "Temporary Disruption" }, "geometry": { "type": "Point", "coordinates": [ 4.888578067467106, 52.373352566038172 ] } },
{ "type": "Feature", "properties": { "type": "Obstacle", "comment": "Not specified", "area_name": "Amsterdam Centrum 1 2026-1", "marker_group": "Operational Obstacle" }, "geometry": { "type": "Point", "coordinates": [ 4.889763603876297, 52.37445951907533 ] } },
{ "type": "Feature", "properties": { "type": "Under Construction", "comment": "Not specified", "area_name": "Amsterdam Centrum 1 2026-1", "marker_group": "Temporary Disruption" }, "geometry": { "type": "Point", "coordinates": [ 4.88909036938772, 52.373293615093615 ] } },
{ "type": "Feature", "properties": { "type": "Under Construction", "comment": "Not specified", "area_name": "Amsterdam Centrum 1 2026-1", "marker_group": "Temporary Disruption" }, "geometry": { "type": "Point", "coordinates": [ 4.89131928482175, 52.361619778655459 ] } },
{ "type": "Feature", "properties": { "type": "Obstacle", "comment": "Not specified", "area_name": "Amsterdam Centrum 1 2026-1", "marker_group": "Operational Obstacle" }, "geometry": { "type": "Point", "coordinates": [ 4.886818538495018, 52.379779384132895 ] } },
{ "type": "Feature", "properties": { "type": "Under Construction", "comment": "Not specified", "area_name": "Amsterdam Centrum 1 2026-1", "marker_group": "Temporary Disruption" }, "geometry": { "type": "Point", "coordinates": [ 4.890061329362747, 52.387398659102352 ] } },
{ "type": "Feature", "properties": { "type": "Obstacle", "comment": "Not specified", "area_name": "Amsterdam Centrum 1 2026-1", "marker_group": "Operational Obstacle" }, "geometry": { "type": "Point", "coordinates": [ 4.885289679479689, 52.385363816024444 ] } },
{ "type": "Feature", "properties": { "type": "Obstacle", "comment": "Not specified", "area_name": "Amsterdam Centrum 1 2026-1", "marker_group": "Operational Obstacle" }, "geometry": { "type": "Point", "coordinates": [ 4.886695157007579, 52.385540620261835 ] } },
{ "type": "Feature", "properties": { "type": "Obstacle", "comment": "Not specified", "area_name": "Amsterdam Centrum 1 2026-1", "marker_group": "Operational Obstacle" }, "geometry": { "type": "Point", "coordinates": [ 4.88763393016219, 52.385507878779933 ] } },
{ "type": "Feature", "properties": { "type": "Operator Reminder", "comment": "Not specified", "area_name": "Amsterdam Centrum 1 2026-1", "marker_group": "Unclear / Other" }, "geometry": { "type": "Point", "coordinates": [ 4.887526641803173, 52.385579909991961 ] } },
{ "type": "Feature", "properties": { "type": "Under Construction", "comment": "Not specified", "area_name": "Amsterdam Centrum 1 2026-1", "marker_group": "Temporary Disruption" }, "geometry": { "type": "Point", "coordinates": [ 4.890047918333797, 52.388128756937917 ] } },
{ "type": "Feature", "properties": { "type": "Obstacle", "comment": "Not specified", "area_name": "Amsterdam Centrum 1 2026-1", "marker_group": "Operational Obstacle" }, "geometry": { "type": "Point", "coordinates": [ 4.890519986536455, 52.361677107225042 ] } },
{ "type": "Feature", "properties": { "type": "Obstacle", "comment": "Not specified", "area_name": "Amsterdam Centrum 1 2026-1", "marker_group": "Operational Obstacle" }, "geometry": { "type": "Point", "coordinates": [ 4.904108057408057, 52.361678745070762 ] } },
{ "type": "Feature", "properties": { "type": "Under Construction", "comment": "Not specified", "area_name": "Amsterdam Centrum 1 2026-1", "marker_group": "Temporary Disruption" }, "geometry": { "type": "Point", "coordinates": [ 4.906817088730368, 52.37151194940337 ] } },
{ "type": "Feature", "properties": { "type": "Obstacle", "comment": "Not specified", "area_name": "Amsterdam Centrum 1 2026-1", "marker_group": "Operational Obstacle" }, "geometry": { "type": "Point", "coordinates": [ 4.897327433129657, 52.366769224763196 ] } },
{ "type": "Feature", "properties": { "type": "Under Construction", "comment": "Not specified", "area_name": "Amsterdam Centrum 1 2026-1", "marker_group": "Temporary Disruption" }, "geometry": { "type": "Point", "coordinates": [ 4.902525554189704, 52.366243497709497 ] } },
{ "type": "Feature", "properties": { "type": "Under Construction", "comment": "Not specified", "area_name": "Amsterdam Centrum 1 2026-1", "marker_group": "Temporary Disruption" }, "geometry": { "type": "Point", "coordinates": [ 4.901640425218951, 52.366438394129688 ] } },
{ "type": "Feature", "properties": { "type": "Obstacle", "comment": "Not specified", "area_name": "Amsterdam Centrum 1 2026-1", "marker_group": "Operational Obstacle" }, "geometry": { "type": "Point", "coordinates": [ 4.903606484559925, 52.372456830640537 ] } },
{ "type": "Feature", "properties": { "type": "Under Construction", "comment": "Not specified", "area_name": "Amsterdam Centrum 1 2026-1", "marker_group": "Temporary Disruption" }, "geometry": { "type": "Point", "coordinates": [ 4.886995564151705, 52.373516318250537 ] } },
{ "type": "Feature", "properties": { "type": "Obstacle", "comment": "Not specified", "area_name": "Amsterdam Centrum 1 2026-1", "marker_group": "Operational Obstacle" }, "geometry": { "type": "Point", "coordinates": [ 4.908716092729509, 52.372252135344162 ] } },
{ "type": "Feature", "properties": { "type": "Under Construction", "comment": "Not specified", "area_name": "Amsterdam Centrum 1 2026-1", "marker_group": "Temporary Disruption" }, "geometry": { "type": "Point", "coordinates": [ 4.887408624339011, 52.37346883017188 ] } },
{ "type": "Feature", "properties": { "type": "Under Construction", "comment": "Not specified", "area_name": "Amsterdam Centrum 1 2026-1", "marker_group": "Temporary Disruption" }, "geometry": { "type": "Point", "coordinates": [ 4.883347759901744, 52.374005933734921 ] } },
{ "type": "Feature", "properties": { "type": "Obstacle", "comment": "Not specified", "area_name": "Amsterdam Centrum 1 2026-1", "marker_group": "Operational Obstacle" }, "geometry": { "type": "Point", "coordinates": [ 4.879919896763326, 52.37324121426736 ] } },
{ "type": "Feature", "properties": { "type": "Under Construction", "comment": "Not specified", "area_name": "Amsterdam Centrum 1 2026-1", "marker_group": "Temporary Disruption" }, "geometry": { "type": "Point", "coordinates": [ 4.882797907051404, 52.373906046077479 ] } },
{ "type": "Feature", "properties": { "type": "Under Construction", "comment": "Not specified", "area_name": "Amsterdam Centrum 1 2026-1", "marker_group": "Temporary Disruption" }, "geometry": { "type": "Point", "coordinates": [ 4.876599321980413, 52.372245585345475 ] } },
{ "type": "Feature", "properties": { "type": "Obstacle", "comment": "Not specified", "area_name": "Amsterdam Centrum 1 2026-1", "marker_group": "Operational Obstacle" }, "geometry": { "type": "Point", "coordinates": [ 4.894272397132584, 52.370002062704451 ] } },
{ "type": "Feature", "properties": { "type": "Under Construction", "comment": "Not specified", "area_name": "Amsterdam Centrum 1 2026-1", "marker_group": "Temporary Disruption" }, "geometry": { "type": "Point", "coordinates": [ 4.87766147676139, 52.372740127521475 ] } },
{ "type": "Feature", "properties": { "type": "Under Construction", "comment": "Not specified", "area_name": "Amsterdam Centrum 1 2026-1", "marker_group": "Temporary Disruption" }, "geometry": { "type": "Point", "coordinates": [ 4.875939498563016, 52.372261961008597 ] } },
{ "type": "Feature", "properties": { "type": "Under Construction", "comment": "Not specified", "area_name": "Amsterdam Centrum 1 2026-1", "marker_group": "Temporary Disruption" }, "geometry": { "type": "Point", "coordinates": [ 4.904754469987144, 52.371037044818678 ] } },
{ "type": "Feature", "properties": { "type": "Obstacle", "comment": "Not specified", "area_name": "Amsterdam Centrum 1 2026-1", "marker_group": "Operational Obstacle" }, "geometry": { "type": "Point", "coordinates": [ 4.900310049693811, 52.373075823344543 ] } },
{ "type": "Feature", "properties": { "type": "Obstacle", "comment": "Not specified", "area_name": "Amsterdam Centrum 1 2026-1", "marker_group": "Operational Obstacle" }, "geometry": { "type": "Point", "coordinates": [ 4.900025735609701, 52.376316386794208 ] } },
{ "type": "Feature", "properties": { "type": "Obstacle", "comment": "Not specified", "area_name": "Amsterdam Centrum 1 2026-1", "marker_group": "Operational Obstacle" }, "geometry": { "type": "Point", "coordinates": [ 4.895964871195145, 52.377881727956598 ] } },
{ "type": "Feature", "properties": { "type": "Under Construction", "comment": "Not specified", "area_name": "Amsterdam Centrum 1 2026-1", "marker_group": "Temporary Disruption" }, "geometry": { "type": "Point", "coordinates": [ 4.892247329194397, 52.364037341473129 ] } },
{ "type": "Feature", "properties": { "type": "Under Construction", "comment": "Not specified", "area_name": "Amsterdam Centrum 1 2026-1", "marker_group": "Temporary Disruption" }, "geometry": { "type": "Point", "coordinates": [ 4.892467270323894, 52.363595114254863 ] } },
{ "type": "Feature", "properties": { "type": "Obstacle", "comment": "Not specified", "area_name": "Amsterdam Centrum 1 2026-1", "marker_group": "Operational Obstacle" }, "geometry": { "type": "Point", "coordinates": [ 4.900460253426705, 52.374346532447497 ] } },
{ "type": "Feature", "properties": { "type": "Under Construction", "comment": "Not specified", "area_name": "Amsterdam Centrum 1 2026-1", "marker_group": "Temporary Disruption" }, "geometry": { "type": "Point", "coordinates": [ 4.901500950437157, 52.370381995636926 ] } },
{ "type": "Feature", "properties": { "type": "Under Construction", "comment": "Not specified", "area_name": "Amsterdam Centrum 1 2026-1", "marker_group": "Temporary Disruption" }, "geometry": { "type": "Point", "coordinates": [ 4.901264916050386, 52.370680044233254 ] } },
{ "type": "Feature", "properties": { "type": "Obstacle", "comment": "Not specified", "area_name": "Amsterdam Centrum 1 2026-1", "marker_group": "Operational Obstacle" }, "geometry": { "type": "Point", "coordinates": [ 4.900578270627679, 52.374541393109517 ] } },
{ "type": "Feature", "properties": { "type": "Obstacle", "comment": "Not specified", "area_name": "Amsterdam Centrum 1 2026-1", "marker_group": "Operational Obstacle" }, "geometry": { "type": "Point", "coordinates": [ 4.896581779055715, 52.368233366085349 ] } },
{ "type": "Feature", "properties": { "type": "Obstacle", "comment": "Not specified", "area_name": "Amsterdam Centrum 1 2026-1", "marker_group": "Operational Obstacle" }, "geometry": { "type": "Point", "coordinates": [ 4.902109811910615, 52.371605292160012 ] } },
{ "type": "Feature", "properties": { "type": "Obstacle", "comment": "Not specified", "area_name": "Amsterdam Centrum 1 2026-1", "marker_group": "Operational Obstacle" }, "geometry": { "type": "Point", "coordinates": [ 4.901302466995681, 52.371544701302149 ] } },
{ "type": "Feature", "properties": { "type": "Under Construction", "comment": "Not specified", "area_name": "Amsterdam Centrum 1 2026-1", "marker_group": "Temporary Disruption" }, "geometry": { "type": "Point", "coordinates": [ 4.900041828770856, 52.372104754245314 ] } },
{ "type": "Feature", "properties": { "type": "Under Construction", "comment": "Not specified", "area_name": "Amsterdam Centrum 1 2026-1", "marker_group": "Temporary Disruption" }, "geometry": { "type": "Point", "coordinates": [ 4.898993085020406, 52.370950251404373 ] } },
{ "type": "Feature", "properties": { "type": "Under Construction", "comment": "Not specified", "area_name": "Amsterdam Centrum 1 2026-1", "marker_group": "Temporary Disruption" }, "geometry": { "type": "Point", "coordinates": [ 4.884726415335342, 52.373994471216434 ] } },
{ "type": "Feature", "properties": { "type": "Under Construction", "comment": "Not specified", "area_name": "Amsterdam Nieuw-West 1 2026-1", "marker_group": "Temporary Disruption" }, "geometry": { "type": "Point", "coordinates": [ 4.824803183047223, 52.343392077775157 ] } },
{ "type": "Feature", "properties": { "type": "Obstacle", "comment": "Not specified", "area_name": "Amsterdam Nieuw-West 1 2026-1", "marker_group": "Operational Obstacle" }, "geometry": { "type": "Point", "coordinates": [ 4.825320849364533, 52.342367918638395 ] } },
{ "type": "Feature", "properties": { "type": "Under Construction", "comment": "Not specified", "area_name": "Amsterdam Nieuw-West 1 2026-1", "marker_group": "Temporary Disruption" }, "geometry": { "type": "Point", "coordinates": [ 4.824918518033328, 52.343321616385829 ] } },
{ "type": "Feature", "properties": { "type": "Under Construction", "comment": "Not specified", "area_name": "Amsterdam Nieuw-West 1 2026-1", "marker_group": "Temporary Disruption" }, "geometry": { "type": "Point", "coordinates": [ 4.824921200245644, 52.343470732214655 ] } },
{ "type": "Feature", "properties": { "type": "Obstacle", "comment": "Not specified", "area_name": "Amsterdam Nieuw-West 1 2026-1", "marker_group": "Operational Obstacle" }, "geometry": { "type": "Point", "coordinates": [ 4.806585619395759, 52.342538340518637 ] } },
{ "type": "Feature", "properties": { "type": "Under Construction", "comment": "Not specified", "area_name": "Amsterdam Nieuw-West 1 2026-1", "marker_group": "Temporary Disruption" }, "geometry": { "type": "Point", "coordinates": [ 4.780806908927662, 52.359616509074158 ] } },
{ "type": "Feature", "properties": { "type": "Under Construction", "comment": "Not specified", "area_name": "Amsterdam Nieuw-West 1 2026-1", "marker_group": "Temporary Disruption" }, "geometry": { "type": "Point", "coordinates": [ 4.781504283283758, 52.360161971112291 ] } },
{ "type": "Feature", "properties": { "type": "Obstacle", "comment": "Not specified", "area_name": "Amsterdam Nieuw-West 1 2026-1", "marker_group": "Operational Obstacle" }, "geometry": { "type": "Point", "coordinates": [ 4.790615747811473, 52.382806624324274 ] } },
{ "type": "Feature", "properties": { "type": "Under Construction", "comment": "Not specified", "area_name": "Amsterdam Nieuw-West 1 2026-1", "marker_group": "Temporary Disruption" }, "geometry": { "type": "Point", "coordinates": [ 4.818210314018468, 52.376394983327344 ] } },
{ "type": "Feature", "properties": { "type": "Obstacle", "comment": "Not specified", "area_name": "Amsterdam Nieuw-West 1 2026-1", "marker_group": "Operational Obstacle" }, "geometry": { "type": "Point", "coordinates": [ 4.797779928103118, 52.383340339920409 ] } },
{ "type": "Feature", "properties": { "type": "Under Construction", "comment": "Not specified", "area_name": "Amsterdam Nieuw-West 1 2026-1", "marker_group": "Temporary Disruption" }, "geometry": { "type": "Point", "coordinates": [ 4.806320081546694, 52.380588197038001 ] } },
{ "type": "Feature", "properties": { "type": "Obstacle", "comment": "Not specified", "area_name": "Amsterdam Nieuw-West 1 2026-1", "marker_group": "Operational Obstacle" }, "geometry": { "type": "Point", "coordinates": [ 4.790567468039529, 52.382371133764401 ] } },
{ "type": "Feature", "properties": { "type": "Obstacle", "comment": "Not specified", "area_name": "Amsterdam Nieuw-West 1 2026-1", "marker_group": "Operational Obstacle" }, "geometry": { "type": "Point", "coordinates": [ 4.790377031198208, 52.382315469249448 ] } },
{ "type": "Feature", "properties": { "type": "Unknown", "comment": "Not specified", "area_name": "Amsterdam Nieuw-West 1 2026-1", "marker_group": "Unclear / Other" }, "geometry": { "type": "Point", "coordinates": [ 4.835939715146724, 52.355488469462259 ] } },
{ "type": "Feature", "properties": { "type": "Obstacle", "comment": "Not specified", "area_name": "Amsterdam Nieuw-West 1 2026-1", "marker_group": "Operational Obstacle" }, "geometry": { "type": "Point", "coordinates": [ 4.79299218499272, 52.382523392210516 ] } },
{ "type": "Feature", "properties": { "type": "Under Construction", "comment": "Not specified", "area_name": "Amsterdam Nieuw-West 1 2026-1", "marker_group": "Temporary Disruption" }, "geometry": { "type": "Point", "coordinates": [ 4.818111072283267, 52.376321299716587 ] } },
{ "type": "Feature", "properties": { "type": "Obstacle", "comment": "Not specified", "area_name": "Amsterdam Nieuw-West 1 2026-1", "marker_group": "Operational Obstacle" }, "geometry": { "type": "Point", "coordinates": [ 4.790296564936546, 52.38271166810474 ] } },
{ "type": "Feature", "properties": { "type": "Obstacle", "comment": "Not specified", "area_name": "Amsterdam Nieuw-West 1 2026-1", "marker_group": "Operational Obstacle" }, "geometry": { "type": "Point", "coordinates": [ 4.820659170960255, 52.381395357116183 ] } },
{ "type": "Feature", "properties": { "type": "Unknown", "comment": "Not specified", "area_name": "Amsterdam Nieuw-West 1 2026-1", "marker_group": "Unclear / Other" }, "geometry": { "type": "Point", "coordinates": [ 4.835760007136388, 52.355203423956659 ] } },
{ "type": "Feature", "properties": { "type": "Obstacle", "comment": "Not specified", "area_name": "Amsterdam Nieuw-West 1 2026-1", "marker_group": "Operational Obstacle" }, "geometry": { "type": "Point", "coordinates": [ 4.790275107260571, 52.382538126895447 ] } },
{ "type": "Feature", "properties": { "type": "Under Construction", "comment": "Not specified", "area_name": "Amsterdam Nieuw-West 1 2026-1", "marker_group": "Temporary Disruption" }, "geometry": { "type": "Point", "coordinates": [ 4.804077754807559, 52.380481775240007 ] } },
{ "type": "Feature", "properties": { "type": "Obstacle", "comment": "Not specified", "area_name": "Amsterdam Nieuw-West 1 2026-1", "marker_group": "Operational Obstacle" }, "geometry": { "type": "Point", "coordinates": [ 4.791181693908463, 52.382570870564585 ] } },
{ "type": "Feature", "properties": { "type": "Under Construction", "comment": "Not specified", "area_name": "Amsterdam Nieuw-West 1 2026-1", "marker_group": "Temporary Disruption" }, "geometry": { "type": "Point", "coordinates": [ 4.823695431590798, 52.382534852249428 ] } },
{ "type": "Feature", "properties": { "type": "Under Construction", "comment": "Not specified", "area_name": "Amsterdam Nieuw-West 1 2026-1", "marker_group": "Temporary Disruption" }, "geometry": { "type": "Point", "coordinates": [ 4.816171835207029, 52.37820756147682 ] } },
{ "type": "Feature", "properties": { "type": "Obstacle", "comment": "Not specified", "area_name": "Amsterdam Nieuw-West 1 2026-1", "marker_group": "Operational Obstacle" }, "geometry": { "type": "Point", "coordinates": [ 4.802554260097994, 52.380982774181426 ] } },
{ "type": "Feature", "properties": { "type": "Under Construction", "comment": "Not specified", "area_name": "Amsterdam Nieuw-West 1 2026-1", "marker_group": "Temporary Disruption" }, "geometry": { "type": "Point", "coordinates": [ 4.809568236559802, 52.375880832967617 ] } },
{ "type": "Feature", "properties": { "type": "Under Construction", "comment": "Not specified", "area_name": "Amsterdam Nieuw-West 1 2026-1", "marker_group": "Temporary Disruption" }, "geometry": { "type": "Point", "coordinates": [ 4.822531352873745, 52.382335115290864 ] } },
{ "type": "Feature", "properties": { "type": "Under Construction", "comment": "Not specified", "area_name": "Amsterdam Nieuw-West 1 2026-1", "marker_group": "Temporary Disruption" }, "geometry": { "type": "Point", "coordinates": [ 4.816973815700019, 52.378091309820974 ] } },
{ "type": "Feature", "properties": { "type": "Obstacle", "comment": "Not specified", "area_name": "Amsterdam Nieuw-West 1 2026-1", "marker_group": "Operational Obstacle" }, "geometry": { "type": "Point", "coordinates": [ 4.820600162360758, 52.381342965827507 ] } },
{ "type": "Feature", "properties": { "type": "Obstacle", "comment": "Not specified", "area_name": "Amsterdam Nieuw-West 1 2026-1", "marker_group": "Operational Obstacle" }, "geometry": { "type": "Point", "coordinates": [ 4.820407043297721, 52.380714265510534 ] } },
{ "type": "Feature", "properties": { "type": "Obstacle", "comment": "Not specified", "area_name": "Amsterdam Nieuw-West 1 2026-1", "marker_group": "Operational Obstacle" }, "geometry": { "type": "Point", "coordinates": [ 4.80253816685829, 52.381631117298163 ] } },
{ "type": "Feature", "properties": { "type": "Obstacle", "comment": "Not specified", "area_name": "Amsterdam Nieuw-West 1 2026-1", "marker_group": "Operational Obstacle" }, "geometry": { "type": "Point", "coordinates": [ 4.80274737914386, 52.380837059391347 ] } },
{ "type": "Feature", "properties": { "type": "Under Construction", "comment": "Not specified", "area_name": "Amsterdam Nieuw-West 1 2026-1", "marker_group": "Temporary Disruption" }, "geometry": { "type": "Point", "coordinates": [ 4.816643903994699, 52.378251769766244 ] } },
{ "type": "Feature", "properties": { "type": "Obstacle", "comment": "Not specified", "area_name": "Amsterdam Nieuw-West 1 2026-1", "marker_group": "Operational Obstacle" }, "geometry": { "type": "Point", "coordinates": [ 4.792139242537422, 52.383044013973482 ] } },
{ "type": "Feature", "properties": { "type": "Obstacle", "comment": "Not specified", "area_name": "Amsterdam Nieuw-West 1 2026-1", "marker_group": "Operational Obstacle" }, "geometry": { "type": "Point", "coordinates": [ 4.813851724490312, 52.381883248067552 ] } },
{ "type": "Feature", "properties": { "type": "Obstacle", "comment": "Not specified", "area_name": "Amsterdam Nieuw-West 1 2026-1", "marker_group": "Operational Obstacle" }, "geometry": { "type": "Point", "coordinates": [ 4.820546518176171, 52.381149772412051 ] } },
{ "type": "Feature", "properties": { "type": "Under Construction", "comment": "Not specified", "area_name": "Amsterdam Nieuw-West 1 2026-1", "marker_group": "Temporary Disruption" }, "geometry": { "type": "Point", "coordinates": [ 4.821447739433977, 52.337292655309362 ] } },
{ "type": "Feature", "properties": { "type": "Under Construction", "comment": "Not specified", "area_name": "Amsterdam Nieuw-West 1 2026-1", "marker_group": "Temporary Disruption" }, "geometry": { "type": "Point", "coordinates": [ 4.827847490236183, 52.341425671263472 ] } },
{ "type": "Feature", "properties": { "type": "Under Construction", "comment": "Not specified", "area_name": "Amsterdam Nieuw-West 1 2026-1", "marker_group": "Temporary Disruption" }, "geometry": { "type": "Point", "coordinates": [ 4.828284690305657, 52.341424032551288 ] } },
{ "type": "Feature", "properties": { "type": "Obstacle", "comment": "Not specified", "area_name": "Amsterdam Nieuw-West 1 2026-1", "marker_group": "Operational Obstacle" }, "geometry": { "type": "Point", "coordinates": [ 4.832179257970921, 52.349330094460647 ] } },
{ "type": "Feature", "properties": { "type": "Under Construction", "comment": "Not specified", "area_name": "Amsterdam Nieuw-West 1 2026-1", "marker_group": "Temporary Disruption" }, "geometry": { "type": "Point", "coordinates": [ 4.83237505925464, 52.350486800705198 ] } },
{ "type": "Feature", "properties": { "type": "Under Construction", "comment": "Not specified", "area_name": "Amsterdam Nieuw-West 1 2026-1", "marker_group": "Temporary Disruption" }, "geometry": { "type": "Point", "coordinates": [ 4.82785821916289, 52.345522252756851 ] } },
{ "type": "Feature", "properties": { "type": "Under Construction", "comment": "Not specified", "area_name": "Amsterdam Nieuw-West 1 2026-1", "marker_group": "Temporary Disruption" }, "geometry": { "type": "Point", "coordinates": [ 4.828083524602709, 52.340213010335241 ] } },
{ "type": "Feature", "properties": { "type": "Obstacle", "comment": "Not specified", "area_name": "Amsterdam Nieuw-West 1 2026-1", "marker_group": "Operational Obstacle" }, "geometry": { "type": "Point", "coordinates": [ 4.808516810200176, 52.356681053942815 ] } },
{ "type": "Feature", "properties": { "type": "Under Construction", "comment": "Not specified", "area_name": "Amsterdam Nieuw-West 1 2026-1", "marker_group": "Temporary Disruption" }, "geometry": { "type": "Point", "coordinates": [ 4.827847490232557, 52.341261800108697 ] } },
{ "type": "Feature", "properties": { "type": "Under Construction", "comment": "Not specified", "area_name": "Amsterdam Nieuw-West 1 2026-1", "marker_group": "Temporary Disruption" }, "geometry": { "type": "Point", "coordinates": [ 4.827957460833879, 52.342694013458505 ] } },
{ "type": "Feature", "properties": { "type": "Under Construction", "comment": "Not specified", "area_name": "Amsterdam Nieuw-West 1 2026-1", "marker_group": "Temporary Disruption" }, "geometry": { "type": "Point", "coordinates": [ 4.827681193367728, 52.345515698531074 ] } },
{ "type": "Feature", "properties": { "type": "Under Construction", "comment": "Not specified", "area_name": "Amsterdam Nieuw-West 1 2026-1", "marker_group": "Temporary Disruption" }, "geometry": { "type": "Point", "coordinates": [ 4.837068924867424, 52.343067626627686 ] } },
{ "type": "Feature", "properties": { "type": "Under Construction", "comment": "Not specified", "area_name": "Amsterdam Nieuw-West 1 2026-1", "marker_group": "Temporary Disruption" }, "geometry": { "type": "Point", "coordinates": [ 4.827809939335094, 52.34256128167862 ] } },
{ "type": "Feature", "properties": { "type": "Under Construction", "comment": "Not specified", "area_name": "Amsterdam Nieuw-West 1 2026-1", "marker_group": "Temporary Disruption" }, "geometry": { "type": "Point", "coordinates": [ 4.821549663381421, 52.337512262228167 ] } },
{ "type": "Feature", "properties": { "type": "Obstacle", "comment": "Not specified", "area_name": "Amsterdam Nieuw-West 1 2026-1", "marker_group": "Operational Obstacle" }, "geometry": { "type": "Point", "coordinates": [ 4.802377233712864, 52.354372850117556 ] } },
{ "type": "Feature", "properties": { "type": "Under Construction", "comment": "Not specified", "area_name": "Amsterdam Nieuw-West 1 2026-1", "marker_group": "Temporary Disruption" }, "geometry": { "type": "Point", "coordinates": [ 4.83705551383195, 52.343501866124832 ] } },
{ "type": "Feature", "properties": { "type": "Under Construction", "comment": "Not specified", "area_name": "Amsterdam Nieuw-West 1 2026-1", "marker_group": "Temporary Disruption" }, "geometry": { "type": "Point", "coordinates": [ 4.83234287276226, 52.351201125421994 ] } },
{ "type": "Feature", "properties": { "type": "Under Construction", "comment": "Not specified", "area_name": "Amsterdam Nieuw-West 1 2026-1", "marker_group": "Temporary Disruption" }, "geometry": { "type": "Point", "coordinates": [ 4.827801892710985, 52.342694013459827 ] } },
{ "type": "Feature", "properties": { "type": "Obstacle", "comment": "Not specified", "area_name": "Amsterdam Nieuw-West 1 2026-1", "marker_group": "Operational Obstacle" }, "geometry": { "type": "Point", "coordinates": [ 4.801631580143593, 52.378587424007314 ] } },
{ "type": "Feature", "properties": { "type": "Obstacle", "comment": "Not specified", "area_name": "Amsterdam Nieuw-West 1 2026-1", "marker_group": "Operational Obstacle" }, "geometry": { "type": "Point", "coordinates": [ 4.799673567579982, 52.379378247781979 ] } },
{ "type": "Feature", "properties": { "type": "Obstacle", "comment": "Not specified", "area_name": "Amsterdam Nieuw-West 1 2026-1", "marker_group": "Operational Obstacle" }, "geometry": { "type": "Point", "coordinates": [ 4.839102040291306, 52.387809545665412 ] } },
{ "type": "Feature", "properties": { "type": "Obstacle", "comment": "Not specified", "area_name": "Amsterdam Nieuw-West 1 2026-1", "marker_group": "Operational Obstacle" }, "geometry": { "type": "Point", "coordinates": [ 4.839158366663548, 52.387038517130044 ] } },
{ "type": "Feature", "properties": { "type": "Obstacle", "comment": "Not specified", "area_name": "Amsterdam Nieuw-West 1 2026-1", "marker_group": "Operational Obstacle" }, "geometry": { "type": "Point", "coordinates": [ 4.839107404704913, 52.387609832560187 ] } },
{ "type": "Feature", "properties": { "type": "Under Construction", "comment": "Not specified", "area_name": "Amsterdam Nieuw-West 1 2026-1", "marker_group": "Temporary Disruption" }, "geometry": { "type": "Point", "coordinates": [ 4.809747944126064, 52.35613227259347 ] } },
{ "type": "Feature", "properties": { "type": "Obstacle", "comment": "Not specified", "area_name": "Amsterdam Nieuw-West 1 2026-1", "marker_group": "Operational Obstacle" }, "geometry": { "type": "Point", "coordinates": [ 4.839155684417041, 52.385345808525891 ] } },
{ "type": "Feature", "properties": { "type": "Obstacle", "comment": "Not specified", "area_name": "Amsterdam Nieuw-West 1 2026-1", "marker_group": "Operational Obstacle" }, "geometry": { "type": "Point", "coordinates": [ 4.839407812102147, 52.387046702215009 ] } },
{ "type": "Feature", "properties": { "type": "Obstacle", "comment": "Not specified", "area_name": "Amsterdam Nieuw-West 1 2026-1", "marker_group": "Operational Obstacle" }, "geometry": { "type": "Point", "coordinates": [ 4.838790904046117, 52.387835737483584 ] } },
{ "type": "Feature", "properties": { "type": "Obstacle", "comment": "Not specified", "area_name": "Amsterdam Nieuw-West 1 2026-1", "marker_group": "Operational Obstacle" }, "geometry": { "type": "Point", "coordinates": [ 4.838683615688772, 52.387983066157872 ] } },
{ "type": "Feature", "properties": { "type": "Obstacle", "comment": "Not specified", "area_name": "Amsterdam Nieuw-West 1 2026-1", "marker_group": "Operational Obstacle" }, "geometry": { "type": "Point", "coordinates": [ 4.838753353125268, 52.388078011041806 ] } },
{ "type": "Feature", "properties": { "type": "Obstacle", "comment": "Not specified", "area_name": "Amsterdam Nieuw-West 1 2026-1", "marker_group": "Operational Obstacle" }, "geometry": { "type": "Point", "coordinates": [ 4.839048396092545, 52.38697631042006 ] } },
{ "type": "Feature", "properties": { "type": "Under Construction", "comment": "Not specified", "area_name": "Amsterdam Nieuw-West 1 2026-1", "marker_group": "Temporary Disruption" }, "geometry": { "type": "Point", "coordinates": [ 4.81002152943416, 52.355614609918035 ] } },
{ "type": "Feature", "properties": { "type": "Obstacle", "comment": "Not specified", "area_name": "Amsterdam Nieuw-West 1 2026-1", "marker_group": "Operational Obstacle" }, "geometry": { "type": "Point", "coordinates": [ 4.838839183792436, 52.387115456890761 ] } },
{ "type": "Feature", "properties": { "type": "Obstacle", "comment": "Not specified", "area_name": "Amsterdam Nieuw-West 1 2026-1", "marker_group": "Operational Obstacle" }, "geometry": { "type": "Point", "coordinates": [ 4.838863323641811, 52.385681408719464 ] } },
{ "type": "Feature", "properties": { "type": "Obstacle", "comment": "Not specified", "area_name": "Amsterdam Nieuw-West 1 2026-1", "marker_group": "Operational Obstacle" }, "geometry": { "type": "Point", "coordinates": [ 4.83888478134693, 52.387171115355144 ] } },
{ "type": "Feature", "properties": { "type": "Obstacle", "comment": "Not specified", "area_name": "Amsterdam Nieuw-West 1 2026-1", "marker_group": "Operational Obstacle" }, "geometry": { "type": "Point", "coordinates": [ 4.839075218206083, 52.388032175603151 ] } },
{ "type": "Feature", "properties": { "type": "Obstacle", "comment": "Not specified", "area_name": "Amsterdam Nieuw-West 1 2026-1", "marker_group": "Operational Obstacle" }, "geometry": { "type": "Point", "coordinates": [ 4.801183651211446, 52.37738888150384 ] } },
{ "type": "Feature", "properties": { "type": "Under Construction", "comment": "Not specified", "area_name": "Amsterdam Nieuw-West 1 2026-1", "marker_group": "Temporary Disruption" }, "geometry": { "type": "Point", "coordinates": [ 4.786377856863742, 52.351106101621134 ] } },
{ "type": "Feature", "properties": { "type": "Obstacle", "comment": "Not specified", "area_name": "Amsterdam Nieuw-West 1 2026-1", "marker_group": "Operational Obstacle" }, "geometry": { "type": "Point", "coordinates": [ 4.776096949778989, 52.354313874065298 ] } },
{ "type": "Feature", "properties": { "type": "Obstacle", "comment": "Not specified", "area_name": "Amsterdam Nieuw-West 1 2026-1", "marker_group": "Operational Obstacle" }, "geometry": { "type": "Point", "coordinates": [ 4.778805980864299, 52.353403008317734 ] } },
{ "type": "Feature", "properties": { "type": "Under Construction", "comment": "Not specified", "area_name": "Amsterdam Nieuw-West 1 2026-1", "marker_group": "Temporary Disruption" }, "geometry": { "type": "Point", "coordinates": [ 4.785457859180261, 52.351502580484073 ] } },
{ "type": "Feature", "properties": { "type": "Obstacle", "comment": "Not specified", "area_name": "Amsterdam Nieuw-West 1 2026-1", "marker_group": "Operational Obstacle" }, "geometry": { "type": "Point", "coordinates": [ 4.786906252086141, 52.353196586430322 ] } },
{ "type": "Feature", "properties": { "type": "Obstacle", "comment": "Not specified", "area_name": "Amsterdam Nieuw-West 1 2026-1", "marker_group": "Operational Obstacle" }, "geometry": { "type": "Point", "coordinates": [ 4.787144968696977, 52.353578302211858 ] } },
{ "type": "Feature", "properties": { "type": "Under Construction", "comment": "Not specified", "area_name": "Amsterdam Nieuw-West 1 2026-1", "marker_group": "Temporary Disruption" }, "geometry": { "type": "Point", "coordinates": [ 4.784315238136514, 52.351358406775844 ] } },
{ "type": "Feature", "properties": { "type": "Obstacle", "comment": "Not specified", "area_name": "Amsterdam Nieuw-West 1 2026-1", "marker_group": "Operational Obstacle" }, "geometry": { "type": "Point", "coordinates": [ 4.775989661421792, 52.354467867495494 ] } },
{ "type": "Feature", "properties": { "type": "Obstacle", "comment": "Not specified", "area_name": "Amsterdam Nieuw-West 1 2026-1", "marker_group": "Operational Obstacle" }, "geometry": { "type": "Point", "coordinates": [ 4.778183708375566, 52.353530792776077 ] } },
{ "type": "Feature", "properties": { "type": "Under Construction", "comment": "Not specified", "area_name": "Amsterdam Nieuw-West 1 2026-1", "marker_group": "Temporary Disruption" }, "geometry": { "type": "Point", "coordinates": [ 4.785785088682829, 52.351623817107317 ] } },
{ "type": "Feature", "properties": { "type": "Under Construction", "comment": "Not specified", "area_name": "Amsterdam Nieuw-West 1 2026-1", "marker_group": "Temporary Disruption" }, "geometry": { "type": "Point", "coordinates": [ 4.778859625026644, 52.352593698201055 ] } },
{ "type": "Feature", "properties": { "type": "Obstacle", "comment": "Not specified", "area_name": "Amsterdam Nieuw-West 1 2026-1", "marker_group": "Operational Obstacle" }, "geometry": { "type": "Point", "coordinates": [ 4.781893203411329, 52.3520661641709 ] } },
{ "type": "Feature", "properties": { "type": "Under Construction", "comment": "Not specified", "area_name": "Amsterdam Nieuw-West 1 2026-1", "marker_group": "Temporary Disruption" }, "geometry": { "type": "Point", "coordinates": [ 4.782633493074347, 52.350929159527716 ] } },
{ "type": "Feature", "properties": { "type": "Under Construction", "comment": "Not specified", "area_name": "Amsterdam Nieuw-West 1 2026-1", "marker_group": "Temporary Disruption" }, "geometry": { "type": "Point", "coordinates": [ 4.779578457106609, 52.355470449865706 ] } },
{ "type": "Feature", "properties": { "type": "Obstacle", "comment": "Not specified", "area_name": "Amsterdam Nieuw-West 1 2026-1", "marker_group": "Operational Obstacle" }, "geometry": { "type": "Point", "coordinates": [ 4.78826076829984, 52.382976890161721 ] } },
{ "type": "Feature", "properties": { "type": "Obstacle", "comment": "Not specified", "area_name": "Amsterdam Nieuw-West 1 2026-1", "marker_group": "Operational Obstacle" }, "geometry": { "type": "Point", "coordinates": [ 4.790060529885749, 52.353085183751453 ] } },
{ "type": "Feature", "properties": { "type": "Obstacle", "comment": "Not specified", "area_name": "Amsterdam Nieuw-West 1 2026-1", "marker_group": "Operational Obstacle" }, "geometry": { "type": "Point", "coordinates": [ 4.801497469176597, 52.355309906972657 ] } },
{ "type": "Feature", "properties": { "type": "Under Construction", "comment": "Not specified", "area_name": "Amsterdam Nieuw-West 1 2026-1", "marker_group": "Temporary Disruption" }, "geometry": { "type": "Point", "coordinates": [ 4.784379611201514, 52.353550451838466 ] } },
{ "type": "Feature", "properties": { "type": "Obstacle", "comment": "Not specified", "area_name": "Amsterdam Nieuw-West 1 2026-1", "marker_group": "Operational Obstacle" }, "geometry": { "type": "Point", "coordinates": [ 4.80381489785229, 52.359208636468679 ] } },
{ "type": "Feature", "properties": { "type": "Obstacle", "comment": "Not specified", "area_name": "Amsterdam Nieuw-West 1 2026-1", "marker_group": "Operational Obstacle" }, "geometry": { "type": "Point", "coordinates": [ 4.777132282456779, 52.354217218332266 ] } },
{ "type": "Feature", "properties": { "type": "Obstacle", "comment": "Not specified", "area_name": "Amsterdam Nieuw-West 1 2026-1", "marker_group": "Operational Obstacle" }, "geometry": { "type": "Point", "coordinates": [ 4.775938699328178, 52.348956534602536 ] } },
{ "type": "Feature", "properties": { "type": "Obstacle", "comment": "Not specified", "area_name": "Amsterdam Nieuw-West 1 2026-1", "marker_group": "Operational Obstacle" }, "geometry": { "type": "Point", "coordinates": [ 4.781405041373946, 52.352220165435845 ] } },
{ "type": "Feature", "properties": { "type": "Under Construction", "comment": "Not specified", "area_name": "Amsterdam Nieuw-West 1 2026-1", "marker_group": "Temporary Disruption" }, "geometry": { "type": "Point", "coordinates": [ 4.778993735526207, 52.354792234853527 ] } },
{ "type": "Feature", "properties": { "type": "Under Construction", "comment": "Not specified", "area_name": "Amsterdam Nieuw-West 1 2026-1", "marker_group": "Temporary Disruption" }, "geometry": { "type": "Point", "coordinates": [ 4.781933436525695, 52.351125761850341 ] } },
{ "type": "Feature", "properties": { "type": "Under Construction", "comment": "Not specified", "area_name": "Amsterdam Nieuw-West 1 2026-1", "marker_group": "Temporary Disruption" }, "geometry": { "type": "Point", "coordinates": [ 4.783204803628935, 52.352475740797374 ] } },
{ "type": "Feature", "properties": { "type": "Obstacle", "comment": "Not specified", "area_name": "Amsterdam Nieuw-West 1 2026-1", "marker_group": "Operational Obstacle" }, "geometry": { "type": "Point", "coordinates": [ 4.785567829746658, 52.351356768425035 ] } },
{ "type": "Feature", "properties": { "type": "Obstacle", "comment": "Not specified", "area_name": "Amsterdam Nieuw-West 1 2026-1", "marker_group": "Operational Obstacle" }, "geometry": { "type": "Point", "coordinates": [ 4.784393022174553, 52.350303302981992 ] } },
{ "type": "Feature", "properties": { "type": "Under Construction", "comment": "Not specified", "area_name": "Amsterdam Nieuw-West 1 2026-1", "marker_group": "Temporary Disruption" }, "geometry": { "type": "Point", "coordinates": [ 4.787920127627081, 52.377220231628556 ] } },
{ "type": "Feature", "properties": { "type": "Under Construction", "comment": "Not specified", "area_name": "Amsterdam Nieuw-West 1 2026-1", "marker_group": "Temporary Disruption" }, "geometry": { "type": "Point", "coordinates": [ 4.777743826081994, 52.35285254799706 ] } },
{ "type": "Feature", "properties": { "type": "Under Construction", "comment": "Not specified", "area_name": "Amsterdam Nieuw-West 1 2026-1", "marker_group": "Temporary Disruption" }, "geometry": { "type": "Point", "coordinates": [ 4.784020195146348, 52.351427217020436 ] } },
{ "type": "Feature", "properties": { "type": "Obstacle", "comment": "Not specified", "area_name": "Amsterdam Nieuw-West 1 2026-1", "marker_group": "Operational Obstacle" }, "geometry": { "type": "Point", "coordinates": [ 4.837811897120228, 52.359139838059257 ] } },
{ "type": "Feature", "properties": { "type": "Under Construction", "comment": "Not specified", "area_name": "Amsterdam Nieuw-West 1 2026-1", "marker_group": "Temporary Disruption" }, "geometry": { "type": "Point", "coordinates": [ 4.835617850239866, 52.363395292086203 ] } },
{ "type": "Feature", "properties": { "type": "Under Construction", "comment": "Not specified", "area_name": "Amsterdam Nieuw-West 1 2026-1", "marker_group": "Temporary Disruption" }, "geometry": { "type": "Point", "coordinates": [ 4.831345091188382, 52.359326575638889 ] } },
{ "type": "Feature", "properties": { "type": "Obstacle", "comment": "Not specified", "area_name": "Amsterdam Nieuw-West 1 2026-1", "marker_group": "Operational Obstacle" }, "geometry": { "type": "Point", "coordinates": [ 4.83708233626668, 52.359077592047917 ] } },
{ "type": "Feature", "properties": { "type": "Obstacle", "comment": "Not specified", "area_name": "Amsterdam Nieuw-West 1 2026-1", "marker_group": "Operational Obstacle" }, "geometry": { "type": "Point", "coordinates": [ 4.838450262867437, 52.35921027423106 ] } },
{ "type": "Feature", "properties": { "type": "Under Construction", "comment": "Not specified", "area_name": "Amsterdam Nieuw-West 1 2026-1", "marker_group": "Temporary Disruption" }, "geometry": { "type": "Point", "coordinates": [ 4.840711365148879, 52.362894093580906 ] } },
{ "type": "Feature", "properties": { "type": "Under Construction", "comment": "Not specified", "area_name": "Amsterdam Nieuw-West 1 2026-1", "marker_group": "Temporary Disruption" }, "geometry": { "type": "Point", "coordinates": [ 4.835979948458676, 52.363473910934125 ] } },
{ "type": "Feature", "properties": { "type": "Obstacle", "comment": "Not specified", "area_name": "Amsterdam Nieuw-West 1 2026-1", "marker_group": "Operational Obstacle" }, "geometry": { "type": "Point", "coordinates": [ 4.837149391494311, 52.359179151293709 ] } },
{ "type": "Feature", "properties": { "type": "Under Construction", "comment": "Not specified", "area_name": "Amsterdam Nieuw-West 1 2026-1", "marker_group": "Temporary Disruption" }, "geometry": { "type": "Point", "coordinates": [ 4.841135154142491, 52.36150184579261 ] } },
{ "type": "Feature", "properties": { "type": "Under Construction", "comment": "Not specified", "area_name": "Amsterdam Nieuw-West 1 2026-1", "marker_group": "Temporary Disruption" }, "geometry": { "type": "Point", "coordinates": [ 4.840695271861874, 52.361406843760292 ] } },
{ "type": "Feature", "properties": { "type": "Obstacle", "comment": "Not specified", "area_name": "Amsterdam Nieuw-West 1 2026-1", "marker_group": "Operational Obstacle" }, "geometry": { "type": "Point", "coordinates": [ 4.836132834275575, 52.359092334541479 ] } },
{ "type": "Feature", "properties": { "type": "Under Construction", "comment": "Not specified", "area_name": "Amsterdam Nieuw-West 1 2026-1", "marker_group": "Temporary Disruption" }, "geometry": { "type": "Point", "coordinates": [ 4.840668449787887, 52.362137371403961 ] } },
{ "type": "Feature", "properties": { "type": "Under Construction", "comment": "Not specified", "area_name": "Amsterdam Nieuw-West 1 2026-1", "marker_group": "Temporary Disruption" }, "geometry": { "type": "Point", "coordinates": [ 4.804337928826205, 52.368947404740616 ] } },
{ "type": "Feature", "properties": { "type": "Obstacle", "comment": "Not specified", "area_name": "Amsterdam Nieuw-West 1 2026-1", "marker_group": "Operational Obstacle" }, "geometry": { "type": "Point", "coordinates": [ 4.83815790227953, 52.368010636790636 ] } },
{ "type": "Feature", "properties": { "type": "Obstacle", "comment": "Not specified", "area_name": "Amsterdam Nieuw-West 1 2026-1", "marker_group": "Operational Obstacle" }, "geometry": { "type": "Point", "coordinates": [ 4.840995679377566, 52.366196002323115 ] } },
{ "type": "Feature", "properties": { "type": "Under Construction", "comment": "Not specified", "area_name": "Amsterdam Nieuw-West 1 2026-1", "marker_group": "Temporary Disruption" }, "geometry": { "type": "Point", "coordinates": [ 4.836226711738841, 52.365766899205468 ] } },
{ "type": "Feature", "properties": { "type": "Obstacle", "comment": "Not specified", "area_name": "Amsterdam Nieuw-West 1 2026-1", "marker_group": "Operational Obstacle" }, "geometry": { "type": "Point", "coordinates": [ 4.835481057542454, 52.361695125213068 ] } },
{ "type": "Feature", "properties": { "type": "Under Construction", "comment": "Not specified", "area_name": "Amsterdam Nieuw-West 1 2026-1", "marker_group": "Temporary Disruption" }, "geometry": { "type": "Point", "coordinates": [ 4.835306714026029, 52.364838253301343 ] } },
{ "type": "Feature", "properties": { "type": "Under Construction", "comment": "Not specified", "area_name": "Amsterdam Nieuw-West 1 2026-1", "marker_group": "Temporary Disruption" }, "geometry": { "type": "Point", "coordinates": [ 4.801752279161835, 52.361118560792441 ] } },
{ "type": "Feature", "properties": { "type": "Under Construction", "comment": "Not specified", "area_name": "Amsterdam Nieuw-West 1 2026-1", "marker_group": "Temporary Disruption" }, "geometry": { "type": "Point", "coordinates": [ 4.799056659100832, 52.361092353149616 ] } },
{ "type": "Feature", "properties": { "type": "Under Construction", "comment": "Not specified", "area_name": "Amsterdam Nieuw-West 1 2026-1", "marker_group": "Temporary Disruption" }, "geometry": { "type": "Point", "coordinates": [ 4.799378524190884, 52.361462534976056 ] } },
{ "type": "Feature", "properties": { "type": "Obstacle", "comment": "Not specified", "area_name": "Amsterdam Nieuw-West 1 2026-1", "marker_group": "Operational Obstacle" }, "geometry": { "type": "Point", "coordinates": [ 4.805169413606427, 52.368292324535808 ] } },
{ "type": "Feature", "properties": { "type": "Under Construction", "comment": "Not specified", "area_name": "Amsterdam Nieuw-West 1 2026-1", "marker_group": "Temporary Disruption" }, "geometry": { "type": "Point", "coordinates": [ 4.804799268778256, 52.369011274536291 ] } },
{ "type": "Feature", "properties": { "type": "Under Construction", "comment": "Not specified", "area_name": "Amsterdam Nieuw-West 1 2026-1", "marker_group": "Temporary Disruption" }, "geometry": { "type": "Point", "coordinates": [ 4.809418032442113, 52.357257676537593 ] } },
{ "type": "Feature", "properties": { "type": "Under Construction", "comment": "Not specified", "area_name": "Amsterdam Nieuw-West 1 2026-1", "marker_group": "Temporary Disruption" }, "geometry": { "type": "Point", "coordinates": [ 4.799931059226686, 52.360499400564407 ] } },
{ "type": "Feature", "properties": { "type": "Private Property", "comment": "Not specified", "area_name": "Amsterdam Nieuw-West 1 2026-1", "marker_group": "Access / Structural Limitation" }, "geometry": { "type": "Point", "coordinates": [ 4.805721948673026, 52.368718127764886 ] } },
{ "type": "Feature", "properties": { "type": "Under Construction", "comment": "Not specified", "area_name": "Amsterdam Nieuw-West 1 2026-1", "marker_group": "Temporary Disruption" }, "geometry": { "type": "Point", "coordinates": [ 4.800926158788014, 52.361249598891767 ] } },
{ "type": "Feature", "properties": { "type": "Under Construction", "comment": "Not specified", "area_name": "Amsterdam Nieuw-West 1 2026-1", "marker_group": "Temporary Disruption" }, "geometry": { "type": "Point", "coordinates": [ 4.831294129261329, 52.361324945367286 ] } },
{ "type": "Feature", "properties": { "type": "Private Property", "comment": "Not specified", "area_name": "Amsterdam Nieuw-West 1 2026-1", "marker_group": "Access / Structural Limitation" }, "geometry": { "type": "Point", "coordinates": [ 4.804756353419373, 52.368351282154798 ] } },
{ "type": "Feature", "properties": { "type": "Obstacle", "comment": "Not specified", "area_name": "Amsterdam Nieuw-West 1 2026-1", "marker_group": "Operational Obstacle" }, "geometry": { "type": "Point", "coordinates": [ 4.798815260338489, 52.363303570221618 ] } },
{ "type": "Feature", "properties": { "type": "Under Construction", "comment": "Not specified", "area_name": "Amsterdam Nieuw-West 1 2026-1", "marker_group": "Temporary Disruption" }, "geometry": { "type": "Point", "coordinates": [ 4.799764762272022, 52.360692684324469 ] } },
{ "type": "Feature", "properties": { "type": "Under Construction", "comment": "Not specified", "area_name": "Amsterdam Nieuw-West 1 2026-1", "marker_group": "Temporary Disruption" }, "geometry": { "type": "Point", "coordinates": [ 4.807473431040569, 52.363329776503434 ] } },
{ "type": "Feature", "properties": { "type": "Under Construction", "comment": "Not specified", "area_name": "Amsterdam Nieuw-West 1 2026-1", "marker_group": "Temporary Disruption" }, "geometry": { "type": "Point", "coordinates": [ 4.806376407551555, 52.363251157405152 ] } },
{ "type": "Feature", "properties": { "type": "Obstacle", "comment": "Not specified", "area_name": "Amsterdam Nieuw-West 1 2026-1", "marker_group": "Operational Obstacle" }, "geometry": { "type": "Point", "coordinates": [ 4.807288358631403, 52.363911225976544 ] } },
{ "type": "Feature", "properties": { "type": "Obstacle", "comment": "Not specified", "area_name": "Amsterdam Nieuw-West 1 2026-1", "marker_group": "Operational Obstacle" }, "geometry": { "type": "Point", "coordinates": [ 4.807451973378249, 52.363772006375896 ] } },
{ "type": "Feature", "properties": { "type": "Obstacle", "comment": "Not specified", "area_name": "Amsterdam Nieuw-West 1 2026-1", "marker_group": "Operational Obstacle" }, "geometry": { "type": "Point", "coordinates": [ 4.780297289877002, 52.389436683192116 ] } },
{ "type": "Feature", "properties": { "type": "Obstacle", "comment": "Not specified", "area_name": "Amsterdam Nieuw-West 1 2026-1", "marker_group": "Operational Obstacle" }, "geometry": { "type": "Point", "coordinates": [ 4.796489784816261, 52.349507043281974 ] } },
{ "type": "Feature", "properties": { "type": "Obstacle", "comment": "Not specified", "area_name": "Amsterdam Nieuw-West 1 2026-1", "marker_group": "Operational Obstacle" }, "geometry": { "type": "Point", "coordinates": [ 4.786364445663781, 52.344122903546399 ] } },
{ "type": "Feature", "properties": { "type": "Obstacle", "comment": "Not specified", "area_name": "Amsterdam Nieuw-West 1 2026-1", "marker_group": "Operational Obstacle" }, "geometry": { "type": "Point", "coordinates": [ 4.782008538261881, 52.345886011224643 ] } },
{ "type": "Feature", "properties": { "type": "Obstacle", "comment": "Not specified", "area_name": "Amsterdam Nieuw-West 1 2026-1", "marker_group": "Operational Obstacle" }, "geometry": { "type": "Point", "coordinates": [ 4.781981716169764, 52.345797529803363 ] } },
{ "type": "Feature", "properties": { "type": "Obstacle", "comment": "Not specified", "area_name": "Amsterdam Nieuw-West 1 2026-1", "marker_group": "Operational Obstacle" }, "geometry": { "type": "Point", "coordinates": [ 4.792807111652587, 52.341137257915456 ] } },
{ "type": "Feature", "properties": { "type": "Obstacle", "comment": "Not specified", "area_name": "Amsterdam Nieuw-West 1 2026-1", "marker_group": "Operational Obstacle" }, "geometry": { "type": "Point", "coordinates": [ 4.821640859406464, 52.378986930781572 ] } },
{ "type": "Feature", "properties": { "type": "Obstacle", "comment": "Not specified", "area_name": "Amsterdam Nieuw-West 1 2026-1", "marker_group": "Operational Obstacle" }, "geometry": { "type": "Point", "coordinates": [ 4.794706115640799, 52.341376510255486 ] } },
{ "type": "Feature", "properties": { "type": "Obstacle", "comment": "Not specified", "area_name": "Amsterdam Nieuw-West 1 2026-1", "marker_group": "Operational Obstacle" }, "geometry": { "type": "Point", "coordinates": [ 4.7910368537277, 52.342277791783332 ] } },
{ "type": "Feature", "properties": { "type": "Obstacle", "comment": "Not specified", "area_name": "Amsterdam Nieuw-West 1 2026-1", "marker_group": "Operational Obstacle" }, "geometry": { "type": "Point", "coordinates": [ 4.821624766216349, 52.381873424749706 ] } },
{ "type": "Feature", "properties": { "type": "Obstacle", "comment": "Not specified", "area_name": "Amsterdam Nieuw-West 1 2026-1", "marker_group": "Operational Obstacle" }, "geometry": { "type": "Point", "coordinates": [ 4.827254722991535, 52.384226031480665 ] } },
{ "type": "Feature", "properties": { "type": "Under Construction", "comment": "Not specified", "area_name": "Amsterdam Nieuw-West 1 2026-1", "marker_group": "Temporary Disruption" }, "geometry": { "type": "Point", "coordinates": [ 4.821251939066114, 52.377492035865544 ] } },
{ "type": "Feature", "properties": { "type": "Obstacle", "comment": "Not specified", "area_name": "Amsterdam Nieuw-West 1 2026-1", "marker_group": "Operational Obstacle" }, "geometry": { "type": "Point", "coordinates": [ 4.830862293942378, 52.376340948586126 ] } },
{ "type": "Feature", "properties": { "type": "Under Construction", "comment": "Not specified", "area_name": "Amsterdam Nieuw-West 1 2026-1", "marker_group": "Temporary Disruption" }, "geometry": { "type": "Point", "coordinates": [ 4.820122729065854, 52.377274264922143 ] } },
{ "type": "Feature", "properties": { "type": "Obstacle", "comment": "Not specified", "area_name": "Amsterdam Nieuw-West 1 2026-1", "marker_group": "Operational Obstacle" }, "geometry": { "type": "Point", "coordinates": [ 4.830406318417723, 52.376699540849785 ] } },
{ "type": "Feature", "properties": { "type": "Obstacle", "comment": "Not specified", "area_name": "Amsterdam Nieuw-West 1 2026-1", "marker_group": "Operational Obstacle" }, "geometry": { "type": "Point", "coordinates": [ 4.808280775746492, 52.353958376279401 ] } },
{ "type": "Feature", "properties": { "type": "Obstacle", "comment": "Not specified", "area_name": "Amsterdam Nieuw-West 1 2026-1", "marker_group": "Operational Obstacle" }, "geometry": { "type": "Point", "coordinates": [ 4.79605526717946, 52.359595214497048 ] } },
{ "type": "Feature", "properties": { "type": "Obstacle", "comment": "Not specified", "area_name": "Amsterdam Nieuw-West 1 2026-1", "marker_group": "Operational Obstacle" }, "geometry": { "type": "Point", "coordinates": [ 4.803662011861578, 52.355742388029633 ] } },
{ "type": "Feature", "properties": { "type": "Under Construction", "comment": "Not specified", "area_name": "Amsterdam Nieuw-West 1 2026-1", "marker_group": "Temporary Disruption" }, "geometry": { "type": "Point", "coordinates": [ 4.791101227214449, 52.36348701443432 ] } },
{ "type": "Feature", "properties": { "type": "Obstacle", "comment": "Not specified", "area_name": "Amsterdam Nieuw-West 1 2026-1", "marker_group": "Operational Obstacle" }, "geometry": { "type": "Point", "coordinates": [ 4.792799065451285, 52.360337238173848 ] } },
{ "type": "Feature", "properties": { "type": "Under Construction", "comment": "Not specified", "area_name": "Amsterdam Nieuw-West 1 2026-1", "marker_group": "Temporary Disruption" }, "geometry": { "type": "Point", "coordinates": [ 4.786670217903082, 52.362674613173212 ] } },
{ "type": "Feature", "properties": { "type": "Obstacle", "comment": "Not specified", "area_name": "Amsterdam Nieuw-West 1 2026-1", "marker_group": "Operational Obstacle" }, "geometry": { "type": "Point", "coordinates": [ 4.803340146778536, 52.355688328129382 ] } },
{ "type": "Feature", "properties": { "type": "Under Construction", "comment": "Not specified", "area_name": "Amsterdam Nieuw-West 1 2026-1", "marker_group": "Temporary Disruption" }, "geometry": { "type": "Point", "coordinates": [ 4.789478490751518, 52.363097194721448 ] } },
{ "type": "Feature", "properties": { "type": "Obstacle", "comment": "Not specified", "area_name": "Amsterdam Nieuw-West 1 2026-1", "marker_group": "Operational Obstacle" }, "geometry": { "type": "Point", "coordinates": [ 4.805005798586116, 52.356096233022782 ] } },
{ "type": "Feature", "properties": { "type": "Under Construction", "comment": "Not specified", "area_name": "Amsterdam Noord 1 2026-1", "marker_group": "Temporary Disruption" }, "geometry": { "type": "Point", "coordinates": [ 4.920571457325897, 52.406207102757584 ] } },
{ "type": "Feature", "properties": { "type": "Under Construction", "comment": "Not specified", "area_name": "Amsterdam Noord 1 2026-1", "marker_group": "Temporary Disruption" }, "geometry": { "type": "Point", "coordinates": [ 4.936471592285471, 52.402474529306247 ] } },
{ "type": "Feature", "properties": { "type": "Under Construction", "comment": "Not specified", "area_name": "Amsterdam Noord 1 2026-1", "marker_group": "Temporary Disruption" }, "geometry": { "type": "Point", "coordinates": [ 4.961153279343133, 52.388850657361182 ] } },
{ "type": "Feature", "properties": { "type": "Under Construction", "comment": "Not specified", "area_name": "Amsterdam Noord 1 2026-1", "marker_group": "Temporary Disruption" }, "geometry": { "type": "Point", "coordinates": [ 4.960549782314641, 52.38884738346529 ] } },
{ "type": "Feature", "properties": { "type": "Under Construction", "comment": "Not specified", "area_name": "Amsterdam Noord 1 2026-1", "marker_group": "Temporary Disruption" }, "geometry": { "type": "Point", "coordinates": [ 4.965804229888844, 52.394001839492645 ] } },
{ "type": "Feature", "properties": { "type": "Under Construction", "comment": "Not specified", "area_name": "Amsterdam Noord 1 2026-1", "marker_group": "Temporary Disruption" }, "geometry": { "type": "Point", "coordinates": [ 4.951998900064376, 52.392944480419494 ] } },
{ "type": "Feature", "properties": { "type": "Under Construction", "comment": "Not specified", "area_name": "Amsterdam Noord 1 2026-1", "marker_group": "Temporary Disruption" }, "geometry": { "type": "Point", "coordinates": [ 4.952613125946482, 52.393744867639803 ] } },
{ "type": "Feature", "properties": { "type": "Under Construction", "comment": "Not specified", "area_name": "Amsterdam Noord 1 2026-1", "marker_group": "Temporary Disruption" }, "geometry": { "type": "Point", "coordinates": [ 4.910641919192297, 52.389922847237116 ] } },
{ "type": "Feature", "properties": { "type": "Under Construction", "comment": "Not specified", "area_name": "Amsterdam Noord 1 2026-1", "marker_group": "Temporary Disruption" }, "geometry": { "type": "Point", "coordinates": [ 4.930629740961937, 52.398461783556705 ] } },
{ "type": "Feature", "properties": { "type": "Obstacle", "comment": "Not specified", "area_name": "Amsterdam Noord 1 2026-1", "marker_group": "Operational Obstacle" }, "geometry": { "type": "Point", "coordinates": [ 4.921727489249383, 52.398862747316272 ] } },
{ "type": "Feature", "properties": { "type": "Obstacle", "comment": "Not specified", "area_name": "Amsterdam Noord 1 2026-1", "marker_group": "Operational Obstacle" }, "geometry": { "type": "Point", "coordinates": [ 4.932247113025158, 52.399689211904267 ] } },
{ "type": "Feature", "properties": { "type": "Under Construction", "comment": "Not specified", "area_name": "Amsterdam Noord 1 2026-1", "marker_group": "Temporary Disruption" }, "geometry": { "type": "Point", "coordinates": [ 4.940894554817923, 52.396414356992786 ] } },
{ "type": "Feature", "properties": { "type": "Under Construction", "comment": "Not specified", "area_name": "Amsterdam Noord 1 2026-1", "marker_group": "Temporary Disruption" }, "geometry": { "type": "Point", "coordinates": [ 4.939934323999034, 52.396802246049454 ] } },
{ "type": "Feature", "properties": { "type": "Under Construction", "comment": "Not specified", "area_name": "Amsterdam Noord 1 2026-1", "marker_group": "Temporary Disruption" }, "geometry": { "type": "Point", "coordinates": [ 4.929774116291579, 52.398710545136893 ] } },
{ "type": "Feature", "properties": { "type": "Obstacle", "comment": "Not specified", "area_name": "Amsterdam Noord 1 2026-1", "marker_group": "Operational Obstacle" }, "geometry": { "type": "Point", "coordinates": [ 4.931466590189326, 52.399126235674608 ] } },
{ "type": "Feature", "properties": { "type": "Obstacle", "comment": "Not specified", "area_name": "Amsterdam Noord 1 2026-1", "marker_group": "Operational Obstacle" }, "geometry": { "type": "Point", "coordinates": [ 4.92329658146597, 52.396265419930423 ] } },
{ "type": "Feature", "properties": { "type": "Under Construction", "comment": "Not specified", "area_name": "Amsterdam Noord 1 2026-1", "marker_group": "Temporary Disruption" }, "geometry": { "type": "Point", "coordinates": [ 4.911057661606271, 52.390675819683693 ] } },
{ "type": "Feature", "properties": { "type": "Obstacle", "comment": "Not specified", "area_name": "Amsterdam Noord 1 2026-1", "marker_group": "Operational Obstacle" }, "geometry": { "type": "Point", "coordinates": [ 4.931327115317541, 52.398990400217549 ] } },
{ "type": "Feature", "properties": { "type": "Under Construction", "comment": "Not specified", "area_name": "Amsterdam Noord 1 2026-1", "marker_group": "Temporary Disruption" }, "geometry": { "type": "Point", "coordinates": [ 4.930511723763393, 52.398376680592257 ] } },
{ "type": "Feature", "properties": { "type": "Under Construction", "comment": "Not specified", "area_name": "Amsterdam Noord 1 2026-1", "marker_group": "Temporary Disruption" }, "geometry": { "type": "Point", "coordinates": [ 4.929570268382679, 52.397633659276231 ] } },
{ "type": "Feature", "properties": { "type": "Obstacle", "comment": "Not specified", "area_name": "Amsterdam Noord 1 2026-1", "marker_group": "Operational Obstacle" }, "geometry": { "type": "Point", "coordinates": [ 4.908246706473827, 52.386846985089861 ] } },
{ "type": "Feature", "properties": { "type": "Obstacle", "comment": "Not specified", "area_name": "Amsterdam Noord 1 2026-1", "marker_group": "Operational Obstacle" }, "geometry": { "type": "Point", "coordinates": [ 4.930584143396736, 52.39792006764764 ] } },
{ "type": "Feature", "properties": { "type": "Under Construction", "comment": "Not specified", "area_name": "Amsterdam Noord 1 2026-1", "marker_group": "Temporary Disruption" }, "geometry": { "type": "Point", "coordinates": [ 4.929664145719791, 52.398612349947499 ] } },
{ "type": "Feature", "properties": { "type": "Under Construction", "comment": "Not specified", "area_name": "Amsterdam Noord 1 2026-1", "marker_group": "Temporary Disruption" }, "geometry": { "type": "Point", "coordinates": [ 4.929725836508376, 52.397761315811003 ] } },
{ "type": "Feature", "properties": { "type": "Obstacle", "comment": "Not specified", "area_name": "Amsterdam Noord 1 2026-1", "marker_group": "Operational Obstacle" }, "geometry": { "type": "Point", "coordinates": [ 4.910373698288101, 52.389801715689266 ] } },
{ "type": "Feature", "properties": { "type": "Obstacle", "comment": "Not specified", "area_name": "Amsterdam Noord 1 2026-1", "marker_group": "Operational Obstacle" }, "geometry": { "type": "Point", "coordinates": [ 4.908842156894207, 52.387708051656944 ] } },
{ "type": "Feature", "properties": { "type": "Under Construction", "comment": "Not specified", "area_name": "Amsterdam Noord 1 2026-1", "marker_group": "Temporary Disruption" }, "geometry": { "type": "Point", "coordinates": [ 4.924903225019511, 52.412285563022373 ] } },
{ "type": "Feature", "properties": { "type": "Obstacle", "comment": "Not specified", "area_name": "Amsterdam Noord 1 2026-1", "marker_group": "Operational Obstacle" }, "geometry": { "type": "Point", "coordinates": [ 4.925723980911646, 52.409271798569115 ] } },
{ "type": "Feature", "properties": { "type": "Obstacle", "comment": "Not specified", "area_name": "Amsterdam Noord 1 2026-1", "marker_group": "Operational Obstacle" }, "geometry": { "type": "Point", "coordinates": [ 4.918860208035943, 52.409003462165892 ] } },
{ "type": "Feature", "properties": { "type": "Obstacle", "comment": "Not specified", "area_name": "Amsterdam Noord 1 2026-1", "marker_group": "Operational Obstacle" }, "geometry": { "type": "Point", "coordinates": [ 4.924334596656525, 52.409939360251869 ] } },
{ "type": "Feature", "properties": { "type": "Obstacle", "comment": "Not specified", "area_name": "Amsterdam Noord 1 2026-1", "marker_group": "Operational Obstacle" }, "geometry": { "type": "Point", "coordinates": [ 4.919265221721221, 52.414620189079585 ] } },
{ "type": "Feature", "properties": { "type": "Under Construction", "comment": "Not specified", "area_name": "Amsterdam Noord 1 2026-1", "marker_group": "Temporary Disruption" }, "geometry": { "type": "Point", "coordinates": [ 4.924825440959084, 52.412331373271471 ] } },
{ "type": "Feature", "properties": { "type": "Under Construction", "comment": "Not specified", "area_name": "Amsterdam Noord 1 2026-1", "marker_group": "Temporary Disruption" }, "geometry": { "type": "Point", "coordinates": [ 4.92465109686653, 52.389367930942697 ] } },
{ "type": "Feature", "properties": { "type": "Under Construction", "comment": "Not specified", "area_name": "Amsterdam Noord 1 2026-1", "marker_group": "Temporary Disruption" }, "geometry": { "type": "Point", "coordinates": [ 4.924240718920775, 52.390890250683803 ] } },
{ "type": "Feature", "properties": { "type": "Under Construction", "comment": "Not specified", "area_name": "Amsterdam Noord 1 2026-1", "marker_group": "Temporary Disruption" }, "geometry": { "type": "Point", "coordinates": [ 4.923953722493231, 52.388037085844097 ] } },
{ "type": "Feature", "properties": { "type": "Under Construction", "comment": "Not specified", "area_name": "Amsterdam Noord 1 2026-1", "marker_group": "Temporary Disruption" }, "geometry": { "type": "Point", "coordinates": [ 4.924350689440836, 52.388642764479648 ] } },
{ "type": "Feature", "properties": { "type": "Obstacle", "comment": "Not specified", "area_name": "Amsterdam Noord 1 2026-1", "marker_group": "Operational Obstacle" }, "geometry": { "type": "Point", "coordinates": [ 4.915137301330052, 52.382137013853139 ] } },
{ "type": "Feature", "properties": { "type": "Under Construction", "comment": "Not specified", "area_name": "Amsterdam Noord 1 2026-1", "marker_group": "Temporary Disruption" }, "geometry": { "type": "Point", "coordinates": [ 4.924715469899102, 52.390102906919033 ] } },
{ "type": "Feature", "properties": { "type": "Under Construction", "comment": "Not specified", "area_name": "Amsterdam Noord 1 2026-1", "marker_group": "Temporary Disruption" }, "geometry": { "type": "Point", "coordinates": [ 4.924685965606972, 52.390422102028545 ] } },
{ "type": "Feature", "properties": { "type": "Obstacle", "comment": "Not specified", "area_name": "Amsterdam Noord 1 2026-1", "marker_group": "Operational Obstacle" }, "geometry": { "type": "Point", "coordinates": [ 4.92989213323748, 52.387336452570487 ] } },
{ "type": "Feature", "properties": { "type": "Under Construction", "comment": "Not specified", "area_name": "Amsterdam Noord 1 2026-1", "marker_group": "Temporary Disruption" }, "geometry": { "type": "Point", "coordinates": [ 4.924626956965181, 52.388451239968411 ] } },
{ "type": "Feature", "properties": { "type": "Under Construction", "comment": "Not specified", "area_name": "Amsterdam Noord 1 2026-1", "marker_group": "Temporary Disruption" }, "geometry": { "type": "Point", "coordinates": [ 4.925463806240409, 52.39128473571747 ] } },
{ "type": "Feature", "properties": { "type": "Under Construction", "comment": "Not specified", "area_name": "Amsterdam Noord 1 2026-1", "marker_group": "Temporary Disruption" }, "geometry": { "type": "Point", "coordinates": [ 4.924069057535931, 52.390533410554582 ] } },
{ "type": "Feature", "properties": { "type": "Under Construction", "comment": "Not specified", "area_name": "Amsterdam Noord 1 2026-1", "marker_group": "Temporary Disruption" }, "geometry": { "type": "Point", "coordinates": [ 4.925946603869896, 52.391590827488379 ] } },
{ "type": "Feature", "properties": { "type": "Obstacle", "comment": "Not specified", "area_name": "Amsterdam Noord 1 2026-1", "marker_group": "Operational Obstacle" }, "geometry": { "type": "Point", "coordinates": [ 4.915137301330342, 52.382150111445767 ] } },
{ "type": "Feature", "properties": { "type": "Obstacle", "comment": "Not specified", "area_name": "Amsterdam Noord 1 2026-1", "marker_group": "Operational Obstacle" }, "geometry": { "type": "Point", "coordinates": [ 4.938711236658387, 52.395453621353255 ] } },
{ "type": "Feature", "properties": { "type": "Unpaved Road", "comment": "Not specified", "area_name": "Amsterdam Noord 1 2026-1", "marker_group": "Access / Structural Limitation" }, "geometry": { "type": "Point", "coordinates": [ 5.031073104221648, 52.401181717977188 ] } },
{ "type": "Feature", "properties": { "type": "Under Construction", "comment": "Not specified", "area_name": "Amsterdam Noord 1 2026-1", "marker_group": "Temporary Disruption" }, "geometry": { "type": "Point", "coordinates": [ 4.988699565683012, 52.377642672409657 ] } },
{ "type": "Feature", "properties": { "type": "Under Construction", "comment": "Not specified", "area_name": "Amsterdam Noord 1 2026-1", "marker_group": "Temporary Disruption" }, "geometry": { "type": "Point", "coordinates": [ 4.941152046894525, 52.396920085075244 ] } },
{ "type": "Feature", "properties": { "type": "Unpaved Road", "comment": "Not specified", "area_name": "Amsterdam Noord 1 2026-1", "marker_group": "Access / Structural Limitation" }, "geometry": { "type": "Point", "coordinates": [ 5.02900243881098, 52.398857836697232 ] } },
{ "type": "Feature", "properties": { "type": "Obstacle", "comment": "Not specified", "area_name": "Amsterdam Noord 1 2026-1", "marker_group": "Operational Obstacle" }, "geometry": { "type": "Point", "coordinates": [ 5.0512352696481, 52.41302833657334 ] } },
{ "type": "Feature", "properties": { "type": "Obstacle", "comment": "Not specified", "area_name": "Amsterdam Noord 1 2026-1", "marker_group": "Operational Obstacle" }, "geometry": { "type": "Point", "coordinates": [ 4.956427227049548, 52.388451239706534 ] } },
{ "type": "Feature", "properties": { "type": "Under Construction", "comment": "Not specified", "area_name": "Amsterdam Noord 1 2026-1", "marker_group": "Temporary Disruption" }, "geometry": { "type": "Point", "coordinates": [ 4.941511462887303, 52.396227776230823 ] } },
{ "type": "Feature", "properties": { "type": "Under Construction", "comment": "Not specified", "area_name": "Amsterdam Noord 1 2026-1", "marker_group": "Temporary Disruption" }, "geometry": { "type": "Point", "coordinates": [ 4.940720211243222, 52.396926631682682 ] } },
{ "type": "Feature", "properties": { "type": "Under Construction", "comment": "Not specified", "area_name": "Amsterdam Noord 1 2026-1", "marker_group": "Temporary Disruption" }, "geometry": { "type": "Point", "coordinates": [ 4.940030883530903, 52.397134485856391 ] } },
{ "type": "Feature", "properties": { "type": "Under Construction", "comment": "Not specified", "area_name": "Amsterdam Noord 1 2026-1", "marker_group": "Temporary Disruption" }, "geometry": { "type": "Point", "coordinates": [ 4.930205952005964, 52.401564656512903 ] } },
{ "type": "Feature", "properties": { "type": "Under Construction", "comment": "Not specified", "area_name": "Amsterdam Noord 1 2026-1", "marker_group": "Temporary Disruption" }, "geometry": { "type": "Point", "coordinates": [ 4.958800982044617, 52.389205874178067 ] } },
{ "type": "Feature", "properties": { "type": "Obstacle", "comment": "Not specified", "area_name": "Amsterdam Noord 1 2026-1", "marker_group": "Operational Obstacle" }, "geometry": { "type": "Point", "coordinates": [ 4.939314733877406, 52.404101125704322 ] } },
{ "type": "Feature", "properties": { "type": "Under Construction", "comment": "Not specified", "area_name": "Amsterdam Noord 1 2026-1", "marker_group": "Temporary Disruption" }, "geometry": { "type": "Point", "coordinates": [ 4.938679050351025, 52.404564220161781 ] } },
{ "type": "Feature", "properties": { "type": "Obstacle", "comment": "Not specified", "area_name": "Amsterdam Noord 1 2026-1", "marker_group": "Operational Obstacle" }, "geometry": { "type": "Point", "coordinates": [ 4.933952997809294, 52.392906834185716 ] } },
{ "type": "Feature", "properties": { "type": "Under Construction", "comment": "Not specified", "area_name": "Amsterdam Noord 1 2026-1", "marker_group": "Temporary Disruption" }, "geometry": { "type": "Point", "coordinates": [ 4.958218942686876, 52.389140396647029 ] } },
{ "type": "Feature", "properties": { "type": "Under Construction", "comment": "Not specified", "area_name": "Amsterdam Noord 1 2026-1", "marker_group": "Temporary Disruption" }, "geometry": { "type": "Point", "coordinates": [ 4.930474172927042, 52.402451619118573 ] } },
{ "type": "Feature", "properties": { "type": "Under Construction", "comment": "Not specified", "area_name": "Amsterdam Noord 1 2026-1", "marker_group": "Temporary Disruption" }, "geometry": { "type": "Point", "coordinates": [ 4.941964756222124, 52.396738416423638 ] } },
{ "type": "Feature", "properties": { "type": "Obstacle", "comment": "Not specified", "area_name": "Amsterdam Noord 1 2026-1", "marker_group": "Operational Obstacle" }, "geometry": { "type": "Point", "coordinates": [ 5.035960089101216, 52.403642934802704 ] } },
{ "type": "Feature", "properties": { "type": "Under Construction", "comment": "Not specified", "area_name": "Amsterdam Noord 1 2026-1", "marker_group": "Temporary Disruption" }, "geometry": { "type": "Point", "coordinates": [ 4.938239168068098, 52.404362946495446 ] } },
{ "type": "Feature", "properties": { "type": "Obstacle", "comment": "Not specified", "area_name": "Amsterdam Noord 1 2026-1", "marker_group": "Operational Obstacle" }, "geometry": { "type": "Point", "coordinates": [ 4.938569079780537, 52.404524947323566 ] } },
{ "type": "Feature", "properties": { "type": "Obstacle", "comment": "Not specified", "area_name": "Amsterdam Noord 1 2026-1", "marker_group": "Operational Obstacle" }, "geometry": { "type": "Point", "coordinates": [ 4.905757616937739, 52.406324916799718 ] } },
{ "type": "Feature", "properties": { "type": "Obstacle", "comment": "Not specified", "area_name": "Amsterdam Noord 1 2026-1", "marker_group": "Operational Obstacle" }, "geometry": { "type": "Point", "coordinates": [ 4.892024706661339, 52.400952609501921 ] } },
{ "type": "Feature", "properties": { "type": "Obstacle", "comment": "Not specified", "area_name": "Amsterdam Noord 1 2026-1", "marker_group": "Operational Obstacle" }, "geometry": { "type": "Point", "coordinates": [ 4.88623918195902, 52.407440860986121 ] } },
{ "type": "Feature", "properties": { "type": "Under Construction", "comment": "Not specified", "area_name": "Amsterdam Noord 1 2026-1", "marker_group": "Temporary Disruption" }, "geometry": { "type": "Point", "coordinates": [ 4.893942486151388, 52.402952369031745 ] } },
{ "type": "Feature", "properties": { "type": "Obstacle", "comment": "Not specified", "area_name": "Amsterdam Noord 1 2026-1", "marker_group": "Operational Obstacle" }, "geometry": { "type": "Point", "coordinates": [ 4.89389152411577, 52.400041068720469 ] } },
{ "type": "Feature", "properties": { "type": "Obstacle", "comment": "Not specified", "area_name": "Amsterdam Noord 1 2026-1", "marker_group": "Operational Obstacle" }, "geometry": { "type": "Point", "coordinates": [ 4.916102896563443, 52.381588548668866 ] } },
{ "type": "Feature", "properties": { "type": "Obstacle", "comment": "Not specified", "area_name": "Amsterdam Noord 1 2026-1", "marker_group": "Operational Obstacle" }, "geometry": { "type": "Point", "coordinates": [ 4.897228192258149, 52.405811114968593 ] } },
{ "type": "Feature", "properties": { "type": "Obstacle", "comment": "Not specified", "area_name": "Amsterdam Noord 1 2026-1", "marker_group": "Operational Obstacle" }, "geometry": { "type": "Point", "coordinates": [ 4.891043018170677, 52.401355187048907 ] } },
{ "type": "Feature", "properties": { "type": "Obstacle", "comment": "Not specified", "area_name": "Amsterdam Noord 1 2026-1", "marker_group": "Operational Obstacle" }, "geometry": { "type": "Point", "coordinates": [ 4.916963885659213, 52.381673684001491 ] } },
{ "type": "Feature", "properties": { "type": "Under Construction", "comment": "Not specified", "area_name": "Amsterdam Noord 1 2026-1", "marker_group": "Temporary Disruption" }, "geometry": { "type": "Point", "coordinates": [ 4.893078814878661, 52.404317128342967 ] } },
{ "type": "Feature", "properties": { "type": "Under Construction", "comment": "Not specified", "area_name": "Amsterdam Noord 1 2026-1", "marker_group": "Temporary Disruption" }, "geometry": { "type": "Point", "coordinates": [ 4.912913750262428, 52.391474611182566 ] } },
{ "type": "Feature", "properties": { "type": "Obstacle", "comment": "Not specified", "area_name": "Amsterdam Noord 1 2026-1", "marker_group": "Operational Obstacle" }, "geometry": { "type": "Point", "coordinates": [ 4.894084643164468, 52.400023066826542 ] } },
{ "type": "Feature", "properties": { "type": "Obstacle", "comment": "Not specified", "area_name": "Amsterdam Noord 1 2026-1", "marker_group": "Operational Obstacle" }, "geometry": { "type": "Point", "coordinates": [ 4.886384021245148, 52.407409772017516 ] } },
{ "type": "Feature", "properties": { "type": "Obstacle", "comment": "Not specified", "area_name": "Amsterdam Noord 1 2026-1", "marker_group": "Operational Obstacle" }, "geometry": { "type": "Point", "coordinates": [ 4.884219478768921, 52.416408295155762 ] } },
{ "type": "Feature", "properties": { "type": "Obstacle", "comment": "Not specified", "area_name": "Amsterdam Noord 1 2026-1", "marker_group": "Operational Obstacle" }, "geometry": { "type": "Point", "coordinates": [ 4.892292927831396, 52.413101960230165 ] } },
{ "type": "Feature", "properties": { "type": "Under Construction", "comment": "Not specified", "area_name": "Amsterdam Noord 1 2026-1", "marker_group": "Temporary Disruption" }, "geometry": { "type": "Point", "coordinates": [ 4.893601845601467, 52.402726541481755 ] } },
{ "type": "Feature", "properties": { "type": "Obstacle", "comment": "Not specified", "area_name": "Amsterdam Noord 1 2026-1", "marker_group": "Operational Obstacle" }, "geometry": { "type": "Point", "coordinates": [ 4.880099605792426, 52.41960641886665 ] } },
{ "type": "Feature", "properties": { "type": "Under Construction", "comment": "Not specified", "area_name": "Amsterdam Noord 1 2026-1", "marker_group": "Temporary Disruption" }, "geometry": { "type": "Point", "coordinates": [ 4.892413627029443, 52.403708392004141 ] } },
{ "type": "Feature", "properties": { "type": "Obstacle", "comment": "Not specified", "area_name": "Amsterdam Noord 1 2026-1", "marker_group": "Operational Obstacle" }, "geometry": { "type": "Point", "coordinates": [ 4.89058972512696, 52.414014867179702 ] } },
{ "type": "Feature", "properties": { "type": "Obstacle", "comment": "Not specified", "area_name": "Amsterdam Noord 1 2026-1", "marker_group": "Operational Obstacle" }, "geometry": { "type": "Point", "coordinates": [ 4.893178056571429, 52.40247125677282 ] } },
{ "type": "Feature", "properties": { "type": "Obstacle", "comment": "Not specified", "area_name": "Amsterdam Noord 1 2026-1", "marker_group": "Operational Obstacle" }, "geometry": { "type": "Point", "coordinates": [ 4.883658897051034, 52.414883583708608 ] } },
{ "type": "Feature", "properties": { "type": "Under Construction", "comment": "Not specified", "area_name": "Amsterdam Noord 1 2026-1", "marker_group": "Temporary Disruption" }, "geometry": { "type": "Point", "coordinates": [ 4.89114762440683, 52.405181126813247 ] } },
{ "type": "Feature", "properties": { "type": "Under Construction", "comment": "Not specified", "area_name": "Amsterdam Noord 1 2026-1", "marker_group": "Temporary Disruption" }, "geometry": { "type": "Point", "coordinates": [ 4.891032289588452, 52.412838555264365 ] } },
{ "type": "Feature", "properties": { "type": "Obstacle", "comment": "Not specified", "area_name": "Amsterdam Noord 1 2026-1", "marker_group": "Operational Obstacle" }, "geometry": { "type": "Point", "coordinates": [ 4.88428385178648, 52.416462280753159 ] } },
{ "type": "Feature", "properties": { "type": "Obstacle", "comment": "Not specified", "area_name": "Amsterdam Noord 1 2026-1", "marker_group": "Operational Obstacle" }, "geometry": { "type": "Point", "coordinates": [ 4.884353589176655, 52.41446313361142 ] } },
{ "type": "Feature", "properties": { "type": "Under Construction", "comment": "Not specified", "area_name": "Amsterdam Noord 1 2026-1", "marker_group": "Temporary Disruption" }, "geometry": { "type": "Point", "coordinates": [ 4.881818901682853, 52.415616498812554 ] } },
{ "type": "Feature", "properties": { "type": "Under Construction", "comment": "Not specified", "area_name": "Amsterdam Noord 1 2026-1", "marker_group": "Temporary Disruption" }, "geometry": { "type": "Point", "coordinates": [ 4.891563366967049, 52.412548971576221 ] } },
{ "type": "Feature", "properties": { "type": "Under Construction", "comment": "Not specified", "area_name": "Amsterdam Noord 1 2026-1", "marker_group": "Temporary Disruption" }, "geometry": { "type": "Point", "coordinates": [ 4.882293652673322, 52.415380920287063 ] } },
{ "type": "Feature", "properties": { "type": "Car Limitation", "comment": "Not specified", "area_name": "Amsterdam Noord 1 2026-1", "marker_group": "Access / Structural Limitation" }, "geometry": { "type": "Point", "coordinates": [ 4.883253883484134, 52.414630005342772 ] } },
{ "type": "Feature", "properties": { "type": "Obstacle", "comment": "Not specified", "area_name": "Amsterdam Noord 1 2026-1", "marker_group": "Operational Obstacle" }, "geometry": { "type": "Point", "coordinates": [ 4.878812145444565, 52.418675633410253 ] } },
{ "type": "Feature", "properties": { "type": "Under Construction", "comment": "Not specified", "area_name": "Amsterdam Noord 1 2026-1", "marker_group": "Temporary Disruption" }, "geometry": { "type": "Point", "coordinates": [ 4.881725024368048, 52.415649217952875 ] } },
{ "type": "Feature", "properties": { "type": "Under Construction", "comment": "Not specified", "area_name": "Amsterdam Noord 1 2026-1", "marker_group": "Temporary Disruption" }, "geometry": { "type": "Point", "coordinates": [ 4.881531905315083, 52.415474170275324 ] } },
{ "type": "Feature", "properties": { "type": "Under Construction", "comment": "Not specified", "area_name": "Amsterdam Noord 1 2026-1", "marker_group": "Temporary Disruption" }, "geometry": { "type": "Point", "coordinates": [ 4.89144266737593, 52.404160035910408 ] } },
{ "type": "Feature", "properties": { "type": "Under Construction", "comment": "Not specified", "area_name": "Amsterdam Noord 1 2026-1", "marker_group": "Temporary Disruption" }, "geometry": { "type": "Point", "coordinates": [ 4.894033681260654, 52.403076737334594 ] } },
{ "type": "Feature", "properties": { "type": "Obstacle", "comment": "Not specified", "area_name": "Amsterdam Noord 1 2026-1", "marker_group": "Operational Obstacle" }, "geometry": { "type": "Point", "coordinates": [ 4.883806418538541, 52.414507305603848 ] } },
{ "type": "Feature", "properties": { "type": "Under Construction", "comment": "Not specified", "area_name": "Amsterdam Noord 1 2026-1", "marker_group": "Temporary Disruption" }, "geometry": { "type": "Point", "coordinates": [ 4.935103665769789, 52.406195648490048 ] } },
{ "type": "Feature", "properties": { "type": "Obstacle", "comment": "Not specified", "area_name": "Amsterdam Noord 1 2026-1", "marker_group": "Operational Obstacle" }, "geometry": { "type": "Point", "coordinates": [ 4.930787991526403, 52.409006734473266 ] } },
{ "type": "Feature", "properties": { "type": "Obstacle", "comment": "Not specified", "area_name": "Amsterdam Noord 1 2026-1", "marker_group": "Operational Obstacle" }, "geometry": { "type": "Point", "coordinates": [ 4.929111610869191, 52.407975914690475 ] } },
{ "type": "Feature", "properties": { "type": "Under Construction", "comment": "Not specified", "area_name": "Amsterdam Noord 1 2026-1", "marker_group": "Temporary Disruption" }, "geometry": { "type": "Point", "coordinates": [ 4.933628450803691, 52.405843841082735 ] } },
{ "type": "Feature", "properties": { "type": "Under Construction", "comment": "Not specified", "area_name": "Amsterdam Noord 1 2026-1", "marker_group": "Temporary Disruption" }, "geometry": { "type": "Point", "coordinates": [ 4.930157672247697, 52.40174630528896 ] } },
{ "type": "Feature", "properties": { "type": "Obstacle", "comment": "Not specified", "area_name": "Amsterdam Noord 1 2026-1", "marker_group": "Operational Obstacle" }, "geometry": { "type": "Point", "coordinates": [ 4.983874272047286, 52.39505426303834 ] } },
{ "type": "Feature", "properties": { "type": "Car Limitation", "comment": "Not specified", "area_name": "Amsterdam Noord 1 2026-1", "marker_group": "Access / Structural Limitation" }, "geometry": { "type": "Point", "coordinates": [ 4.946720313098961, 52.410030985390762 ] } },
{ "type": "Feature", "properties": { "type": "Under Construction", "comment": "Not specified", "area_name": "Amsterdam Noord 1 2026-1", "marker_group": "Temporary Disruption" }, "geometry": { "type": "Point", "coordinates": [ 4.964570413530073, 52.384376645300705 ] } },
{ "type": "Feature", "properties": { "type": "Obstacle", "comment": "Not specified", "area_name": "Amsterdam Noord 1 2026-1", "marker_group": "Operational Obstacle" }, "geometry": { "type": "Point", "coordinates": [ 4.93405223981993, 52.405474031185832 ] } },
{ "type": "Feature", "properties": { "type": "Obstacle", "comment": "Not specified", "area_name": "Amsterdam Noord 1 2026-1", "marker_group": "Operational Obstacle" }, "geometry": { "type": "Point", "coordinates": [ 4.935817133357574, 52.405730934833088 ] } },
{ "type": "Feature", "properties": { "type": "Obstacle", "comment": "Not specified", "area_name": "Amsterdam Noord 1 2026-1", "marker_group": "Operational Obstacle" }, "geometry": { "type": "Point", "coordinates": [ 4.966965626652621, 52.405824204962812 ] } },
{ "type": "Feature", "properties": { "type": "Obstacle", "comment": "Not specified", "area_name": "Amsterdam Noord 1 2026-1", "marker_group": "Operational Obstacle" }, "geometry": { "type": "Point", "coordinates": [ 4.935978065900426, 52.405819296255011 ] } },
{ "type": "Feature", "properties": { "type": "Obstacle", "comment": "Not specified", "area_name": "Amsterdam Noord 1 2026-1", "marker_group": "Operational Obstacle" }, "geometry": { "type": "Point", "coordinates": [ 4.934438477921396, 52.405622937309019 ] } },
{ "type": "Feature", "properties": { "type": "Obstacle", "comment": "Not specified", "area_name": "Amsterdam Noord 1 2026-1", "marker_group": "Operational Obstacle" }, "geometry": { "type": "Point", "coordinates": [ 5.002419064884937, 52.381698241539077 ] } },
{ "type": "Feature", "properties": { "type": "Unpaved Road", "comment": "Not specified", "area_name": "Amsterdam Noord 1 2026-1", "marker_group": "Access / Structural Limitation" }, "geometry": { "type": "Point", "coordinates": [ 4.966662537054551, 52.406761806837949 ] } },
{ "type": "Feature", "properties": { "type": "Under Construction", "comment": "Not specified", "area_name": "Amsterdam Noord 1 2026-1", "marker_group": "Temporary Disruption" }, "geometry": { "type": "Point", "coordinates": [ 4.964186857655013, 52.385018390215151 ] } },
{ "type": "Feature", "properties": { "type": "Obstacle", "comment": "Not specified", "area_name": "Amsterdam Noord 1 2026-1", "marker_group": "Operational Obstacle" }, "geometry": { "type": "Point", "coordinates": [ 4.983750890433305, 52.395086997432983 ] } },
{ "type": "Feature", "properties": { "type": "Obstacle", "comment": "Not specified", "area_name": "Amsterdam Noord 1 2026-1", "marker_group": "Operational Obstacle" }, "geometry": { "type": "Point", "coordinates": [ 4.931761633266198, 52.402990006533052 ] } },
{ "type": "Feature", "properties": { "type": "Under Construction", "comment": "Not specified", "area_name": "Amsterdam Noord 1 2026-1", "marker_group": "Temporary Disruption" }, "geometry": { "type": "Point", "coordinates": [ 4.933368276527847, 52.405781660877096 ] } },
{ "type": "Feature", "properties": { "type": "Under Construction", "comment": "Not specified", "area_name": "Amsterdam Noord 1 2026-1", "marker_group": "Temporary Disruption" }, "geometry": { "type": "Point", "coordinates": [ 4.904295812790609, 52.39573513408115 ] } },
{ "type": "Feature", "properties": { "type": "Under Construction", "comment": "Not specified", "area_name": "Amsterdam Noord 1 2026-1", "marker_group": "Temporary Disruption" }, "geometry": { "type": "Point", "coordinates": [ 4.903606484863062, 52.386193807457488 ] } },
{ "type": "Feature", "properties": { "type": "Car Limitation", "comment": "Not specified", "area_name": "Amsterdam Noord 1 2026-1", "marker_group": "Access / Structural Limitation" }, "geometry": { "type": "Point", "coordinates": [ 4.913624535548778, 52.386820792643228 ] } },
{ "type": "Feature", "properties": { "type": "Under Construction", "comment": "Not specified", "area_name": "Amsterdam Noord 1 2026-1", "marker_group": "Temporary Disruption" }, "geometry": { "type": "Point", "coordinates": [ 4.912009845795295, 52.390160198623605 ] } },
{ "type": "Feature", "properties": { "type": "Under Construction", "comment": "Not specified", "area_name": "Amsterdam Noord 1 2026-1", "marker_group": "Temporary Disruption" }, "geometry": { "type": "Point", "coordinates": [ 4.911087165828463, 52.387187484882013 ] } },
{ "type": "Feature", "properties": { "type": "Under Construction", "comment": "Not specified", "area_name": "Amsterdam Noord 1 2026-1", "marker_group": "Temporary Disruption" }, "geometry": { "type": "Point", "coordinates": [ 4.90633697395445, 52.400412560575106 ] } },
{ "type": "Feature", "properties": { "type": "Under Construction", "comment": "Not specified", "area_name": "Amsterdam Noord 1 2026-1", "marker_group": "Temporary Disruption" }, "geometry": { "type": "Point", "coordinates": [ 4.911446581870964, 52.388749166731891 ] } },
{ "type": "Feature", "properties": { "type": "Obstacle", "comment": "Not specified", "area_name": "Amsterdam Noord 1 2026-1", "marker_group": "Operational Obstacle" }, "geometry": { "type": "Point", "coordinates": [ 4.912940572695997, 52.407033429928831 ] } },
{ "type": "Feature", "properties": { "type": "Under Construction", "comment": "Not specified", "area_name": "Amsterdam Noord 1 2026-1", "marker_group": "Temporary Disruption" }, "geometry": { "type": "Point", "coordinates": [ 4.91209567644665, 52.388477431506587 ] } },
{ "type": "Feature", "properties": { "type": "Obstacle", "comment": "Not specified", "area_name": "Amsterdam Noord 1 2026-1", "marker_group": "Operational Obstacle" }, "geometry": { "type": "Point", "coordinates": [ 4.898604165341903, 52.399427363662952 ] } },
{ "type": "Feature", "properties": { "type": "Under Construction", "comment": "Not specified", "area_name": "Amsterdam Noord 1 2026-1", "marker_group": "Temporary Disruption" }, "geometry": { "type": "Point", "coordinates": [ 4.903770099609051, 52.386015368767595 ] } },
{ "type": "Feature", "properties": { "type": "Private Property", "comment": "Not specified", "area_name": "Amsterdam Noord 1 2026-1", "marker_group": "Access / Structural Limitation" }, "geometry": { "type": "Point", "coordinates": [ 4.906814407094616, 52.397489636261788 ] } },
{ "type": "Feature", "properties": { "type": "Car Limitation", "comment": "Not specified", "area_name": "Amsterdam Noord 1 2026-1", "marker_group": "Access / Structural Limitation" }, "geometry": { "type": "Point", "coordinates": [ 4.912524830212808, 52.403145466883657 ] } },
{ "type": "Feature", "properties": { "type": "Under Construction", "comment": "Not specified", "area_name": "Amsterdam Noord 1 2026-1", "marker_group": "Temporary Disruption" }, "geometry": { "type": "Point", "coordinates": [ 4.917586158582872, 52.401261906995465 ] } },
{ "type": "Feature", "properties": { "type": "Obstacle", "comment": "Not specified", "area_name": "Amsterdam Noord 1 2026-1", "marker_group": "Operational Obstacle" }, "geometry": { "type": "Point", "coordinates": [ 4.91279305123723, 52.40871221713779 ] } },
{ "type": "Feature", "properties": { "type": "Under Construction", "comment": "Not specified", "area_name": "Amsterdam Noord 1 2026-1", "marker_group": "Temporary Disruption" }, "geometry": { "type": "Point", "coordinates": [ 4.910599003823885, 52.388827740466603 ] } },
{ "type": "Feature", "properties": { "type": "Car Limitation", "comment": "Not specified", "area_name": "Amsterdam Noord 1 2026-1", "marker_group": "Access / Structural Limitation" }, "geometry": { "type": "Point", "coordinates": [ 4.913863252154418, 52.386969761722114 ] } },
{ "type": "Feature", "properties": { "type": "Under Construction", "comment": "Not specified", "area_name": "Amsterdam Noord 1 2026-1", "marker_group": "Temporary Disruption" }, "geometry": { "type": "Point", "coordinates": [ 4.902946661474584, 52.387519797140598 ] } },
{ "type": "Feature", "properties": { "type": "Obstacle", "comment": "Not specified", "area_name": "Amsterdam Noord 1 2026-1", "marker_group": "Operational Obstacle" }, "geometry": { "type": "Point", "coordinates": [ 4.90782828183584, 52.385414565278715 ] } },
{ "type": "Feature", "properties": { "type": "Under Construction", "comment": "Not specified", "area_name": "Amsterdam Noord 1 2026-1", "marker_group": "Temporary Disruption" }, "geometry": { "type": "Point", "coordinates": [ 4.911406348682962, 52.386357511977536 ] } },
{ "type": "Feature", "properties": { "type": "Obstacle", "comment": "Not specified", "area_name": "Amsterdam Noord 1 2026-1", "marker_group": "Operational Obstacle" }, "geometry": { "type": "Point", "coordinates": [ 4.892633568459691, 52.41687289625105 ] } },
{ "type": "Feature", "properties": { "type": "Under Construction", "comment": "Not specified", "area_name": "Amsterdam Noord 1 2026-1", "marker_group": "Temporary Disruption" }, "geometry": { "type": "Point", "coordinates": [ 4.917438637087835, 52.40129790976323 ] } },
{ "type": "Feature", "properties": { "type": "Obstacle", "comment": "Not specified", "area_name": "Amsterdam Noord 1 2026-1", "marker_group": "Operational Obstacle" }, "geometry": { "type": "Point", "coordinates": [ 4.911484132919989, 52.394314459862827 ] } },
{ "type": "Feature", "properties": { "type": "Under Construction", "comment": "Not specified", "area_name": "Amsterdam Noord 1 2026-1", "marker_group": "Temporary Disruption" }, "geometry": { "type": "Point", "coordinates": [ 4.902922521602082, 52.387911038337144 ] } },
{ "type": "Feature", "properties": { "type": "Obstacle", "comment": "Not specified", "area_name": "Amsterdam Noord 1 2026-1", "marker_group": "Operational Obstacle" }, "geometry": { "type": "Point", "coordinates": [ 4.893068086353351, 52.41837463695142 ] } },
{ "type": "Feature", "properties": { "type": "Obstacle", "comment": "Not specified", "area_name": "Amsterdam Noord 1 2026-1", "marker_group": "Operational Obstacle" }, "geometry": { "type": "Point", "coordinates": [ 4.904263626278886, 52.395574737676291 ] } },
{ "type": "Feature", "properties": { "type": "Under Construction", "comment": "Not specified", "area_name": "Amsterdam Noord 1 2026-1", "marker_group": "Temporary Disruption" }, "geometry": { "type": "Point", "coordinates": [ 4.91237999062928, 52.389701863739624 ] } },
{ "type": "Feature", "properties": { "type": "Under Construction", "comment": "Not specified", "area_name": "Amsterdam Noord 1 2026-1", "marker_group": "Temporary Disruption" }, "geometry": { "type": "Point", "coordinates": [ 4.906940470977373, 52.400163808592268 ] } },
{ "type": "Feature", "properties": { "type": "Obstacle", "comment": "Not specified", "area_name": "Amsterdam Noord 1 2026-1", "marker_group": "Operational Obstacle" }, "geometry": { "type": "Point", "coordinates": [ 4.91364062916193, 52.403091464975091 ] } },
{ "type": "Feature", "properties": { "type": "Car Limitation", "comment": "Not specified", "area_name": "Amsterdam Noord 1 2026-1", "marker_group": "Access / Structural Limitation" }, "geometry": { "type": "Point", "coordinates": [ 4.912438999521865, 52.403034190171013 ] } },
{ "type": "Feature", "properties": { "type": "Under Construction", "comment": "Not specified", "area_name": "Amsterdam Noord 1 2026-1", "marker_group": "Temporary Disruption" }, "geometry": { "type": "Point", "coordinates": [ 4.921142767849016, 52.406338007088991 ] } },
{ "type": "Feature", "properties": { "type": "Under Construction", "comment": "Not specified", "area_name": "Amsterdam Noord 1 2026-1", "marker_group": "Temporary Disruption" }, "geometry": { "type": "Point", "coordinates": [ 4.919568311132629, 52.405228580549206 ] } },
{ "type": "Feature", "properties": { "type": "Car Limitation", "comment": "Not specified", "area_name": "Amsterdam Noord 1 2026-1", "marker_group": "Access / Structural Limitation" }, "geometry": { "type": "Point", "coordinates": [ 4.917583476519085, 52.407841742817901 ] } },
{ "type": "Feature", "properties": { "type": "Car Limitation", "comment": "Not specified", "area_name": "Amsterdam Noord 1 2026-1", "marker_group": "Access / Structural Limitation" }, "geometry": { "type": "Point", "coordinates": [ 4.917830239752957, 52.40804463685263 ] } },
{ "type": "Feature", "properties": { "type": "Under Construction", "comment": "Not specified", "area_name": "Amsterdam Noord 1 2026-1", "marker_group": "Temporary Disruption" }, "geometry": { "type": "Point", "coordinates": [ 4.919726561463478, 52.405181126577553 ] } },
{ "type": "Feature", "properties": { "type": "Under Construction", "comment": "Not specified", "area_name": "Amsterdam Noord 1 2026-1", "marker_group": "Temporary Disruption" }, "geometry": { "type": "Point", "coordinates": [ 4.920346151770683, 52.40630037213873 ] } },
{ "type": "Feature", "properties": { "type": "Under Construction", "comment": "Not specified", "area_name": "Amsterdam Oost 1 2026-1", "marker_group": "Temporary Disruption" }, "geometry": { "type": "Point", "coordinates": [ 4.93280769372157, 52.35485448563503 ] } },
{ "type": "Feature", "properties": { "type": "Under Construction", "comment": "Not specified", "area_name": "Amsterdam Oost 1 2026-1", "marker_group": "Temporary Disruption" }, "geometry": { "type": "Point", "coordinates": [ 4.939148435860756, 52.356079850263598 ] } },
{ "type": "Feature", "properties": { "type": "Under Construction", "comment": "Not specified", "area_name": "Amsterdam Oost 1 2026-1", "marker_group": "Temporary Disruption" }, "geometry": { "type": "Point", "coordinates": [ 4.939397881535864, 52.366833097365209 ] } },
{ "type": "Feature", "properties": { "type": "Private Property", "comment": "Not specified", "area_name": "Amsterdam Oost 1 2026-1", "marker_group": "Access / Structural Limitation" }, "geometry": { "type": "Point", "coordinates": [ 4.972692142154608, 52.371934445904152 ] } },
{ "type": "Feature", "properties": { "type": "Under Construction", "comment": "Not specified", "area_name": "Amsterdam Oost 1 2026-1", "marker_group": "Temporary Disruption" }, "geometry": { "type": "Point", "coordinates": [ 4.939389834911847, 52.366970669556984 ] } },
{ "type": "Feature", "properties": { "type": "Under Construction", "comment": "Not specified", "area_name": "Amsterdam Oost 1 2026-1", "marker_group": "Temporary Disruption" }, "geometry": { "type": "Point", "coordinates": [ 4.938708553859139, 52.368659169539967 ] } },
{ "type": "Feature", "properties": { "type": "Car Limitation", "comment": "Not specified", "area_name": "Amsterdam Oost 1 2026-1", "marker_group": "Access / Structural Limitation" }, "geometry": { "type": "Point", "coordinates": [ 4.94136930519422, 52.368292323410408 ] } },
{ "type": "Feature", "properties": { "type": "Under Construction", "comment": "Not specified", "area_name": "Amsterdam Oost 1 2026-1", "marker_group": "Temporary Disruption" }, "geometry": { "type": "Point", "coordinates": [ 4.954297552702855, 52.370793039715593 ] } },
{ "type": "Feature", "properties": { "type": "Under Construction", "comment": "Not specified", "area_name": "Amsterdam Oost 1 2026-1", "marker_group": "Temporary Disruption" }, "geometry": { "type": "Point", "coordinates": [ 4.933360228789258, 52.355332840591402 ] } },
{ "type": "Feature", "properties": { "type": "Under Construction", "comment": "Not specified", "area_name": "Amsterdam Oost 1 2026-1", "marker_group": "Temporary Disruption" }, "geometry": { "type": "Point", "coordinates": [ 4.93661106609686, 52.354471142617115 ] } },
{ "type": "Feature", "properties": { "type": "Under Construction", "comment": "Not specified", "area_name": "Amsterdam Oost 1 2026-1", "marker_group": "Temporary Disruption" }, "geometry": { "type": "Point", "coordinates": [ 4.932550201660501, 52.355054346901227 ] } },
{ "type": "Feature", "properties": { "type": "Under Construction", "comment": "Not specified", "area_name": "Amsterdam Oost 1 2026-1", "marker_group": "Temporary Disruption" }, "geometry": { "type": "Point", "coordinates": [ 4.938225755944345, 52.355391815461935 ] } },
{ "type": "Feature", "properties": { "type": "Obstacle", "comment": "Not specified", "area_name": "Amsterdam Oost 1 2026-1", "marker_group": "Operational Obstacle" }, "geometry": { "type": "Point", "coordinates": [ 4.92972315319086, 52.347445875612941 ] } },
{ "type": "Feature", "properties": { "type": "Under Construction", "comment": "Not specified", "area_name": "Amsterdam Oost 1 2026-1", "marker_group": "Temporary Disruption" }, "geometry": { "type": "Point", "coordinates": [ 4.935951242731731, 52.356862886397472 ] } },
{ "type": "Feature", "properties": { "type": "Under Construction", "comment": "Not specified", "area_name": "Amsterdam Oost 1 2026-1", "marker_group": "Temporary Disruption" }, "geometry": { "type": "Point", "coordinates": [ 4.932909617661628, 52.354739810730351 ] } },
{ "type": "Feature", "properties": { "type": "Under Construction", "comment": "Not specified", "area_name": "Amsterdam Oost 1 2026-1", "marker_group": "Temporary Disruption" }, "geometry": { "type": "Point", "coordinates": [ 4.938054094614592, 52.35753779339845 ] } },
{ "type": "Feature", "properties": { "type": "Obstacle", "comment": "Not specified", "area_name": "Amsterdam Oost 1 2026-1", "marker_group": "Operational Obstacle" }, "geometry": { "type": "Point", "coordinates": [ 4.932169327931785, 52.352849270149626 ] } },
{ "type": "Feature", "properties": { "type": "Under Construction", "comment": "Not specified", "area_name": "Amsterdam Oost 1 2026-1", "marker_group": "Temporary Disruption" }, "geometry": { "type": "Point", "coordinates": [ 4.938595900793002, 52.355598227026434 ] } },
{ "type": "Feature", "properties": { "type": "Under Construction", "comment": "Not specified", "area_name": "Amsterdam Oost 1 2026-1", "marker_group": "Temporary Disruption" }, "geometry": { "type": "Point", "coordinates": [ 4.937168965579906, 52.354828274218754 ] } },
{ "type": "Feature", "properties": { "type": "Under Construction", "comment": "Not specified", "area_name": "Amsterdam Oost 1 2026-1", "marker_group": "Temporary Disruption" }, "geometry": { "type": "Point", "coordinates": [ 4.937726865063383, 52.355205061312411 ] } },
{ "type": "Feature", "properties": { "type": "Under Construction", "comment": "Not specified", "area_name": "Amsterdam Oost 1 2026-1", "marker_group": "Temporary Disruption" }, "geometry": { "type": "Point", "coordinates": [ 5.015167603654025, 52.350673573289278 ] } },
{ "type": "Feature", "properties": { "type": "Under Construction", "comment": "Not specified", "area_name": "Amsterdam Oost 1 2026-1", "marker_group": "Temporary Disruption" }, "geometry": { "type": "Point", "coordinates": [ 5.014100084549302, 52.354477694879542 ] } },
{ "type": "Feature", "properties": { "type": "Under Construction", "comment": "Not specified", "area_name": "Amsterdam Oost 1 2026-1", "marker_group": "Temporary Disruption" }, "geometry": { "type": "Point", "coordinates": [ 5.0152185656158, 52.350239404230898 ] } },
{ "type": "Feature", "properties": { "type": "Under Construction", "comment": "Not specified", "area_name": "Amsterdam Oost 1 2026-1", "marker_group": "Temporary Disruption" }, "geometry": { "type": "Point", "coordinates": [ 5.000678310651328, 52.355142809234735 ] } },
{ "type": "Feature", "properties": { "type": "Under Construction", "comment": "Not specified", "area_name": "Amsterdam Oost 1 2026-1", "marker_group": "Temporary Disruption" }, "geometry": { "type": "Point", "coordinates": [ 5.014786729976796, 52.350807919080331 ] } },
{ "type": "Feature", "properties": { "type": "Under Construction", "comment": "Not specified", "area_name": "Amsterdam Oost 1 2026-1", "marker_group": "Temporary Disruption" }, "geometry": { "type": "Point", "coordinates": [ 5.008746395318203, 52.352809950659669 ] } },
{ "type": "Feature", "properties": { "type": "Under Construction", "comment": "Not specified", "area_name": "Amsterdam Oost 1 2026-1", "marker_group": "Temporary Disruption" }, "geometry": { "type": "Point", "coordinates": [ 5.013858685729308, 52.354084519191858 ] } },
{ "type": "Feature", "properties": { "type": "Obstacle", "comment": "Not specified", "area_name": "Amsterdam Oost 1 2026-1", "marker_group": "Operational Obstacle" }, "geometry": { "type": "Point", "coordinates": [ 5.014719674787749, 52.352465909091748 ] } },
{ "type": "Feature", "properties": { "type": "Under Construction", "comment": "Not specified", "area_name": "Amsterdam Oost 1 2026-1", "marker_group": "Temporary Disruption" }, "geometry": { "type": "Point", "coordinates": [ 5.011063823918559, 52.353317816559702 ] } },
{ "type": "Feature", "properties": { "type": "Under Construction", "comment": "Not specified", "area_name": "Amsterdam Oost 1 2026-1", "marker_group": "Temporary Disruption" }, "geometry": { "type": "Point", "coordinates": [ 5.015564570643902, 52.353211328991051 ] } },
{ "type": "Feature", "properties": { "type": "Under Construction", "comment": "Not specified", "area_name": "Amsterdam Oost 1 2026-1", "marker_group": "Temporary Disruption" }, "geometry": { "type": "Point", "coordinates": [ 5.014051804771801, 52.353783082126206 ] } },
{ "type": "Feature", "properties": { "type": "Under Construction", "comment": "Not specified", "area_name": "Amsterdam Oost 1 2026-1", "marker_group": "Temporary Disruption" }, "geometry": { "type": "Point", "coordinates": [ 5.015046904314792, 52.353706084277441 ] } },
{ "type": "Feature", "properties": { "type": "Under Construction", "comment": "Not specified", "area_name": "Amsterdam Oost 1 2026-1", "marker_group": "Temporary Disruption" }, "geometry": { "type": "Point", "coordinates": [ 5.008228728967442, 52.352316823655194 ] } },
{ "type": "Feature", "properties": { "type": "Obstacle", "comment": "Not specified", "area_name": "Amsterdam Oost 1 2026-1", "marker_group": "Operational Obstacle" }, "geometry": { "type": "Point", "coordinates": [ 4.956419179935044, 52.366297544255957 ] } },
{ "type": "Feature", "properties": { "type": "Obstacle", "comment": "Not specified", "area_name": "Amsterdam Oost 1 2026-1", "marker_group": "Operational Obstacle" }, "geometry": { "type": "Point", "coordinates": [ 4.934508214675676, 52.374764089677626 ] } },
{ "type": "Feature", "properties": { "type": "Under Construction", "comment": "Not specified", "area_name": "Amsterdam Oost 1 2026-1", "marker_group": "Temporary Disruption" }, "geometry": { "type": "Point", "coordinates": [ 4.939593682782333, 52.366304095540372 ] } },
{ "type": "Feature", "properties": { "type": "Under Construction", "comment": "Not specified", "area_name": "Amsterdam Oost 1 2026-1", "marker_group": "Temporary Disruption" }, "geometry": { "type": "Point", "coordinates": [ 4.916094848974351, 52.337931805962668 ] } },
{ "type": "Feature", "properties": { "type": "Obstacle", "comment": "Not specified", "area_name": "Amsterdam Oost 1 2026-1", "marker_group": "Operational Obstacle" }, "geometry": { "type": "Point", "coordinates": [ 4.919640729200899, 52.333762405547596 ] } },
{ "type": "Feature", "properties": { "type": "Obstacle", "comment": "Not specified", "area_name": "Amsterdam Oost 1 2026-1", "marker_group": "Operational Obstacle" }, "geometry": { "type": "Point", "coordinates": [ 4.919125745087443, 52.33455730977149 ] } },
{ "type": "Feature", "properties": { "type": "Under Construction", "comment": "Not specified", "area_name": "Amsterdam Oost 1 2026-1", "marker_group": "Temporary Disruption" }, "geometry": { "type": "Point", "coordinates": [ 4.91450966362296, 52.345954828889184 ] } },
{ "type": "Feature", "properties": { "type": "Under Construction", "comment": "Not specified", "area_name": "Amsterdam Oost 1 2026-1", "marker_group": "Temporary Disruption" }, "geometry": { "type": "Point", "coordinates": [ 4.917580792757902, 52.33743359639444 ] } },
{ "type": "Feature", "properties": { "type": "Under Construction", "comment": "Not specified", "area_name": "Amsterdam Oost 1 2026-1", "marker_group": "Temporary Disruption" }, "geometry": { "type": "Point", "coordinates": [ 4.938620040518623, 52.348530539560777 ] } },
{ "type": "Feature", "properties": { "type": "Under Construction", "comment": "Not specified", "area_name": "Amsterdam Oost 1 2026-1", "marker_group": "Temporary Disruption" }, "geometry": { "type": "Point", "coordinates": [ 4.914976367856506, 52.339819707039354 ] } },
{ "type": "Feature", "properties": { "type": "Under Construction", "comment": "Not specified", "area_name": "Amsterdam Oost 1 2026-1", "marker_group": "Temporary Disruption" }, "geometry": { "type": "Point", "coordinates": [ 4.916961202623876, 52.344178615121479 ] } },
{ "type": "Feature", "properties": { "type": "Under Construction", "comment": "Not specified", "area_name": "Amsterdam Oost 1 2026-1", "marker_group": "Temporary Disruption" }, "geometry": { "type": "Point", "coordinates": [ 4.935141215474471, 52.350745661981797 ] } },
{ "type": "Feature", "properties": { "type": "Under Construction", "comment": "Not specified", "area_name": "Amsterdam Oost 1 2026-1", "marker_group": "Temporary Disruption" }, "geometry": { "type": "Point", "coordinates": [ 4.916408667565195, 52.344109793600197 ] } },
{ "type": "Feature", "properties": { "type": "Under Construction", "comment": "Not specified", "area_name": "Amsterdam Oost 1 2026-1", "marker_group": "Temporary Disruption" }, "geometry": { "type": "Point", "coordinates": [ 4.936270425621246, 52.357621337011572 ] } },
{ "type": "Feature", "properties": { "type": "Private Property", "comment": "Not specified", "area_name": "Amsterdam Oost 1 2026-1", "marker_group": "Access / Structural Limitation" }, "geometry": { "type": "Point", "coordinates": [ 4.923318038116759, 52.349923196158848 ] } },
{ "type": "Feature", "properties": { "type": "Under Construction", "comment": "Not specified", "area_name": "Amsterdam Oost 1 2026-1", "marker_group": "Temporary Disruption" }, "geometry": { "type": "Point", "coordinates": [ 4.908265481282474, 52.357174131434199 ] } },
{ "type": "Feature", "properties": { "type": "Under Construction", "comment": "Not specified", "area_name": "Amsterdam Oost 1 2026-1", "marker_group": "Temporary Disruption" }, "geometry": { "type": "Point", "coordinates": [ 4.93235708228434, 52.340193344427881 ] } },
{ "type": "Feature", "properties": { "type": "Under Construction", "comment": "Not specified", "area_name": "Amsterdam Oost 1 2026-1", "marker_group": "Temporary Disruption" }, "geometry": { "type": "Point", "coordinates": [ 4.915019283620233, 52.358861367714802 ] } },
{ "type": "Feature", "properties": { "type": "Obstacle", "comment": "Not specified", "area_name": "Amsterdam Oost 1 2026-1", "marker_group": "Operational Obstacle" }, "geometry": { "type": "Point", "coordinates": [ 4.934274861705092, 52.339046201605996 ] } },
{ "type": "Feature", "properties": { "type": "Under Construction", "comment": "Not specified", "area_name": "Amsterdam Oost 1 2026-1", "marker_group": "Temporary Disruption" }, "geometry": { "type": "Point", "coordinates": [ 4.932206878899326, 52.354726705013931 ] } },
{ "type": "Feature", "properties": { "type": "Under Construction", "comment": "Not specified", "area_name": "Amsterdam Oost 1 2026-1", "marker_group": "Temporary Disruption" }, "geometry": { "type": "Point", "coordinates": [ 4.936133632802717, 52.350408157889603 ] } },
{ "type": "Feature", "properties": { "type": "Under Construction", "comment": "Not specified", "area_name": "Amsterdam Oost 1 2026-1", "marker_group": "Temporary Disruption" }, "geometry": { "type": "Point", "coordinates": [ 4.939867267701741, 52.348120926355797 ] } },
{ "type": "Feature", "properties": { "type": "Under Construction", "comment": "Not specified", "area_name": "Amsterdam Oost 1 2026-1", "marker_group": "Temporary Disruption" }, "geometry": { "type": "Point", "coordinates": [ 4.937810013406371, 52.349002409263093 ] } },
{ "type": "Feature", "properties": { "type": "Car Limitation", "comment": "Not specified", "area_name": "Amsterdam Weesp 1 2026-1", "marker_group": "Access / Structural Limitation" }, "geometry": { "type": "Point", "coordinates": [ 5.036281951892609, 52.299002113608246 ] } },
{ "type": "Feature", "properties": { "type": "Car Limitation", "comment": "Not specified", "area_name": "Amsterdam Weesp 1 2026-1", "marker_group": "Access / Structural Limitation" }, "geometry": { "type": "Point", "coordinates": [ 5.028594740825246, 52.297673466696658 ] } },
{ "type": "Feature", "properties": { "type": "Private Property", "comment": "Not specified", "area_name": "Amsterdam Weesp 1 2026-1", "marker_group": "Access / Structural Limitation" }, "geometry": { "type": "Point", "coordinates": [ 5.076965698177318, 52.296167618207114 ] } },
{ "type": "Feature", "properties": { "type": "Hike or Bike Trail", "comment": "Not specified", "area_name": "Amsterdam Weesp 1 2026-1", "marker_group": "Access / Structural Limitation" }, "geometry": { "type": "Point", "coordinates": [ 5.036255129780884, 52.298014653858218 ] } },
{ "type": "Feature", "properties": { "type": "Obstacle", "comment": "Not specified", "area_name": "Amsterdam Weesp 1 2026-1", "marker_group": "Operational Obstacle" }, "geometry": { "type": "Point", "coordinates": [ 5.033015021465393, 52.306031796990077 ] } },
{ "type": "Feature", "properties": { "type": "Private Property", "comment": "Not specified", "area_name": "Amsterdam Weesp 1 2026-1", "marker_group": "Access / Structural Limitation" }, "geometry": { "type": "Point", "coordinates": [ 5.036493846500368, 52.303374884982816 ] } },
{ "type": "Feature", "properties": { "type": "Unknown", "comment": "Not specified", "area_name": "Amsterdam Weesp 1 2026-1", "marker_group": "Unclear / Other" }, "geometry": { "type": "Point", "coordinates": [ 5.046780118408749, 52.318671265734473 ] } },
{ "type": "Feature", "properties": { "type": "Car Limitation", "comment": "Not specified", "area_name": "Amsterdam Weesp 1 2026-1", "marker_group": "Access / Structural Limitation" }, "geometry": { "type": "Point", "coordinates": [ 5.052042612468743, 52.317379280114544 ] } },
{ "type": "Feature", "properties": { "type": "Unknown", "comment": "Not specified", "area_name": "Amsterdam Weesp 1 2026-1", "marker_group": "Unclear / Other" }, "geometry": { "type": "Point", "coordinates": [ 5.047541865767333, 52.318589288068736 ] } },
{ "type": "Feature", "properties": { "type": "Under Construction", "comment": "Not specified", "area_name": "Amsterdam Weesp 1 2026-1", "marker_group": "Temporary Disruption" }, "geometry": { "type": "Point", "coordinates": [ 5.052214273848739, 52.31751700626004 ] } },
{ "type": "Feature", "properties": { "type": "Unknown", "comment": "Not specified", "area_name": "Amsterdam Weesp 1 2026-1", "marker_group": "Unclear / Other" }, "geometry": { "type": "Point", "coordinates": [ 5.049322852543098, 52.318110535489417 ] } },
{ "type": "Feature", "properties": { "type": "Unknown", "comment": "Not specified", "area_name": "Amsterdam Weesp 1 2026-1", "marker_group": "Unclear / Other" }, "geometry": { "type": "Point", "coordinates": [ 5.048459181244438, 52.318307283752731 ] } },
{ "type": "Feature", "properties": { "type": "Unknown", "comment": "Not specified", "area_name": "Amsterdam Weesp 1 2026-1", "marker_group": "Unclear / Other" }, "geometry": { "type": "Point", "coordinates": [ 5.05019188826108, 52.317972811182479 ] } },
{ "type": "Feature", "properties": { "type": "Car Limitation", "comment": "Not specified", "area_name": "Amsterdam Weesp 1 2026-1", "marker_group": "Access / Structural Limitation" }, "geometry": { "type": "Point", "coordinates": [ 5.040678092637565, 52.306720599932859 ] } },
{ "type": "Feature", "properties": { "type": "Obstacle", "comment": "Not specified", "area_name": "Amsterdam Weesp 1 2026-1", "marker_group": "Operational Obstacle" }, "geometry": { "type": "Point", "coordinates": [ 5.039908298501726, 52.299927222005479 ] } },
{ "type": "Feature", "properties": { "type": "Under Construction", "comment": "Not specified", "area_name": "Amsterdam Weesp 1 2026-1", "marker_group": "Temporary Disruption" }, "geometry": { "type": "Point", "coordinates": [ 5.056607732256498, 52.31937298820592 ] } },
{ "type": "Feature", "properties": { "type": "Unknown", "comment": "Not specified", "area_name": "Amsterdam Weesp 1 2026-1", "marker_group": "Unclear / Other" }, "geometry": { "type": "Point", "coordinates": [ 5.041372785105227, 52.32194368991459 ] } },
{ "type": "Feature", "properties": { "type": "Car Limitation", "comment": "Not specified", "area_name": "Amsterdam Weesp 1 2026-1", "marker_group": "Access / Structural Limitation" }, "geometry": { "type": "Point", "coordinates": [ 5.019185552092277, 52.320225533650479 ] } },
{ "type": "Feature", "properties": { "type": "Unpaved Road", "comment": "Not specified", "area_name": "Amsterdam Weesp 1 2026-1", "marker_group": "Access / Structural Limitation" }, "geometry": { "type": "Point", "coordinates": [ 5.031968960187728, 52.316934946573554 ] } },
{ "type": "Feature", "properties": { "type": "Under Construction", "comment": "Not specified", "area_name": "Amsterdam Weesp 1 2026-1", "marker_group": "Temporary Disruption" }, "geometry": { "type": "Point", "coordinates": [ 5.056189307652386, 52.319477917728058 ] } },
{ "type": "Feature", "properties": { "type": "Under Construction", "comment": "Not specified", "area_name": "Amsterdam Weesp 1 2026-1", "marker_group": "Temporary Disruption" }, "geometry": { "type": "Point", "coordinates": [ 5.053260335366176, 52.317582589980269 ] } },
{ "type": "Feature", "properties": { "type": "Under Construction", "comment": "Not specified", "area_name": "Amsterdam Weesp 1 2026-1", "marker_group": "Temporary Disruption" }, "geometry": { "type": "Point", "coordinates": [ 5.05321742002501, 52.317723594668543 ] } },
{ "type": "Feature", "properties": { "type": "Obstacle", "comment": "Not specified", "area_name": "Amsterdam Weesp 1 2026-1", "marker_group": "Operational Obstacle" }, "geometry": { "type": "Point", "coordinates": [ 5.036472389034671, 52.312820958791917 ] } },
{ "type": "Feature", "properties": { "type": "Event", "comment": "Not specified", "area_name": "Amsterdam Weesp 1 2026-1", "marker_group": "Temporary Disruption" }, "geometry": { "type": "Point", "coordinates": [ 5.02114356460206, 52.316959540895517 ] } },
{ "type": "Feature", "properties": { "type": "Under Construction", "comment": "Not specified", "area_name": "Amsterdam Weesp 1 2026-1", "marker_group": "Temporary Disruption" }, "geometry": { "type": "Point", "coordinates": [ 5.043835052738155, 52.310813836689384 ] } },
{ "type": "Feature", "properties": { "type": "Car Limitation", "comment": "Not specified", "area_name": "Amsterdam Weesp 1 2026-1", "marker_group": "Access / Structural Limitation" }, "geometry": { "type": "Point", "coordinates": [ 5.040954360350325, 52.315149368655902 ] } },
{ "type": "Feature", "properties": { "type": "Under Construction", "comment": "Not specified", "area_name": "Amsterdam Weesp 1 2026-1", "marker_group": "Temporary Disruption" }, "geometry": { "type": "Point", "coordinates": [ 5.050127515286758, 52.319897633364484 ] } },
{ "type": "Feature", "properties": { "type": "Obstacle", "comment": "Not specified", "area_name": "Amsterdam Weesp 1 2026-1", "marker_group": "Operational Obstacle" }, "geometry": { "type": "Point", "coordinates": [ 5.038360664255608, 52.316210230315257 ] } },
{ "type": "Feature", "properties": { "type": "Under Construction", "comment": "Not specified", "area_name": "Amsterdam Weesp 1 2026-1", "marker_group": "Temporary Disruption" }, "geometry": { "type": "Point", "coordinates": [ 5.041469344417219, 52.312217519861861 ] } },
{ "type": "Feature", "properties": { "type": "Obstacle", "comment": "Not specified", "area_name": "Amsterdam West 1 2026-1", "marker_group": "Operational Obstacle" }, "geometry": { "type": "Point", "coordinates": [ 4.867528091341508, 52.383589186154929 ] } },
{ "type": "Feature", "properties": { "type": "Obstacle", "comment": "Not specified", "area_name": "Amsterdam West 1 2026-1", "marker_group": "Operational Obstacle" }, "geometry": { "type": "Point", "coordinates": [ 4.860972772542345, 52.385131350301911 ] } },
{ "type": "Feature", "properties": { "type": "Obstacle", "comment": "Not specified", "area_name": "Amsterdam West 1 2026-1", "marker_group": "Operational Obstacle" }, "geometry": { "type": "Point", "coordinates": [ 4.863510142224782, 52.383052199210127 ] } },
{ "type": "Feature", "properties": { "type": "Car Limitation", "comment": "Not specified", "area_name": "Amsterdam West 1 2026-1", "marker_group": "Access / Structural Limitation" }, "geometry": { "type": "Point", "coordinates": [ 4.846236716203282, 52.384712253835325 ] } },
{ "type": "Feature", "properties": { "type": "Under Construction", "comment": "Not specified", "area_name": "Amsterdam West 1 2026-1", "marker_group": "Temporary Disruption" }, "geometry": { "type": "Point", "coordinates": [ 4.874008307832381, 52.361415033323517 ] } },
{ "type": "Feature", "properties": { "type": "Under Construction", "comment": "Not specified", "area_name": "Amsterdam West 1 2026-1", "marker_group": "Temporary Disruption" }, "geometry": { "type": "Point", "coordinates": [ 4.872457991238453, 52.371233557953595 ] } },
{ "type": "Feature", "properties": { "type": "Under Construction", "comment": "Not specified", "area_name": "Amsterdam West 1 2026-1", "marker_group": "Temporary Disruption" }, "geometry": { "type": "Point", "coordinates": [ 4.873259971650435, 52.367450531655763 ] } },
{ "type": "Feature", "properties": { "type": "Under Construction", "comment": "Not specified", "area_name": "Amsterdam West 1 2026-1", "marker_group": "Temporary Disruption" }, "geometry": { "type": "Point", "coordinates": [ 4.872189770190802, 52.364620419647338 ] } },
{ "type": "Feature", "properties": { "type": "Under Construction", "comment": "Not specified", "area_name": "Amsterdam West 1 2026-1", "marker_group": "Temporary Disruption" }, "geometry": { "type": "Point", "coordinates": [ 4.874576936260556, 52.366708627452617 ] } },
{ "type": "Feature", "properties": { "type": "Under Construction", "comment": "Not specified", "area_name": "Amsterdam West 1 2026-1", "marker_group": "Temporary Disruption" }, "geometry": { "type": "Point", "coordinates": [ 4.873844693219858, 52.367635596317889 ] } },
{ "type": "Feature", "properties": { "type": "Under Construction", "comment": "Not specified", "area_name": "Amsterdam West 1 2026-1", "marker_group": "Temporary Disruption" }, "geometry": { "type": "Point", "coordinates": [ 4.870285401782553, 52.364286297251283 ] } },
{ "type": "Feature", "properties": { "type": "Obstacle", "comment": "Not specified", "area_name": "Amsterdam West 1 2026-1", "marker_group": "Operational Obstacle" }, "geometry": { "type": "Point", "coordinates": [ 4.868252287331429, 52.363493565358041 ] } },
{ "type": "Feature", "properties": { "type": "Obstacle", "comment": "Not specified", "area_name": "Amsterdam West 1 2026-1", "marker_group": "Operational Obstacle" }, "geometry": { "type": "Point", "coordinates": [ 4.856021414483948, 52.375356851462499 ] } },
{ "type": "Feature", "properties": { "type": "Under Construction", "comment": "Not specified", "area_name": "Amsterdam West 1 2026-1", "marker_group": "Temporary Disruption" }, "geometry": { "type": "Point", "coordinates": [ 4.85030830934147, 52.378071661348727 ] } },
{ "type": "Feature", "properties": { "type": "Under Construction", "comment": "Not specified", "area_name": "Amsterdam West 1 2026-1", "marker_group": "Temporary Disruption" }, "geometry": { "type": "Point", "coordinates": [ 4.850426326544881, 52.378376207407911 ] } },
{ "type": "Feature", "properties": { "type": "Under Construction", "comment": "Not specified", "area_name": "Amsterdam West 1 2026-1", "marker_group": "Temporary Disruption" }, "geometry": { "type": "Point", "coordinates": [ 4.847778986234557, 52.377822783459848 ] } },
{ "type": "Feature", "properties": { "type": "Under Construction", "comment": "Not specified", "area_name": "Amsterdam West 1 2026-1", "marker_group": "Temporary Disruption" }, "geometry": { "type": "Point", "coordinates": [ 4.872318516385215, 52.371937721886511 ] } },
{ "type": "Feature", "properties": { "type": "Under Construction", "comment": "Not specified", "area_name": "Amsterdam West 1 2026-1", "marker_group": "Temporary Disruption" }, "geometry": { "type": "Point", "coordinates": [ 4.872616241578927, 52.371621668298665 ] } },
{ "type": "Feature", "properties": { "type": "Under Construction", "comment": "Not specified", "area_name": "Amsterdam West 1 2026-1", "marker_group": "Temporary Disruption" }, "geometry": { "type": "Point", "coordinates": [ 4.870795021640068, 52.370830705646412 ] } },
{ "type": "Feature", "properties": { "type": "Obstacle", "comment": "Not specified", "area_name": "Amsterdam West 1 2026-1", "marker_group": "Operational Obstacle" }, "geometry": { "type": "Point", "coordinates": [ 4.865704188845789, 52.36706402247961 ] } },
{ "type": "Feature", "properties": { "type": "Under Construction", "comment": "Not specified", "area_name": "Amsterdam West 1 2026-1", "marker_group": "Temporary Disruption" }, "geometry": { "type": "Point", "coordinates": [ 4.870757470720514, 52.371132026428221 ] } },
{ "type": "Feature", "properties": { "type": "Under Construction", "comment": "Not specified", "area_name": "Amsterdam West 1 2026-1", "marker_group": "Temporary Disruption" }, "geometry": { "type": "Point", "coordinates": [ 4.873970757021615, 52.366641478781212 ] } },
{ "type": "Feature", "properties": { "type": "Obstacle", "comment": "Not specified", "area_name": "Amsterdam West 1 2026-1", "marker_group": "Operational Obstacle" }, "geometry": { "type": "Point", "coordinates": [ 4.885847579057506, 52.390009603617841 ] } },
{ "type": "Feature", "properties": { "type": "Obstacle", "comment": "Not specified", "area_name": "Amsterdam West 1 2026-1", "marker_group": "Operational Obstacle" }, "geometry": { "type": "Point", "coordinates": [ 4.887194047974037, 52.389597101020705 ] } },
{ "type": "Feature", "properties": { "type": "Under Construction", "comment": "Not specified", "area_name": "Amsterdam West 1 2026-1", "marker_group": "Temporary Disruption" }, "geometry": { "type": "Point", "coordinates": [ 4.873101721409643, 52.371574178182172 ] } },
{ "type": "Feature", "properties": { "type": "Under Construction", "comment": "Not specified", "area_name": "Amsterdam West 1 2026-1", "marker_group": "Temporary Disruption" }, "geometry": { "type": "Point", "coordinates": [ 4.859481463762063, 52.359454342732434 ] } },
{ "type": "Feature", "properties": { "type": "Obstacle", "comment": "Not specified", "area_name": "Amsterdam Westpoort 1 2026-1", "marker_group": "Operational Obstacle" }, "geometry": { "type": "Point", "coordinates": [ 4.826458107480861, 52.409792105677695 ] } },
{ "type": "Feature", "properties": { "type": "Obstacle", "comment": "Not specified", "area_name": "Amsterdam Westpoort 1 2026-1", "marker_group": "Operational Obstacle" }, "geometry": { "type": "Point", "coordinates": [ 4.857885550416095, 52.405475668147993 ] } },
{ "type": "Feature", "properties": { "type": "Obstacle", "comment": "Not specified", "area_name": "Amsterdam Westpoort 1 2026-1", "marker_group": "Operational Obstacle" }, "geometry": { "type": "Point", "coordinates": [ 4.755502950362833, 52.41741928826724 ] } },
{ "type": "Feature", "properties": { "type": "Obstacle", "comment": "Not specified", "area_name": "Amsterdam Westpoort 1 2026-1", "marker_group": "Operational Obstacle" }, "geometry": { "type": "Point", "coordinates": [ 4.75656510512483, 52.417059390834481 ] } },
{ "type": "Feature", "properties": { "type": "Obstacle", "comment": "Not specified", "area_name": "Amsterdam Westpoort 1 2026-1", "marker_group": "Operational Obstacle" }, "geometry": { "type": "Point", "coordinates": [ 4.755465399411626, 52.416297052963316 ] } },
{ "type": "Feature", "properties": { "type": "Obstacle", "comment": "Not specified", "area_name": "Amsterdam Westpoort 1 2026-1", "marker_group": "Operational Obstacle" }, "geometry": { "type": "Point", "coordinates": [ 4.756538283025497, 52.4166471410852 ] } },
{ "type": "Feature", "properties": { "type": "Obstacle", "comment": "Not specified", "area_name": "Amsterdam Zuid 1 2026-1", "marker_group": "Operational Obstacle" }, "geometry": { "type": "Point", "coordinates": [ 4.884471604686647, 52.338098967382962 ] } },
{ "type": "Feature", "properties": { "type": "Under Construction", "comment": "Not specified", "area_name": "Amsterdam Zuid 1 2026-1", "marker_group": "Temporary Disruption" }, "geometry": { "type": "Point", "coordinates": [ 4.871827671111736, 52.325574880703769 ] } },
{ "type": "Feature", "properties": { "type": "Under Construction", "comment": "Not specified", "area_name": "Amsterdam Zuid 1 2026-1", "marker_group": "Temporary Disruption" }, "geometry": { "type": "Point", "coordinates": [ 4.873093673758776, 52.325201119652334 ] } },
{ "type": "Feature", "properties": { "type": "Under Construction", "comment": "Not specified", "area_name": "Amsterdam Zuid 1 2026-1", "marker_group": "Temporary Disruption" }, "geometry": { "type": "Point", "coordinates": [ 4.907391080784497, 52.340884893490461 ] } },
{ "type": "Feature", "properties": { "type": "Obstacle", "comment": "Not specified", "area_name": "Amsterdam Zuid 1 2026-1", "marker_group": "Operational Obstacle" }, "geometry": { "type": "Point", "coordinates": [ 4.907670030717785, 52.349765910225372 ] } },
{ "type": "Feature", "properties": { "type": "Obstacle", "comment": "Not specified", "area_name": "Amsterdam Zuid 1 2026-1", "marker_group": "Operational Obstacle" }, "geometry": { "type": "Point", "coordinates": [ 4.886845359797841, 52.344109793844162 ] } },
{ "type": "Feature", "properties": { "type": "Under Construction", "comment": "Not specified", "area_name": "Amsterdam Zuid 1 2026-1", "marker_group": "Temporary Disruption" }, "geometry": { "type": "Point", "coordinates": [ 4.901533136233813, 52.338112077894507 ] } },
{ "type": "Feature", "properties": { "type": "Obstacle", "comment": "Not specified", "area_name": "Amsterdam Zuid 1 2026-1", "marker_group": "Operational Obstacle" }, "geometry": { "type": "Point", "coordinates": [ 4.905921230506046, 52.35277227089864 ] } },
{ "type": "Feature", "properties": { "type": "Under Construction", "comment": "Not specified", "area_name": "Amsterdam Zuid 1 2026-1", "marker_group": "Temporary Disruption" }, "geometry": { "type": "Point", "coordinates": [ 4.904537210305621, 52.336958325576155 ] } },
{ "type": "Feature", "properties": { "type": "Obstacle", "comment": "Not specified", "area_name": "Amsterdam Zuid 1 2026-1", "marker_group": "Operational Obstacle" }, "geometry": { "type": "Point", "coordinates": [ 4.897115537989013, 52.33827268310786 ] } },
{ "type": "Feature", "properties": { "type": "Under Construction", "comment": "Not specified", "area_name": "Amsterdam Zuid 1 2026-1", "marker_group": "Temporary Disruption" }, "geometry": { "type": "Point", "coordinates": [ 4.909145245478095, 52.340773459794029 ] } },
{ "type": "Feature", "properties": { "type": "Obstacle", "comment": "Not specified", "area_name": "Amsterdam Zuid 1 2026-1", "marker_group": "Operational Obstacle" }, "geometry": { "type": "Point", "coordinates": [ 4.899663636456657, 52.333872218073644 ] } },
{ "type": "Feature", "properties": { "type": "Under Construction", "comment": "Not specified", "area_name": "Amsterdam Zuid 1 2026-1", "marker_group": "Temporary Disruption" }, "geometry": { "type": "Point", "coordinates": [ 4.885348687236743, 52.34725908824997 ] } },
{ "type": "Feature", "properties": { "type": "Under Construction", "comment": "Not specified", "area_name": "Amsterdam Zuid 1 2026-1", "marker_group": "Temporary Disruption" }, "geometry": { "type": "Point", "coordinates": [ 4.886437664102871, 52.34752616168123 ] } },
{ "type": "Feature", "properties": { "type": "Under Construction", "comment": "Not specified", "area_name": "Amsterdam Zuid 1 2026-1", "marker_group": "Temporary Disruption" }, "geometry": { "type": "Point", "coordinates": [ 4.887084076475213, 52.347509776848725 ] } },
{ "type": "Feature", "properties": { "type": "Under Construction", "comment": "Not specified", "area_name": "Amsterdam Zuid 1 2026-1", "marker_group": "Temporary Disruption" }, "geometry": { "type": "Point", "coordinates": [ 4.897198686789936, 52.352852547008098 ] } },
{ "type": "Feature", "properties": { "type": "Under Construction", "comment": "Not specified", "area_name": "Amsterdam Zuid 1 2026-1", "marker_group": "Temporary Disruption" }, "geometry": { "type": "Point", "coordinates": [ 4.897340843856584, 52.352346314045391 ] } },
{ "type": "Feature", "properties": { "type": "Under Construction", "comment": "Not specified", "area_name": "Amsterdam Zuid 1 2026-1", "marker_group": "Temporary Disruption" }, "geometry": { "type": "Point", "coordinates": [ 4.898282299238997, 52.353163820051563 ] } },
{ "type": "Feature", "properties": { "type": "Under Construction", "comment": "Not specified", "area_name": "Amsterdam Zuid 1 2026-1", "marker_group": "Temporary Disruption" }, "geometry": { "type": "Point", "coordinates": [ 4.883294115160839, 52.348612462200585 ] } },
{ "type": "Feature", "properties": { "type": "Under Construction", "comment": "Not specified", "area_name": "Amsterdam Zuid 1 2026-1", "marker_group": "Temporary Disruption" }, "geometry": { "type": "Point", "coordinates": [ 4.884098777848095, 52.347826002965462 ] } },
{ "type": "Feature", "properties": { "type": "Obstacle", "comment": "Not specified", "area_name": "Amsterdam Zuid 1 2026-1", "marker_group": "Operational Obstacle" }, "geometry": { "type": "Point", "coordinates": [ 4.890597770170159, 52.342287623019658 ] } },
{ "type": "Feature", "properties": { "type": "Under Construction", "comment": "Not specified", "area_name": "Amsterdam Zuid 1 2026-1", "marker_group": "Temporary Disruption" }, "geometry": { "type": "Point", "coordinates": [ 4.883138547035921, 52.348520709346182 ] } },
{ "type": "Feature", "properties": { "type": "Under Construction", "comment": "Not specified", "area_name": "Amsterdam Zuid 1 2026-1", "marker_group": "Temporary Disruption" }, "geometry": { "type": "Point", "coordinates": [ 4.867954561349122, 52.328097685173937 ] } },
{ "type": "Feature", "properties": { "type": "Under Construction", "comment": "Not specified", "area_name": "Amsterdam Zuid 1 2026-1", "marker_group": "Temporary Disruption" }, "geometry": { "type": "Point", "coordinates": [ 4.868552694231091, 52.340399827499247 ] } },
{ "type": "Feature", "properties": { "type": "Under Construction", "comment": "Not specified", "area_name": "Amsterdam Zuid 1 2026-1", "marker_group": "Temporary Disruption" }, "geometry": { "type": "Point", "coordinates": [ 4.883889565541715, 52.347681817257573 ] } },
{ "type": "Feature", "properties": { "type": "Under Construction", "comment": "Not specified", "area_name": "Amsterdam Zuid 1 2026-1", "marker_group": "Temporary Disruption" }, "geometry": { "type": "Point", "coordinates": [ 4.855576166827624, 52.331933252623841 ] } },
{ "type": "Feature", "properties": { "type": "Under Construction", "comment": "Not specified", "area_name": "Amsterdam Zuid 1 2026-1", "marker_group": "Temporary Disruption" }, "geometry": { "type": "Point", "coordinates": [ 4.870741376732084, 52.337882641170069 ] } },
{ "type": "Feature", "properties": { "type": "Under Construction", "comment": "Not specified", "area_name": "Amsterdam Zuid 1 2026-1", "marker_group": "Temporary Disruption" }, "geometry": { "type": "Point", "coordinates": [ 4.857182810097503, 52.335086692178088 ] } },
{ "type": "Feature", "properties": { "type": "Under Construction", "comment": "Not specified", "area_name": "Amsterdam Zuid 1 2026-1", "marker_group": "Temporary Disruption" }, "geometry": { "type": "Point", "coordinates": [ 4.857188174523861, 52.335463647559749 ] } },
{ "type": "Feature", "properties": { "type": "Under Construction", "comment": "Not specified", "area_name": "Amsterdam Zuid 1 2026-1", "marker_group": "Temporary Disruption" }, "geometry": { "type": "Point", "coordinates": [ 4.870591173022956, 52.337689257650425 ] } },
{ "type": "Feature", "properties": { "type": "Under Construction", "comment": "Not specified", "area_name": "Amsterdam Zuid 1 2026-1", "marker_group": "Temporary Disruption" }, "geometry": { "type": "Point", "coordinates": [ 4.869164237803107, 52.336617438748377 ] } },
{ "type": "Feature", "properties": { "type": "Under Construction", "comment": "Not specified", "area_name": "Amsterdam Zuid 1 2026-1", "marker_group": "Temporary Disruption" }, "geometry": { "type": "Point", "coordinates": [ 4.854455003863601, 52.350237767173589 ] } },
{ "type": "Feature", "properties": { "type": "Under Construction", "comment": "Not specified", "area_name": "Amsterdam Zuid 1 2026-1", "marker_group": "Temporary Disruption" }, "geometry": { "type": "Point", "coordinates": [ 4.854412088507912, 52.349720035458297 ] } },
{ "type": "Feature", "properties": { "type": "Under Construction", "comment": "Not specified", "area_name": "Amsterdam Zuid 1 2026-1", "marker_group": "Temporary Disruption" }, "geometry": { "type": "Point", "coordinates": [ 4.873150000753309, 52.352623186712762 ] } },
{ "type": "Feature", "properties": { "type": "Under Construction", "comment": "Not specified", "area_name": "Amsterdam Zuid 1 2026-1", "marker_group": "Temporary Disruption" }, "geometry": { "type": "Point", "coordinates": [ 4.880810389745617, 52.35463824171115 ] } },
{ "type": "Feature", "properties": { "type": "Under Construction", "comment": "Not specified", "area_name": "Amsterdam Zuid 1 2026-1", "marker_group": "Temporary Disruption" }, "geometry": { "type": "Point", "coordinates": [ 4.877948472714354, 52.354099264462448 ] } },
{ "type": "Feature", "properties": { "type": "Under Construction", "comment": "Not specified", "area_name": "Amsterdam Zuid 1 2026-1", "marker_group": "Temporary Disruption" }, "geometry": { "type": "Point", "coordinates": [ 4.893373856817107, 52.35661716561453 ] } },
{ "type": "Feature", "properties": { "type": "Under Construction", "comment": "Not specified", "area_name": "Amsterdam Zuid 1 2026-1", "marker_group": "Temporary Disruption" }, "geometry": { "type": "Point", "coordinates": [ 4.863652298520044, 52.34764740940183 ] } },
{ "type": "Feature", "properties": { "type": "Under Construction", "comment": "Not specified", "area_name": "Amsterdam Zuid 1 2026-1", "marker_group": "Temporary Disruption" }, "geometry": { "type": "Point", "coordinates": [ 4.892628202712221, 52.356679415103855 ] } },
{ "type": "Feature", "properties": { "type": "Under Construction", "comment": "Not specified", "area_name": "Amsterdam Zuid 1 2026-1", "marker_group": "Temporary Disruption" }, "geometry": { "type": "Point", "coordinates": [ 4.864102909631479, 52.347504861589293 ] } },
{ "type": "Feature", "properties": { "type": "Under Construction", "comment": "Not specified", "area_name": "Amsterdam Zuid 1 2026-1", "marker_group": "Temporary Disruption" }, "geometry": { "type": "Point", "coordinates": [ 4.886839995661406, 52.35687271561946 ] } },
{ "type": "Feature", "properties": { "type": "Under Construction", "comment": "Not specified", "area_name": "Amsterdam Zuid 1 2026-1", "marker_group": "Temporary Disruption" }, "geometry": { "type": "Point", "coordinates": [ 4.886936555177787, 52.356502495337502 ] } }
]
}
