{
"type": "FeatureCollection",
"name": "final_overdrive_scores",
"crs": { "type": "name", "properties": { "name": "urn:ogc:def:crs:OGC:1.3:CRS84" } },
"features": [
{ "type": "Feature", "properties": { "Project_ID": null, "area_name": "Amsterdam Centrum 1 2026-1", "area_km2": 8.089374731568844, "total_recordings": 33785, "total_markers": 185, "car_limitation_count": 13, "under_construction_count": 84, "obstacle_count": 86, "other_count": 1, "operator_reminder_count": 1, "car_limitation_share": 0.070270270270270274, "construction_share": 0.45405405405405408, "obstacle_share": 0.46486486486486489, "other_share": 0.0054054054054054057, "unknown_count": 0, "private_property_count": 0, "unpaved_road_count": 0, "hike_or_bike_trail_count": 0, "event_count": 0, "unknown_share": 0.0, "private_property_share": 0.0, "unpaved_road_share": 0.0, "operator_reminder_share": 0.0054054054054054057, "hike_or_bike_trail_share": 0.0, "event_share": 0.0, "temporary_count": 84, "operational_obstacle_count": 86, "access_structural_count": 13, "unclear_other_count": 2, "temporary_share": 0.45405405405405408, "operational_obstacle_share": 0.46486486486486489, "access_structural_share": 0.070270270270270274, "unclear_other_share": 0.010810810810810811, "dominant_marker_type": "Obstacle", "marker_density": 22.869505510486015, "recording_density": 4176.4661820095671, "avg_drms": 0.021928754432440436, "max_drms": 0.5807983, "high_drms_count": 220, "high_drms_share": 0.006511765576439248, "norm_marker_density": 1.0, "norm_recording_density": 1.0, "norm_avg_drms": 0.6564219611663431, "norm_high_drms_share": 0.40635495420037221, "difficulty_score": 0.87191988765330575, "difficulty_level": "High", "actionability_score_raw": 0.52173225763872499, "evidence_weight": 1.0, "actionability_score": 0.52173225763872499, "actionability_level": "Medium", "action_category": "Mixed Temporary / Operational Disruption", "recommended_action": "Check temporary disruptions and prepare operators for local obstacles.", "road_density": 23.577595277283237, "intersection_density": 119.29228550064326, "dead_end_ratio": 0.084973166368515193, "oneway_share": 0.52517361111111116, "avg_segment_length": 82.781251504866262, "structural_complexity_score": 0.74358681840499652, "structural_complexity_level": "High", "overdrive_risk_score": 0.74587305937516779, "overdrive_risk_level": "High", "est_avoidable_share": 0.244, "est_unavoidable_share": 0.348, "overdrive_planning_category": "Priority Action", "overdrive_recommendation": "High difficulty with manageable causes. Check current disruptions, prepare operators, and consider planned revisit strategy." }, "geometry": { "type": "Polygon", "coordinates": [ [ [ 4.874443140151214, 52.372233326693994 ], [ 4.87449716015404, 52.372360866693434 ], [ 4.87457560015676, 52.372483536692719 ], [ 4.874671340159205, 52.372593206691917 ], [ 4.87477735016131, 52.372688136691004 ], [ 4.874916580163246, 52.372774806689748 ], [ 4.875048250164936, 52.372850246688664 ], [ 4.875229800167665, 52.372972476687089 ], [ 4.875341620170387, 52.373095236686119 ], [ 4.875406470172603, 52.37319503668553 ], [ 4.875456030175092, 52.373307166685038 ], [ 4.875481500177323, 52.373408256684797 ], [ 4.875472720179532, 52.373508296684768 ], [ 4.875468050182491, 52.373641856684749 ], [ 4.875470710185062, 52.373758236684679 ], [ 4.87547919018765, 52.373875496684533 ], [ 4.875496580190588, 52.374008646684246 ], [ 4.875525630194039, 52.374164296683965 ], [ 4.875561270197381, 52.374315286683562 ], [ 4.875589200199357, 52.374404756683361 ], [ 4.875622070201331, 52.374493586683016 ], [ 4.875673150203915, 52.374610156682515 ], [ 4.875717330205836, 52.374697126682079 ], [ 4.875776660208127, 52.374800226681543 ], [ 4.875831300210005, 52.374884946681064 ], [ 4.875887520211891, 52.374969936680536 ], [ 4.875950160214047, 52.375067346679948 ], [ 4.876268700225043, 52.375562766677049 ], [ 4.878160490290319, 52.378504646659792 ], [ 4.879846880350176, 52.381203256644341 ], [ 4.879861830352453, 52.38130613664417 ], [ 4.879804080354348, 52.381392236644587 ], [ 4.879730520356157, 52.381474686645149 ], [ 4.879610190359101, 52.381608686646075 ], [ 4.879571970361086, 52.381698686646367 ], [ 4.879571710363494, 52.381807636646279 ], [ 4.879609490365485, 52.381897596645899 ], [ 4.87967735036729, 52.381978966645256 ], [ 4.879803890369249, 52.382066596644222 ], [ 4.87994723037051, 52.382123076642991 ], [ 4.880096340371853, 52.382182916641739 ], [ 4.88025487037362, 52.38226200664036 ], [ 4.880380590375332, 52.382338566639277 ], [ 4.880480260376942, 52.382410736638434 ], [ 4.880571170378674, 52.382488736637633 ], [ 4.8806746003811, 52.38259778663673 ], [ 4.880754820383537, 52.38270758663603 ], [ 4.880842910386692, 52.382849796635192 ], [ 4.881520540410955, 52.383943746629008 ], [ 4.881661350416163, 52.384178636627681 ], [ 4.881825870421835, 52.384434486626148 ], [ 4.882080800430013, 52.384802766623842 ], [ 4.882345400438484, 52.385184906621461 ], [ 4.88258549044461, 52.385460236619288 ], [ 4.883026240456414, 52.385992076615366 ], [ 4.883233500461961, 52.386242166613521 ], [ 4.883443780468689, 52.386545316611596 ], [ 4.883771340479166, 52.387017546608639 ], [ 4.883996300486362, 52.387341836606602 ], [ 4.884228860497315, 52.38783602660444 ], [ 4.884412330506243, 52.388239046602678 ], [ 4.884478990509323, 52.388378306602036 ], [ 4.885213150506687, 52.388254886596016 ], [ 4.885745060504781, 52.3881654565917 ], [ 4.885971450503993, 52.388128556589791 ], [ 4.888023210507049, 52.388255296572787 ], [ 4.888716460508086, 52.388298106567056 ], [ 4.88945791050919, 52.388343896560926 ], [ 4.890852550511272, 52.388430006549406 ], [ 4.891009230511503, 52.388439686548082 ], [ 4.892169010513742, 52.3885344465385 ], [ 4.893260030515846, 52.388623576529412 ], [ 4.893667390516635, 52.388656856525976 ], [ 4.894261560517777, 52.38870538652111 ], [ 4.895372160519916, 52.388796106511847 ], [ 4.895686910506217, 52.388173786509604 ], [ 4.896206230483607, 52.387146956505951 ], [ 4.896311580479249, 52.386948966505166 ], [ 4.896933120452084, 52.385715276500719 ], [ 4.89698260045013, 52.385626606500402 ], [ 4.897177750441658, 52.385241656498998 ], [ 4.897350200435122, 52.384944536497706 ], [ 4.897581870428033, 52.384622086496016 ], [ 4.897778380422781, 52.384383236494514 ], [ 4.898036580416757, 52.384108966492548 ], [ 4.898232110412615, 52.383920246491016 ], [ 4.898364640409814, 52.383792346490019 ], [ 4.898638450404712, 52.383559696487872 ], [ 4.898783040402212, 52.383445666486764 ], [ 4.899051490397443, 52.38322819648468 ], [ 4.899423350391101, 52.382938486481798 ], [ 4.900009580380766, 52.382466846477186 ], [ 4.900274870376084, 52.382253406475165 ], [ 4.900397350374158, 52.382165026474183 ], [ 4.900716760370168, 52.381982526471603 ], [ 4.901554320363024, 52.381653746464892 ], [ 4.901886470360187, 52.381523366462247 ], [ 4.902380530355972, 52.381329426458265 ], [ 4.902676920353501, 52.381215636455877 ], [ 4.903626200345585, 52.380851206448312 ], [ 4.904018890342314, 52.380700446445125 ], [ 4.904212540340835, 52.380632426443512 ], [ 4.904808940336106, 52.380414756438732 ], [ 4.905270550333202, 52.380280036434996 ], [ 4.905571620331306, 52.38019217643258 ], [ 4.906000200329449, 52.380105506429096 ], [ 4.906411790328213, 52.38004717642572 ], [ 4.906905680327241, 52.379999886421651 ], [ 4.907349350326354, 52.37995741641803 ], [ 4.908378390326119, 52.379940476409566 ], [ 4.909030910325971, 52.379929736404158 ], [ 4.909362470325886, 52.379924276401475 ], [ 4.910633020326079, 52.379925016390963 ], [ 4.910999260326127, 52.379925226387932 ], [ 4.911132200314501, 52.379396786387183 ], [ 4.911553580277108, 52.377699236384636 ], [ 4.911586870274681, 52.377589216384436 ], [ 4.911793080256619, 52.3767688463832 ], [ 4.911990500256645, 52.376768786381511 ], [ 4.912360780256766, 52.376771946378511 ], [ 4.912597230256487, 52.376757716376538 ], [ 4.912831140255258, 52.376700706374642 ], [ 4.91300750025622, 52.376743306373157 ], [ 4.91315905025643, 52.376751956371926 ], [ 4.91330633025637, 52.376747936370684 ], [ 4.913458150256146, 52.37673726636946 ], [ 4.913618540255951, 52.376727076368141 ], [ 4.913786100255734, 52.37671643636677 ], [ 4.913956550255314, 52.376696506365377 ], [ 4.91411424025502, 52.376682006364092 ], [ 4.914269340254537, 52.376659016362872 ], [ 4.914442290254031, 52.376635256361396 ], [ 4.914666170253223, 52.376597466359605 ], [ 4.914901970252452, 52.376560716357666 ], [ 4.915365940250859, 52.376485476353864 ], [ 4.916207210247965, 52.376349036347044 ], [ 4.917018590245175, 52.376217446340384 ], [ 4.9172140702445, 52.376185736338783 ], [ 4.917622270242982, 52.376114296335494 ], [ 4.917792280242423, 52.376087846334087 ], [ 4.918017910241713, 52.376054416332281 ], [ 4.918287030240772, 52.376009616330094 ], [ 4.919353330237142, 52.375838756321329 ], [ 4.92087524023123, 52.375561186308985 ], [ 4.921221470230603, 52.375530446306136 ], [ 4.921365920229969, 52.375500756304945 ], [ 4.921524470229418, 52.375474616303677 ], [ 4.921792180227809, 52.375400376301506 ], [ 4.922774640224281, 52.375234016293469 ], [ 4.923480910221816, 52.375117776287759 ], [ 4.923760500220271, 52.375046026285446 ], [ 4.924071600218589, 52.374967676282964 ], [ 4.924366990216594, 52.374875256280575 ], [ 4.924812740213411, 52.37472818627694 ], [ 4.925473730208867, 52.374517726271648 ], [ 4.925787260206727, 52.374418536269168 ], [ 4.926371090202662, 52.374230606264426 ], [ 4.926820090199577, 52.374087706260781 ], [ 4.927676090193676, 52.37381455625389 ], [ 4.927969670191787, 52.373727216251524 ], [ 4.928345930190408, 52.373661866248462 ], [ 4.928557440189502, 52.37361964624673 ], [ 4.92917098018689, 52.373497166241719 ], [ 4.929698690183841, 52.373355476237464 ], [ 4.929828940182942, 52.373313946236422 ], [ 4.930002420181748, 52.37325864623503 ], [ 4.930157130180604, 52.373205726233785 ], [ 4.930308080179211, 52.373141526232558 ], [ 4.93052042017729, 52.373052746230854 ], [ 4.930702130175331, 52.372962826229447 ], [ 4.930849080173749, 52.372890116228255 ], [ 4.930963200172509, 52.372833186227325 ], [ 4.931078450171071, 52.372766976226444 ], [ 4.931326110167568, 52.372606566224469 ], [ 4.93142758016608, 52.372538546223694 ], [ 4.931529030164599, 52.372470546222864 ], [ 4.931630410163118, 52.372402586222059 ], [ 4.931724980161326, 52.372320526221344 ], [ 4.931814980159703, 52.372246406220647 ], [ 4.931923580157743, 52.372156966219769 ], [ 4.932019220156028, 52.372078206219044 ], [ 4.932108930154133, 52.371991806218375 ], [ 4.932315930147507, 52.371689656216809 ], [ 4.932405590144877, 52.371569626216129 ], [ 4.932463140142818, 52.37147561621574 ], [ 4.932481880139815, 52.371339496215612 ], [ 4.932521630136278, 52.371178516215409 ], [ 4.932571340132527, 52.371007986215126 ], [ 4.932649500126635, 52.370739856214591 ], [ 4.932745950122594, 52.370555946213919 ], [ 4.932871880117565, 52.370326766212976 ], [ 4.93293556010996, 52.369980976212645 ], [ 4.932948390105637, 52.369784966212563 ], [ 4.932944900103371, 52.369682066212746 ], [ 4.932939390099803, 52.369519836212845 ], [ 4.932916130096372, 52.369364306213164 ], [ 4.932896210093435, 52.369231076213389 ], [ 4.932856990089707, 52.369061926213803 ], [ 4.932810420086343, 52.368909466214248 ], [ 4.932756740083306, 52.368771786214793 ], [ 4.932646750078583, 52.368558096215764 ], [ 4.932534310074474, 52.368372636216812 ], [ 4.93241157006991, 52.36816581621796 ], [ 4.932244180062145, 52.367814436219511 ], [ 4.932198040060038, 52.367719316219926 ], [ 4.932184580056687, 52.367567186220143 ], [ 4.932071840052547, 52.367379976221159 ], [ 4.931984090049329, 52.367234356221985 ], [ 4.931895930046095, 52.36708806622277 ], [ 4.931690210038549, 52.36674665622467 ], [ 4.931581920034578, 52.366567286225639 ], [ 4.930808760034176, 52.366554246232035 ], [ 4.927674770032565, 52.366501796257928 ], [ 4.927451610032429, 52.36649715625974 ], [ 4.927305260032139, 52.36648513626092 ], [ 4.927100050031387, 52.366451946262643 ], [ 4.926880080030039, 52.366392506264468 ], [ 4.926754740028985, 52.366345436265554 ], [ 4.926587930027161, 52.366263586267031 ], [ 4.926473930025531, 52.366190686267984 ], [ 4.925597720013824, 52.365664926275485 ], [ 4.92537404001129, 52.365551456277387 ], [ 4.924773640004492, 52.36524688628247 ], [ 4.923379249985696, 52.364403076294423 ], [ 4.922230179970095, 52.363702896304275 ], [ 4.922120439968722, 52.363641716305196 ], [ 4.922000009967562, 52.363589706306207 ], [ 4.921799809966202, 52.363529236307905 ], [ 4.921658229965598, 52.363502736309137 ], [ 4.921513189965114, 52.363481906310298 ], [ 4.921367599964666, 52.363462516311479 ], [ 4.921221539964248, 52.363444576312737 ], [ 4.920994239963662, 52.363419666314613 ], [ 4.920758609963144, 52.363397626316569 ], [ 4.920573909962799, 52.363383026318097 ], [ 4.920425839962552, 52.363373006319328 ], [ 4.920224369961774, 52.363339246321033 ], [ 4.920047579960639, 52.36328908632251 ], [ 4.919821349958538, 52.363195006324396 ], [ 4.919712999957181, 52.363134086325346 ], [ 4.919543889954122, 52.362996556326785 ], [ 4.919435899952128, 52.362906866327741 ], [ 4.919276029949129, 52.362771536329134 ], [ 4.919189479947465, 52.362696956329856 ], [ 4.919103659945804, 52.362622056330643 ], [ 4.919001889943921, 52.362537276331501 ], [ 4.918896489942448, 52.36247138633243 ], [ 4.918760529940838, 52.362399176333589 ], [ 4.918570009938999, 52.362317076335181 ], [ 4.918387149937613, 52.362255226336707 ], [ 4.918248989936769, 52.362217796337909 ], [ 4.9180188499357, 52.362171126339831 ], [ 4.91787193993523, 52.362150686341003 ], [ 4.917606749934752, 52.362130956343229 ], [ 4.917455159934675, 52.362127976344524 ], [ 4.917307519934521, 52.362122576345705 ], [ 4.917120739934338, 52.362115616347239 ], [ 4.916946029934169, 52.362108966348693 ], [ 4.916762289933982, 52.362101816350219 ], [ 4.916584589933803, 52.362094766351689 ], [ 4.916437029933649, 52.362088796352928 ], [ 4.916219129933059, 52.362063896354698 ], [ 4.916061359932468, 52.362038286356025 ], [ 4.915855419931526, 52.361996876357743 ], [ 4.915717679930779, 52.361963856358877 ], [ 4.915554909929765, 52.361918976360251 ], [ 4.915075339926747, 52.361785206364281 ], [ 4.913959059919985, 52.361486046373699 ], [ 4.913814129919573, 52.361468606374864 ], [ 4.913620779919037, 52.361445696376471 ], [ 4.913451519918572, 52.361425926377869 ], [ 4.913306359918183, 52.361409206379108 ], [ 4.913136929917735, 52.36138994638047 ], [ 4.912918969917164, 52.361365596382292 ], [ 4.912700879916608, 52.361341706384096 ], [ 4.912555419916242, 52.361326036385343 ], [ 4.912373509915782, 52.361306716386785 ], [ 4.912191509915334, 52.361287736388327 ], [ 4.911960839914783, 52.361264126390267 ], [ 4.911811259914456, 52.361250446391459 ], [ 4.911612249913696, 52.361217546393164 ], [ 4.911440939912416, 52.361160386394566 ], [ 4.911327259911103, 52.361101716395595 ], [ 4.911212199909145, 52.361013756396595 ], [ 4.911116539907622, 52.360945066397427 ], [ 4.911004369906117, 52.360878126398319 ], [ 4.910891239904841, 52.360820536399373 ], [ 4.910767279903633, 52.360766806400356 ], [ 4.910625159902479, 52.360715386401544 ], [ 4.910488489901557, 52.360674826402715 ], [ 4.910347029900793, 52.360640976403886 ], [ 4.910201659900175, 52.360614056405169 ], [ 4.909922489899444, 52.360582866407405 ], [ 4.909770949899279, 52.360576616408686 ], [ 4.909559769899329, 52.360580096410409 ], [ 4.909350479899678, 52.36059771641213 ], [ 4.909089109900584, 52.3606406064143 ], [ 4.908938359900916, 52.36065672641552 ], [ 4.908722729900864, 52.36065566641728 ], [ 4.90852289990035, 52.360633866418937 ], [ 4.908316099899309, 52.36058814642066 ], [ 4.908148989898411, 52.360548376422059 ], [ 4.907968739897263, 52.3604976964236 ], [ 4.907761039895553, 52.3604217964253 ], [ 4.907640719894372, 52.360369036426398 ], [ 4.907505219892801, 52.360298726427501 ], [ 4.907374539891, 52.360218266428625 ], [ 4.907267459889225, 52.360138286429589 ], [ 4.907149079887107, 52.360043156430585 ], [ 4.906992749884511, 52.359926436431934 ], [ 4.906816529882057, 52.359816376433443 ], [ 4.906684509880515, 52.359747236434607 ], [ 4.906500029878623, 52.359662796436119 ], [ 4.906361609877471, 52.35961129643735 ], [ 4.906166539876061, 52.359548946438963 ], [ 4.905970219874908, 52.359497706440614 ], [ 4.905689509873628, 52.359442116442942 ], [ 4.905158119871444, 52.359346886447362 ], [ 4.904629149868358, 52.359210526451832 ], [ 4.90399542986466, 52.359047246457152 ], [ 4.901669479854283, 52.358593526476589 ], [ 4.899193759842738, 52.358087726497288 ], [ 4.899049329842027, 52.358056766498478 ], [ 4.89890317984139, 52.358029026499729 ], [ 4.898755479840831, 52.358004526500899 ], [ 4.898606449840333, 52.357983296502191 ], [ 4.898456259839917, 52.357965376503422 ], [ 4.898180239839338, 52.35794127650572 ], [ 4.898033689839135, 52.357933046506929 ], [ 4.896172169841307, 52.358045076522252 ], [ 4.891023019847322, 52.358355086564607 ], [ 4.890877379847577, 52.358367466565774 ], [ 4.890722679847931, 52.358384996567068 ], [ 4.890576589848365, 52.358405816568208 ], [ 4.890434939848883, 52.358430066569426 ], [ 4.890294109849482, 52.358458316570513 ], [ 4.890063009850675, 52.358514076572447 ], [ 4.889926949851508, 52.358552726573535 ], [ 4.889793839852415, 52.3585950465746 ], [ 4.889576619854137, 52.358674536576331 ], [ 4.889452699855256, 52.358726276577357 ], [ 4.889334849856438, 52.358780636578317 ], [ 4.889183869858185, 52.358860796579485 ], [ 4.889071129859602, 52.358925916580418 ], [ 4.888965149861042, 52.358991696581228 ], [ 4.888796329863551, 52.359106956582544 ], [ 4.888703559865082, 52.359176636583257 ], [ 4.888532389868205, 52.359319636584637 ], [ 4.888436609870177, 52.359409586585365 ], [ 4.888362889872008, 52.359493146585947 ], [ 4.888293659873812, 52.359575356586461 ], [ 4.888189839876202, 52.359684296587304 ], [ 4.888091359878199, 52.359775476588069 ], [ 4.888002059879831, 52.359850086588679 ], [ 4.887874819881915, 52.359945686589732 ], [ 4.887670599884808, 52.36007814659132 ], [ 4.88747310988718, 52.360186796592899 ], [ 4.887102969891207, 52.360371836595888 ], [ 4.886617409896511, 52.360615826599741 ], [ 4.886238679900642, 52.360805976602791 ], [ 4.885380669909975, 52.361234656609646 ], [ 4.884860619915625, 52.361494466613799 ], [ 4.884413259920499, 52.361718406617335 ], [ 4.88429063992161, 52.361770026618366 ], [ 4.88413425992274, 52.361822056619594 ], [ 4.883991619923418, 52.36185342662079 ], [ 4.88385171992407, 52.361884206621937 ], [ 4.883705909924444, 52.361902426623132 ], [ 4.883557919924638, 52.361912086624322 ], [ 4.883294119924691, 52.3619165066265 ], [ 4.883032829924752, 52.361920886628646 ], [ 4.882644199924792, 52.361925596631821 ], [ 4.882497969925023, 52.361936946633044 ], [ 4.882297639925921, 52.361978906634683 ], [ 4.882094099927549, 52.362054256636355 ], [ 4.881889119929592, 52.362148416637972 ], [ 4.881743009932439, 52.362278296639111 ], [ 4.881663679935096, 52.362399086639748 ], [ 4.881602059938728, 52.362564086640127 ], [ 4.881583989941287, 52.362679996640175 ], [ 4.881546649944908, 52.362844396640426 ], [ 4.881511489946938, 52.362936616640646 ], [ 4.881463959949, 52.363030336641032 ], [ 4.881383809951601, 52.363148576641635 ], [ 4.881226769954157, 52.363265706642828 ], [ 4.88110641995612, 52.363355466643775 ], [ 4.881003809957797, 52.3634319966446 ], [ 4.880837729960082, 52.363536416645921 ], [ 4.880725809961723, 52.363611796646786 ], [ 4.880569929963423, 52.363689726648055 ], [ 4.880269669966203, 52.363817496650476 ], [ 4.88012846996722, 52.363864786651604 ], [ 4.879937239968382, 52.363918776653115 ], [ 4.879716279969754, 52.36398249665492 ], [ 4.879583039971137, 52.364046166656003 ], [ 4.879396099974478, 52.364198616657468 ], [ 4.879299279978253, 52.364370206658137 ], [ 4.879242729982044, 52.364542476658521 ], [ 4.879213179986553, 52.364746686658719 ], [ 4.879219469990454, 52.364923216658553 ], [ 4.879223699993126, 52.365044306658433 ], [ 4.879203329996021, 52.365175376658549 ], [ 4.87913105000053, 52.365379776659054 ], [ 4.879030470004251, 52.365549526659727 ], [ 4.87895441000672, 52.365661636660292 ], [ 4.87881163001047, 52.365832656661382 ], [ 4.878695290012947, 52.365945286662274 ], [ 4.878466930016827, 52.366122706664086 ], [ 4.878313690018736, 52.36621021666533 ], [ 4.878131520020867, 52.366308016666729 ], [ 4.878015480022402, 52.366378136667649 ], [ 4.877883790024287, 52.366464636668681 ], [ 4.877720390026957, 52.366586536670027 ], [ 4.877596860029247, 52.366691046670987 ], [ 4.877512750030983, 52.366770116671617 ], [ 4.877466010033001, 52.366861586672023 ], [ 4.877425330034973, 52.366951436672252 ], [ 4.877374660037868, 52.367083186672566 ], [ 4.877343640040044, 52.367181576672813 ], [ 4.877313960042626, 52.367298856672974 ], [ 4.877304030045135, 52.36741259667297 ], [ 4.877290580047556, 52.36752205667306 ], [ 4.877270360050288, 52.367645906673182 ], [ 4.877248060052506, 52.367746346673322 ], [ 4.87721453005464, 52.367843456673519 ], [ 4.877171350056865, 52.367944196673825 ], [ 4.877094790059981, 52.368085836674375 ], [ 4.876990940063328, 52.368238116675116 ], [ 4.876921700065306, 52.368328076675645 ], [ 4.876803620069111, 52.368501376676527 ], [ 4.876696730072391, 52.368650296677352 ], [ 4.87661129007401, 52.368724316677984 ], [ 4.876515810075523, 52.368793436678757 ], [ 4.876396460077509, 52.368884296679667 ], [ 4.876230050080531, 52.369021886680962 ], [ 4.876109090082934, 52.369131846681931 ], [ 4.875987370085569, 52.369251846682872 ], [ 4.875894000087762, 52.369351736683555 ], [ 4.87580059009014, 52.369459966684303 ], [ 4.875731690092064, 52.369547686684818 ], [ 4.875668750094046, 52.369637496685293 ], [ 4.875609800096194, 52.369735286685696 ], [ 4.875516520099596, 52.369889986686402 ], [ 4.875455100101846, 52.369991846686865 ], [ 4.875396120103986, 52.370089656687263 ], [ 4.875338540106093, 52.370185166687726 ], [ 4.875039320117014, 52.370681426689913 ], [ 4.874530150142019, 52.371816556693503 ], [ 4.874476030144936, 52.371949086693853 ], [ 4.874438430148518, 52.372111536694078 ], [ 4.874443140151214, 52.372233326693994 ] ] ] } },
{ "type": "Feature", "properties": { "Project_ID": null, "area_name": "Amsterdam Nieuw-West 1 2026-1", "area_km2": 38.01439285842384, "total_recordings": 99881, "total_markers": 161, "car_limitation_count": 0, "under_construction_count": 72, "obstacle_count": 85, "other_count": 0, "operator_reminder_count": 0, "car_limitation_share": 0.0, "construction_share": 0.44720496894409939, "obstacle_share": 0.52795031055900621, "other_share": 0.0, "unknown_count": 2, "private_property_count": 2, "unpaved_road_count": 0, "hike_or_bike_trail_count": 0, "event_count": 0, "unknown_share": 0.012422360248447204, "private_property_share": 0.012422360248447204, "unpaved_road_share": 0.0, "operator_reminder_share": 0.0, "hike_or_bike_trail_share": 0.0, "event_share": 0.0, "temporary_count": 72, "operational_obstacle_count": 85, "access_structural_count": 2, "unclear_other_count": 2, "temporary_share": 0.44720496894409939, "operational_obstacle_share": 0.52795031055900621, "access_structural_share": 0.012422360248447204, "unclear_other_share": 0.012422360248447204, "dominant_marker_type": "Obstacle", "marker_density": 4.2352379689347854, "recording_density": 2627.4521961191012, "avg_drms": 0.010261036157026861, "max_drms": 0.3079898, "high_drms_count": 3, "high_drms_share": 3.0035742533615001e-05, "norm_marker_density": 0.17775025842593881, "norm_recording_density": 0.54305862693181861, "norm_avg_drms": 0.1320334215283584, "norm_high_drms_share": 0.0018743261928503431, "difficulty_score": 0.24234638994958382, "difficulty_level": "Low", "actionability_score_raw": 0.4458818097059587, "evidence_weight": 1.0, "actionability_score": 0.4458818097059587, "actionability_level": "Medium", "action_category": "Mixed Temporary / Operational Disruption", "recommended_action": "Check temporary disruptions and prepare operators for local obstacles.", "road_density": 17.618639415218205, "intersection_density": 71.078341565601178, "dead_end_ratio": 0.14976887519260401, "oneway_share": 0.23879013000795959, "avg_segment_length": 88.851403603212475, "structural_complexity_score": 0.54790258952729176, "structural_complexity_level": "Medium", "overdrive_risk_score": 0.38489710476198991, "overdrive_risk_level": "Medium", "est_avoidable_share": 0.361, "est_unavoidable_share": 0.443, "overdrive_planning_category": "Monitor", "overdrive_recommendation": "Lower priority. Standard collection unless newer current-condition data suggests otherwise." }, "geometry": { "type": "Polygon", "coordinates": [ [ [ 4.757494030681359, 52.396870937648849 ], [ 4.758299030733092, 52.399190937640746 ], [ 4.759377030726637, 52.398894937631994 ], [ 4.759826030755783, 52.400201937627472 ], [ 4.764773030742527, 52.39957793758672 ], [ 4.765419030741271, 52.39951793758145 ], [ 4.767418030735675, 52.399254937565019 ], [ 4.768928030730157, 52.398997937552608 ], [ 4.769234030728632, 52.398927937550127 ], [ 4.771258030716606, 52.398375937533608 ], [ 4.771010030712647, 52.398198937535803 ], [ 4.770861030708891, 52.398030937537129 ], [ 4.770780030705882, 52.397895937537882 ], [ 4.77074103070445, 52.397831937538264 ], [ 4.770704030701687, 52.397707937538641 ], [ 4.770639030693916, 52.39735893753938 ], [ 4.772997030637565, 52.394810937521299 ], [ 4.775016030733457, 52.39911193750202 ], [ 4.792720030736024, 52.39912793735509 ], [ 4.793035030736641, 52.39915393735248 ], [ 4.793792030739041, 52.399257937346107 ], [ 4.794902030740929, 52.399336937336869 ], [ 4.795303030740676, 52.399322937333544 ], [ 4.795548030740859, 52.39932993733148 ], [ 4.795713030741493, 52.399357937330109 ], [ 4.795963030742615, 52.399406937328031 ], [ 4.796309030744862, 52.399505937325117 ], [ 4.796784030749007, 52.399689937321043 ], [ 4.797393030754858, 52.399949937315839 ], [ 4.797933030758539, 52.400112937311263 ], [ 4.798258030760177, 52.400184937308545 ], [ 4.798647030761447, 52.400239937305287 ], [ 4.798917030761944, 52.400260937303024 ], [ 4.799149030762152, 52.400268937301114 ], [ 4.799422030762121, 52.400265937298805 ], [ 4.799777030761651, 52.4002429372959 ], [ 4.800185030760457, 52.400186937292553 ], [ 4.800432030759287, 52.400132937290529 ], [ 4.800677030757853, 52.400066937288585 ], [ 4.800966030755792, 52.399972937286186 ], [ 4.801151030754271, 52.3999029372847 ], [ 4.801334030752249, 52.399810937283242 ], [ 4.801391030750172, 52.399716937282882 ], [ 4.801632030747214, 52.399582937280911 ], [ 4.801896030743197, 52.399399937278837 ], [ 4.802091030739287, 52.399222937277337 ], [ 4.802227030735867, 52.399067937276271 ], [ 4.802309030733273, 52.398950937275664 ], [ 4.80245103072754, 52.398691937274641 ], [ 4.80274803071215, 52.39799693727263 ], [ 4.802947030703314, 52.39759793727125 ], [ 4.803078030698065, 52.397360937270207 ], [ 4.803410030686104, 52.396819937267821 ], [ 4.803584030680439, 52.396563937266542 ], [ 4.803992030668392, 52.396018937263477 ], [ 4.804194030663002, 52.395774937261912 ], [ 4.804417030657367, 52.395519937260232 ], [ 4.804814030648092, 52.395099937257164 ], [ 4.804959030645164, 52.394966937256079 ], [ 4.805038030644195, 52.394922937255444 ], [ 4.805186030641648, 52.394806937254273 ], [ 4.805301030639233, 52.394697937253405 ], [ 4.805417030636114, 52.394556937252496 ], [ 4.805533030634901, 52.394500937251593 ], [ 4.805804030635146, 52.394510937249343 ], [ 4.805883030635869, 52.394542937248644 ], [ 4.805995030633402, 52.394430937247783 ], [ 4.807163030643554, 52.394881937237827 ], [ 4.807367030645936, 52.394987937236046 ], [ 4.807627030648186, 52.395087937233903 ], [ 4.80788203064995, 52.395165937231702 ], [ 4.808557030655694, 52.395420937226021 ], [ 4.808780030651417, 52.395226937224194 ], [ 4.80898303065339, 52.395314937222494 ], [ 4.809135030650579, 52.395186937221325 ], [ 4.809230030648502, 52.395092937220589 ], [ 4.809321030646093, 52.394983937219919 ], [ 4.809529030641991, 52.394797937218264 ], [ 4.809621030642849, 52.394835937217479 ], [ 4.809666030641741, 52.394785937217137 ], [ 4.809898030636829, 52.39456293721539 ], [ 4.810036030634427, 52.394453937214251 ], [ 4.810602030625666, 52.394055937209828 ], [ 4.810844030622263, 52.393900937207889 ], [ 4.811765030610704, 52.393374937200541 ], [ 4.812108030606848, 52.393198937197901 ], [ 4.812464030603138, 52.393029937194989 ], [ 4.813055030597671, 52.392779937190227 ], [ 4.813715030592119, 52.392525937184907 ], [ 4.814358030587215, 52.392300937179726 ], [ 4.814652030585233, 52.392209937177327 ], [ 4.815141030582457, 52.392081937173359 ], [ 4.815375030581332, 52.392029937171436 ], [ 4.81565503058013, 52.391973937169197 ], [ 4.816185030578516, 52.391897937164828 ], [ 4.817477030578349, 52.391882937154165 ], [ 4.818790030578471, 52.39188093714327 ], [ 4.833019030580609, 52.391894937025405 ], [ 4.833661030581028, 52.391909937020117 ], [ 4.834308030582057, 52.391952937014707 ], [ 4.834929030583734, 52.392024937009538 ], [ 4.835454030585684, 52.392109937005152 ], [ 4.835534030587182, 52.392176937004429 ], [ 4.835586030590131, 52.392309937003944 ], [ 4.835585030599598, 52.392736937003683 ], [ 4.835635030605386, 52.392997937003159 ], [ 4.835668030622504, 52.393769937002425 ], [ 4.835751030650139, 52.395016937001039 ], [ 4.835802030659073, 52.395419937000341 ], [ 4.83614403065916, 52.395421936997465 ], [ 4.837318030659438, 52.395427936987787 ], [ 4.837898030659317, 52.395418936983006 ], [ 4.838860030675846, 52.396159936974605 ], [ 4.839496030671675, 52.395967936969448 ], [ 4.839535030667712, 52.395788936969247 ], [ 4.840347030662142, 52.395532936962645 ], [ 4.84176903065205, 52.39506993695116 ], [ 4.841461030646341, 52.394813936953845 ], [ 4.840671030632578, 52.394196936960732 ], [ 4.841094030637325, 52.39440893695712 ], [ 4.841602030642266, 52.39462893695282 ], [ 4.841912030644933, 52.394747936950154 ], [ 4.842251030647645, 52.394867936947293 ], [ 4.842384030648412, 52.394901936946198 ], [ 4.842518030648805, 52.394918936945068 ], [ 4.842955030651686, 52.395046936941377 ], [ 4.843276030653504, 52.395126936938702 ], [ 4.843692030655571, 52.395217936935147 ], [ 4.843996030656188, 52.395243936932637 ], [ 4.844323030657245, 52.39528993692992 ], [ 4.844238030649278, 52.394930936930777 ], [ 4.844179030641787, 52.394592936931517 ], [ 4.844132030631347, 52.394121936932166 ], [ 4.844122030621777, 52.393689936932475 ], [ 4.844376030515393, 52.388884936933195 ], [ 4.844669030515434, 52.388884936930765 ], [ 4.844667030515893, 52.388905936930769 ], [ 4.844692030515905, 52.388905936930527 ], [ 4.844694030512271, 52.388741936930629 ], [ 4.844669030512299, 52.388742936930797 ], [ 4.844678030506358, 52.388474936930919 ], [ 4.844766030471672, 52.386907936931074 ], [ 4.844738030459752, 52.386369936931601 ], [ 4.844803030432342, 52.385131936931813 ], [ 4.844818030432265, 52.385127936931696 ], [ 4.84481803043151, 52.38509393693171 ], [ 4.844584030431373, 52.385088936933641 ], [ 4.843938030430969, 52.38507493693897 ], [ 4.843299030431151, 52.385086936944234 ], [ 4.839841030429246, 52.385021936972905 ], [ 4.83926203042877, 52.385003936977732 ], [ 4.83936603041926, 52.384573936977084 ], [ 4.839422030419272, 52.384573936976658 ], [ 4.839450030415811, 52.384417936976469 ], [ 4.839424030415797, 52.384416936976713 ], [ 4.839465030407204, 52.38402893697657 ], [ 4.839452030407182, 52.3840279369767 ], [ 4.839461030401803, 52.383784936976753 ], [ 4.839450030398059, 52.383615936976987 ], [ 4.839466030398056, 52.383615936976803 ], [ 4.839458030396487, 52.383544936976939 ], [ 4.839445030396506, 52.38354593697705 ], [ 4.839395030387796, 52.383152936977666 ], [ 4.839410030387772, 52.383151936977562 ], [ 4.839392030385422, 52.383045936977759 ], [ 4.839379030385447, 52.383046936977905 ], [ 4.839301030377375, 52.382682936978739 ], [ 4.839310030377352, 52.382681936978649 ], [ 4.839284030375064, 52.382578936978916 ], [ 4.839270030375111, 52.382580936979032 ], [ 4.839143030366321, 52.382184936980288 ], [ 4.839136030366343, 52.382185936980363 ], [ 4.83910303036459, 52.382106936980676 ], [ 4.839091030364632, 52.382108936980771 ], [ 4.838954030357439, 52.381784936982079 ], [ 4.838973030357355, 52.381780936981919 ], [ 4.838927030355106, 52.381679936982394 ], [ 4.838950030355047, 52.381676936982196 ], [ 4.838920030353481, 52.3816069369825 ], [ 4.838902030353554, 52.38160993698262 ], [ 4.83876903034658, 52.381295936983918 ], [ 4.838787030346496, 52.381291936983722 ], [ 4.838780030346073, 52.381272936983827 ], [ 4.838698030341901, 52.381084936984614 ], [ 4.838682030341968, 52.38108793698472 ], [ 4.838534030334153, 52.380735936986191 ], [ 4.838551030334083, 52.380732936985993 ], [ 4.838466030329534, 52.380527936986837 ], [ 4.838451030329578, 52.380529936986996 ], [ 4.838447030329354, 52.380519936987021 ], [ 4.838301030321627, 52.380171936988383 ], [ 4.838318030321558, 52.380168936988291 ], [ 4.838229030316945, 52.379960936989129 ], [ 4.83821303031701, 52.379963936989242 ], [ 4.838207030316721, 52.379950936989331 ], [ 4.838112030311282, 52.37970593699022 ], [ 4.83812103031124, 52.379703936990175 ], [ 4.837882030298496, 52.37912993699247 ], [ 4.837878030298338, 52.379122936992481 ], [ 4.837859030298397, 52.379125936992658 ], [ 4.837828030296758, 52.379051936992951 ], [ 4.837816030296794, 52.379053936993039 ], [ 4.83772903029216, 52.378844936993865 ], [ 4.837650030288009, 52.378657936994649 ], [ 4.837687030288123, 52.378662936994338 ], [ 4.837657030286569, 52.378592936994657 ], [ 4.837664030286551, 52.37859193699456 ], [ 4.837636030285061, 52.378524936994843 ], [ 4.837620030285122, 52.378527936994963 ], [ 4.83746803027735, 52.378177936996401 ], [ 4.837469030276816, 52.378153936996441 ], [ 4.837330030269408, 52.377819936997753 ], [ 4.836705030236517, 52.376338937003773 ], [ 4.83549803017209, 52.373436937015391 ], [ 4.835483030172074, 52.373436937015555 ], [ 4.835446030170082, 52.373346937015889 ], [ 4.835431030170126, 52.373348937015997 ], [ 4.83534303016546, 52.373138937016819 ], [ 4.840608030148029, 52.372315936973692 ], [ 4.840867030147408, 52.372285936971586 ], [ 4.841196030146876, 52.372259936968831 ], [ 4.842142030146291, 52.372226936961063 ], [ 4.843043030145849, 52.372200936953611 ], [ 4.843033030139111, 52.371896936953839 ], [ 4.842860030139141, 52.371898936955319 ], [ 4.842859030138386, 52.371864936955291 ], [ 4.842804030138023, 52.3718489369558 ], [ 4.842725030117338, 52.370914936956936 ], [ 4.842577030096912, 52.369992936958703 ], [ 4.842567030092975, 52.369814936958839 ], [ 4.842574030087639, 52.369573936958979 ], [ 4.845227030088776, 52.369606936937004 ], [ 4.845644030089145, 52.369620936933522 ], [ 4.846096030089879, 52.369650936929773 ], [ 4.846622030091127, 52.369703936925418 ], [ 4.84700803009232, 52.369754936922192 ], [ 4.847634030094542, 52.369850936916897 ], [ 4.847750030088937, 52.369596936916111 ], [ 4.848364030091354, 52.369701936910964 ], [ 4.848712030074656, 52.368944936908505 ], [ 4.848683030074075, 52.36891893690872 ], [ 4.849710030024975, 52.366691936901518 ], [ 4.850328029995432, 52.365351936897113 ], [ 4.850391029995658, 52.365361936896583 ], [ 4.850464029991711, 52.36518293689609 ], [ 4.850503029970549, 52.36422593689629 ], [ 4.849192029970013, 52.36421093690717 ], [ 4.849221029951033, 52.363352936907368 ], [ 4.849466029951079, 52.363352936905343 ], [ 4.849520029897628, 52.360935936906237 ], [ 4.848895029893304, 52.360744936911466 ], [ 4.84889002983329, 52.358030936912947 ], [ 4.848896029830387, 52.357899936913014 ], [ 4.848938029777168, 52.355492936913947 ], [ 4.844745029775885, 52.355466936948652 ], [ 4.844798029701005, 52.352080936949989 ], [ 4.845552029701271, 52.35208693694377 ], [ 4.845562029689822, 52.351568936943956 ], [ 4.845651029585866, 52.346866936945716 ], [ 4.845653029583592, 52.346763936945692 ], [ 4.845735029583609, 52.346763936945123 ], [ 4.845826029583363, 52.346751936944322 ], [ 4.846088029581082, 52.346646936942243 ], [ 4.845875029576801, 52.346454936944049 ], [ 4.845660029573495, 52.346306936945886 ], [ 4.845396029570398, 52.346168936948182 ], [ 4.845228029568835, 52.346099936949543 ], [ 4.845074029567638, 52.346046936950884 ], [ 4.84488902956643, 52.345993936952461 ], [ 4.844717029565516, 52.34595393695389 ], [ 4.84436102956428, 52.345900936956845 ], [ 4.844089029563877, 52.345884936959138 ], [ 4.843471029563985, 52.345894936964243 ], [ 4.842844029564426, 52.345919936969437 ], [ 4.84235302956502, 52.345950936973459 ], [ 4.842350029564824, 52.345941936973496 ], [ 4.84194902956533, 52.345967936976784 ], [ 4.841952029556064, 52.345548936977004 ], [ 4.841790029555684, 52.345532936978394 ], [ 4.841730029555274, 52.345514936978837 ], [ 4.841665029554243, 52.345468936979408 ], [ 4.841642029553196, 52.345421936979648 ], [ 4.841641029552662, 52.345397936979673 ], [ 4.841668029551752, 52.345355936979502 ], [ 4.841651029545017, 52.34505193697975 ], [ 4.841532029523615, 52.344084936981233 ], [ 4.841511029516098, 52.343744936981594 ], [ 4.841510029510449, 52.343489936981705 ], [ 4.841520029510458, 52.343489936981634 ], [ 4.841523029508981, 52.343422936981653 ], [ 4.841501029508883, 52.343418936981791 ], [ 4.84151002950539, 52.343260936981828 ], [ 4.841525029505389, 52.343260936981707 ], [ 4.841526029503866, 52.343191936981746 ], [ 4.841535029503667, 52.343182936981684 ], [ 4.841711029471863, 52.341742936981021 ], [ 4.841889029446694, 52.34060293698009 ], [ 4.842013029432718, 52.339969936979323 ], [ 4.842097029427012, 52.339710936978804 ], [ 4.84221102942197, 52.339481936977933 ], [ 4.842356029417275, 52.33926793697691 ], [ 4.842514029413279, 52.3390859369757 ], [ 4.842733029408865, 52.338884936973948 ], [ 4.842917029405872, 52.338747936972538 ], [ 4.843182029402254, 52.338581936970392 ], [ 4.843362029400303, 52.338491936968978 ], [ 4.843721029397126, 52.338344936966088 ], [ 4.844022029395077, 52.338249936963656 ], [ 4.844293029393604, 52.338180936961365 ], [ 4.844552029392545, 52.338130936959281 ], [ 4.844896029391623, 52.33808593695646 ], [ 4.84530402939108, 52.338057936953135 ], [ 4.845710029391022, 52.338051936949782 ], [ 4.845955029391264, 52.33806093694772 ], [ 4.845996029391456, 52.338068936947401 ], [ 4.845999029391186, 52.33805693694736 ], [ 4.846015029391172, 52.338055936947228 ], [ 4.846020029391415, 52.338066936947229 ], [ 4.846418029392017, 52.338090936943914 ], [ 4.84652102939237, 52.338105936943016 ], [ 4.84652602939221, 52.338098936942963 ], [ 4.84667102939251, 52.338110936941781 ], [ 4.846669029392707, 52.338119936941759 ], [ 4.846858029393024, 52.338132936940248 ], [ 4.846861029392855, 52.338124936940197 ], [ 4.846977029393068, 52.338133936939229 ], [ 4.847037029383037, 52.337678936938964 ], [ 4.847145029365618, 52.336889936938533 ], [ 4.847099029351922, 52.336270936939165 ], [ 4.84622902930412, 52.334114936947479 ], [ 4.838344029244154, 52.331471937014093 ], [ 4.835564029233011, 52.330992937037372 ], [ 4.822136029226277, 52.330809937148643 ], [ 4.817336029142404, 52.327062937190327 ], [ 4.817132029139061, 52.326913937192124 ], [ 4.816415029149556, 52.327394937197845 ], [ 4.815446029160137, 52.327881937205625 ], [ 4.812679029185181, 52.329038937227956 ], [ 4.807730029229347, 52.331079937267944 ], [ 4.803059029271417, 52.333021937305709 ], [ 4.798808029309711, 52.3347889373401 ], [ 4.798228029314953, 52.335030937344719 ], [ 4.797777029320176, 52.335270937348369 ], [ 4.797337029327053, 52.335584937351889 ], [ 4.796096029353443, 52.336786937361538 ], [ 4.791793029446356, 52.341016937395025 ], [ 4.791449029452225, 52.341284937397759 ], [ 4.791113029456689, 52.341488937400499 ], [ 4.790553029464161, 52.341830937404929 ], [ 4.790169029467774, 52.341996937408041 ], [ 4.788162029485854, 52.342829937424291 ], [ 4.780816029551111, 52.345834937483694 ], [ 4.771753029631798, 52.349546937556951 ], [ 4.767405029668961, 52.351256937592126 ], [ 4.762135029714014, 52.353328937634856 ], [ 4.757342029754546, 52.355191937673688 ], [ 4.756665029761445, 52.355507937679143 ], [ 4.756118029768235, 52.355817937683497 ], [ 4.755696029775295, 52.356138937686858 ], [ 4.755325029783828, 52.356525937689725 ], [ 4.755116029790345, 52.356820937691303 ], [ 4.754953029798913, 52.357207937692408 ], [ 4.754849029814207, 52.357896937692949 ], [ 4.754915029824806, 52.35837293769211 ], [ 4.755109029839283, 52.35902293769017 ], [ 4.755485029869527, 52.360380937686287 ], [ 4.75649502994765, 52.363887937675941 ], [ 4.757996030066608, 52.36922793766054 ], [ 4.758487030107899, 52.371081937655418 ], [ 4.758587030119053, 52.371582937654317 ], [ 4.758609030132907, 52.372205937653746 ], [ 4.758579030144863, 52.372743937653723 ], [ 4.758530030156059, 52.373247937653829 ], [ 4.758393030172844, 52.374003937654578 ], [ 4.758059030196141, 52.37505393765673 ], [ 4.757542030221035, 52.376176937660418 ], [ 4.756999030240027, 52.377034937664412 ], [ 4.756447030255886, 52.37775193766857 ], [ 4.757269030260791, 52.377966937661661 ], [ 4.759137030291118, 52.379317937645354 ], [ 4.759091030326938, 52.380928937644839 ], [ 4.758999030387592, 52.383656937644048 ], [ 4.758965030397575, 52.38410593764408 ], [ 4.758956030404314, 52.384408937643968 ], [ 4.758528030465746, 52.387173937645862 ], [ 4.758356030477297, 52.387693937647072 ], [ 4.758311030482697, 52.387936937647311 ], [ 4.75801803051827, 52.389537937648818 ], [ 4.758060030549466, 52.390939937647616 ], [ 4.758022030599609, 52.393193937646629 ], [ 4.758023030617947, 52.394017937646105 ], [ 4.758000030629579, 52.394540937645985 ], [ 4.757890030662251, 52.396009937646063 ], [ 4.757880030672908, 52.396488937645842 ], [ 4.757870030674844, 52.396575937645885 ], [ 4.757831030676534, 52.396651937646169 ], [ 4.757759030678275, 52.396730937646737 ], [ 4.757605030680644, 52.396837937647923 ], [ 4.757494030681359, 52.396870937648849 ] ] ] } },
{ "type": "Feature", "properties": { "Project_ID": null, "area_name": "Amsterdam Noord 1 2026-1", "area_km2": 63.82660963504712, "total_recordings": 77569, "total_markers": 156, "car_limitation_count": 8, "under_construction_count": 81, "obstacle_count": 63, "other_count": 0, "operator_reminder_count": 0, "car_limitation_share": 0.05128205128205128, "construction_share": 0.51923076923076927, "obstacle_share": 0.40384615384615385, "other_share": 0.0, "unknown_count": 0, "private_property_count": 1, "unpaved_road_count": 3, "hike_or_bike_trail_count": 0, "event_count": 0, "unknown_share": 0.0, "private_property_share": 0.00641025641025641, "unpaved_road_share": 0.019230769230769232, "operator_reminder_share": 0.0, "hike_or_bike_trail_share": 0.0, "event_share": 0.0, "temporary_count": 81, "operational_obstacle_count": 63, "access_structural_count": 12, "unclear_other_count": 0, "temporary_share": 0.51923076923076927, "operational_obstacle_share": 0.40384615384615385, "access_structural_share": 0.076923076923076927, "unclear_other_share": 0.0, "dominant_marker_type": "Under Construction", "marker_density": 2.4441216742043679, "recording_density": 1215.3081676048628, "avg_drms": 0.012653414416841778, "max_drms": 0.4584434, "high_drms_count": 81, "high_drms_share": 0.0010442315873609304, "norm_marker_density": 0.098716032519972421, "norm_recording_density": 0.12649232266543645, "norm_avg_drms": 0.23955536474921826, "norm_high_drms_share": 0.065163383705324276, "difficulty_score": 0.13047270662072277, "difficulty_level": "Low", "actionability_score_raw": 0.35424904153797726, "evidence_weight": 1.0, "actionability_score": 0.35424904153797726, "actionability_level": "Medium", "action_category": "Mixed Temporary / Operational Disruption", "recommended_action": "Check temporary disruptions and prepare operators for local obstacles.", "road_density": 9.2044995416558937, "intersection_density": 33.19931940794266, "dead_end_ratio": 0.14031620553359681, "oneway_share": 0.18813503769255979, "avg_segment_length": 96.278597038879198, "structural_complexity_score": 0.31895138357049158, "structural_complexity_level": "Low", "overdrive_risk_score": 0.24296039343496706, "overdrive_risk_level": "Low", "est_avoidable_share": 0.441, "est_unavoidable_share": 0.397, "overdrive_planning_category": "Monitor", "overdrive_recommendation": "Lower priority. Standard collection unless newer current-condition data suggests otherwise." }, "geometry": { "type": "Polygon", "coordinates": [ [ [ 4.855723031124124, 52.416309936823076 ], [ 4.856090031131684, 52.416649936819873 ], [ 4.85948203120077, 52.419753936789945 ], [ 4.859643031204952, 52.419941936788476 ], [ 4.859764031209852, 52.420162936787342 ], [ 4.859842031214425, 52.420368936786581 ], [ 4.859879031217377, 52.420501936786188 ], [ 4.859896031220352, 52.42063593678597 ], [ 4.859893031223334, 52.420770936785914 ], [ 4.859866031227918, 52.420977936786016 ], [ 4.85981903123093, 52.421113936786355 ], [ 4.859736031234307, 52.421266936786928 ], [ 4.859494031241611, 52.42159793678875 ], [ 4.85821303127846, 52.423265936798295 ], [ 4.857994031285331, 52.423576936799876 ], [ 4.857918031288423, 52.423716936800403 ], [ 4.857858031292124, 52.423883936800799 ], [ 4.857823031298391, 52.424166936800901 ], [ 4.857829031300493, 52.424261936800839 ], [ 4.857873031305044, 52.424466936800336 ], [ 4.857959031310326, 52.42470493679955 ], [ 4.858031031313146, 52.424831936798817 ], [ 4.858122031316099, 52.424964936797977 ], [ 4.858254031319303, 52.425108936796789 ], [ 4.858399031322235, 52.425240936795511 ], [ 4.860896031370681, 52.427417936773502 ], [ 4.862465031400612, 52.428762936759732 ], [ 4.862574031403812, 52.428906936758722 ], [ 4.862681031407922, 52.429091936757729 ], [ 4.862718031409967, 52.429183936757383 ], [ 4.862757031413977, 52.429364936756926 ], [ 4.862745031416853, 52.429494936756988 ], [ 4.862714031418866, 52.429585936757135 ], [ 4.862817031419406, 52.429609936756307 ], [ 4.862690031426441, 52.429927936757139 ], [ 4.862864031427075, 52.429955936755675 ], [ 4.864199031433712, 52.430250936744436 ], [ 4.864218031436157, 52.430360936744236 ], [ 4.864890031439281, 52.430499936738563 ], [ 4.8650250314401, 52.430535936737463 ], [ 4.865148031439928, 52.430527936736461 ], [ 4.865269031439982, 52.430529936735475 ], [ 4.865398031440458, 52.430550936734392 ], [ 4.865584031441673, 52.430604936732813 ], [ 4.865976031443028, 52.430664936729507 ], [ 4.866195031442582, 52.430643936727762 ], [ 4.866702031442949, 52.430658936723567 ], [ 4.867003031442363, 52.430630936721059 ], [ 4.86793903143974, 52.430509936713392 ], [ 4.868376031437518, 52.430407936709841 ], [ 4.868755031435231, 52.430302936706823 ], [ 4.868925031433982, 52.430245936705433 ], [ 4.868973031433448, 52.43022193670506 ], [ 4.869708031422677, 52.429732936699324 ], [ 4.869840031424442, 52.429811936698137 ], [ 4.869870031425171, 52.42984493669789 ], [ 4.869906031426794, 52.429917936697528 ], [ 4.869945031427616, 52.429954936697165 ], [ 4.869985031428106, 52.429976936696832 ], [ 4.870107031428755, 52.430005936695807 ], [ 4.870209031429852, 52.430054936694901 ], [ 4.870283031431386, 52.430123936694287 ], [ 4.870608031436328, 52.430345936691459 ], [ 4.870752031437135, 52.43038193669026 ], [ 4.870969031432574, 52.430174936688594 ], [ 4.871433031430854, 52.430095936684801 ], [ 4.871732031429411, 52.430029936682374 ], [ 4.872112031426658, 52.429903936679338 ], [ 4.872236031425492, 52.429850936678335 ], [ 4.872458031422872, 52.429731936676582 ], [ 4.872655031419853, 52.429594936675045 ], [ 4.872683031419844, 52.429593936674792 ], [ 4.872748031418404, 52.429528936674323 ], [ 4.873058031418738, 52.429542936671758 ], [ 4.873259031418463, 52.429529936670065 ], [ 4.873347031417211, 52.429472936669384 ], [ 4.873407031414995, 52.429372936668955 ], [ 4.873555031407726, 52.429043936667945 ], [ 4.874124031383571, 52.427950936663898 ], [ 4.87423203138374, 52.427957936663056 ], [ 4.875255031363626, 52.427045936655155 ], [ 4.875489031359593, 52.426862936653315 ], [ 4.87572603135585, 52.426692936651456 ], [ 4.875978031352326, 52.426532936649529 ], [ 4.87624403134907, 52.426384936647359 ], [ 4.876624031345497, 52.426221936644374 ], [ 4.876584031345335, 52.426214936644662 ], [ 4.876977031342205, 52.426071936641527 ], [ 4.877162031340913, 52.426012936640028 ], [ 4.87747603133888, 52.425919936637484 ], [ 4.877678031337767, 52.425868936635865 ], [ 4.878015031336338, 52.425802936633133 ], [ 4.878380031335107, 52.425745936630143 ], [ 4.878669031334281, 52.425707936627731 ], [ 4.878868031333931, 52.42569093662614 ], [ 4.879268031333605, 52.425674936622904 ], [ 4.879531031333674, 52.425676936620647 ], [ 4.879837031334073, 52.42569393661816 ], [ 4.88033103133515, 52.425740936614048 ], [ 4.880666031336175, 52.425785936611263 ], [ 4.881647031340977, 52.425998936603058 ], [ 4.881837031341187, 52.426007936601444 ], [ 4.881941031341022, 52.42599993660059 ], [ 4.882223031340001, 52.425952936598335 ], [ 4.882372031339123, 52.425912936597101 ], [ 4.88246803133829, 52.42587493659633 ], [ 4.882584031336884, 52.425810936595369 ], [ 4.88273103133483, 52.425716936594227 ], [ 4.882978031330064, 52.425500936592364 ], [ 4.882994031329948, 52.425495936592178 ], [ 4.883283031330175, 52.425504936589789 ], [ 4.883856031331169, 52.425547936585069 ], [ 4.884434031331918, 52.425579936580235 ], [ 4.885301031332415, 52.425598936573074 ], [ 4.885848031332486, 52.425599936568624 ], [ 4.886552031332011, 52.425575936562794 ], [ 4.886882031331487, 52.425550936560079 ], [ 4.887587031331659, 52.425555936554254 ], [ 4.887580031331855, 52.425564936554302 ], [ 4.88769603133202, 52.425571936553368 ], [ 4.888165031332788, 52.425604936549469 ], [ 4.888932031333227, 52.425621936543152 ], [ 4.889701031333242, 52.425619936536762 ], [ 4.89088203133197, 52.425557936527056 ], [ 4.891363031331299, 52.425525936523101 ], [ 4.892112031329773, 52.42545393651703 ], [ 4.892470031329404, 52.425435936514042 ], [ 4.894401031324838, 52.425222936498187 ], [ 4.895910031320503, 52.4250209364859 ], [ 4.896244031319072, 52.424954936483203 ], [ 4.896540031318318, 52.424919936480748 ], [ 4.896733031317542, 52.424883936479226 ], [ 4.896872031317151, 52.424865936478092 ], [ 4.897150031315705, 52.424799936475829 ], [ 4.897385031314899, 52.424761936473921 ], [ 4.898356031310576, 52.424562936466032 ], [ 4.898417031310765, 52.424570936465486 ], [ 4.898393031309363, 52.424507936465737 ], [ 4.898751031308065, 52.42444793646284 ], [ 4.898752031308701, 52.424476936462803 ], [ 4.899365031305838, 52.42434493645785 ], [ 4.900068031301862, 52.424161936452144 ], [ 4.900533031298957, 52.424028936448394 ], [ 4.900767031297232, 52.423950936446474 ], [ 4.901897031289794, 52.423609936437416 ], [ 4.902783031283243, 52.423309936430307 ], [ 4.903664031276088, 52.422982936423232 ], [ 4.90413803127184, 52.422788936419423 ], [ 4.904949031264328, 52.422445936412956 ], [ 4.905393031259921, 52.422244936409406 ], [ 4.905681031257412, 52.422129936407103 ], [ 4.906336031250095, 52.421796936401911 ], [ 4.907542031237764, 52.421233936392305 ], [ 4.908093031235084, 52.421110936387862 ], [ 4.907973031229532, 52.420859936388943 ], [ 4.908563031226842, 52.42073593638419 ], [ 4.908687031226095, 52.420701936383182 ], [ 4.909628031216307, 52.420254936375684 ], [ 4.910967031203408, 52.419665936365014 ], [ 4.912873031187054, 52.418917936349743 ], [ 4.913273031183857, 52.418771936346502 ], [ 4.913604031180981, 52.418639936343908 ], [ 4.914055031177525, 52.418481936340292 ], [ 4.91453703117763, 52.418484936336334 ], [ 4.914592031177461, 52.418476936335885 ], [ 4.914626031177702, 52.418487936335588 ], [ 4.914656031177689, 52.418486936335313 ], [ 4.914713031181546, 52.418661936334736 ], [ 4.915021031180788, 52.418625936332219 ], [ 4.915508031179967, 52.418586936328275 ], [ 4.915701031179186, 52.418550936326682 ], [ 4.916138031175053, 52.418361936323201 ], [ 4.916314031173648, 52.418297936321785 ], [ 4.91675503116928, 52.418097936318276 ], [ 4.917403031163373, 52.417827936313138 ], [ 4.918108031156565, 52.417516936307472 ], [ 4.918207031155778, 52.417480936306703 ], [ 4.918487031152849, 52.417346936304433 ], [ 4.918979031148343, 52.41714093630052 ], [ 4.919679031141527, 52.41682993629496 ], [ 4.91989103114005, 52.416761936293256 ], [ 4.920132031137969, 52.416666936291271 ], [ 4.920275031136533, 52.416600936290145 ], [ 4.920435031136567, 52.416601936288863 ], [ 4.920461031136393, 52.416593936288635 ], [ 4.920526031135468, 52.416551936288151 ], [ 4.920559031134417, 52.416503936287896 ], [ 4.920691031134009, 52.416484936286778 ], [ 4.92080803113157, 52.416373936285943 ], [ 4.920902031130264, 52.416314936285161 ], [ 4.921111031128421, 52.416229936283557 ], [ 4.921272031126709, 52.416151936282233 ], [ 4.921463031125158, 52.416080936280729 ], [ 4.921943031120301, 52.415858936276855 ], [ 4.92206503111887, 52.415793936275925 ], [ 4.922756031112824, 52.415516936270343 ], [ 4.923467031106562, 52.415229936264708 ], [ 4.925088031089615, 52.414455936251805 ], [ 4.925190031088158, 52.414389936251013 ], [ 4.925481031085215, 52.414254936248724 ], [ 4.925506031084494, 52.414221936248488 ], [ 4.925549031083992, 52.414198936248241 ], [ 4.92578503108207, 52.414110936246324 ], [ 4.926886031070985, 52.413603936237507 ], [ 4.927317031067067, 52.413424936234065 ], [ 4.927609031063848, 52.413277936231708 ], [ 4.927881031061625, 52.413175936229557 ], [ 4.928114031059098, 52.413060936227723 ], [ 4.928391031056702, 52.412950936225499 ], [ 4.928783031052618, 52.41276393622239 ], [ 4.928925031050899, 52.412685936221258 ], [ 4.929208031048308, 52.412566936219008 ], [ 4.929480031045461, 52.412436936216857 ], [ 4.929593031044657, 52.41239993621592 ], [ 4.929662031043823, 52.412361936215369 ], [ 4.929872031042128, 52.412283936213711 ], [ 4.929940031041274, 52.412244936213156 ], [ 4.930101031039917, 52.41218293621187 ], [ 4.930267031038188, 52.412103936210578 ], [ 4.930348031037572, 52.412075936209895 ], [ 4.930395031037398, 52.412067936209539 ], [ 4.930416031034365, 52.411929936209425 ], [ 4.930726031027007, 52.411594936207109 ], [ 4.930807031027541, 52.411618936206402 ], [ 4.931131031028922, 52.411679936203697 ], [ 4.931613031029914, 52.411722936199666 ], [ 4.93292803103204, 52.411813936188835 ], [ 4.934279031034682, 52.411927936177612 ], [ 4.934526031035167, 52.411948936175577 ], [ 4.935153031036947, 52.412026936170356 ], [ 4.935802031040231, 52.412172936164971 ], [ 4.936462031044045, 52.412342936159448 ], [ 4.939499031062577, 52.413170936133952 ], [ 4.941730031073161, 52.413641936115276 ], [ 4.942657031077763, 52.413846936107454 ], [ 4.943146031080979, 52.413990936103389 ], [ 4.943580031084227, 52.414135936099775 ], [ 4.943985031087494, 52.414282936096299 ], [ 4.944079031088521, 52.414328936095544 ], [ 4.944130031089226, 52.414360936095051 ], [ 4.944446031094952, 52.414618936092353 ], [ 4.944564031097558, 52.414736936091273 ], [ 4.944790031103485, 52.415004936089261 ], [ 4.94498503111005, 52.415301936087459 ], [ 4.945107031115728, 52.415558936086327 ], [ 4.945577031142575, 52.416774936081723 ], [ 4.947226031221782, 52.420360936065983 ], [ 4.947468031234143, 52.420920936063645 ], [ 4.947708031245176, 52.421419936061362 ], [ 4.947798031248019, 52.421548936060539 ], [ 4.948536031245068, 52.421411936054525 ], [ 4.948645031246723, 52.421486936053618 ], [ 4.949221031251947, 52.421721936048726 ], [ 4.949719031256177, 52.421911936044502 ], [ 4.949741031256118, 52.421908936044368 ], [ 4.949781031255612, 52.421885936044042 ], [ 4.949816031254753, 52.42184693604375 ], [ 4.951492031256406, 52.421915936029933 ], [ 4.95152703125679, 52.421932936029691 ], [ 4.95152903125784, 52.42198093602957 ], [ 4.951650031267288, 52.422408936028347 ], [ 4.95164203127227, 52.422634936028182 ], [ 4.951599031276148, 52.422810936028505 ], [ 4.951506031280174, 52.422993936029172 ], [ 4.95152903128037, 52.423002936028951 ], [ 4.951342031284991, 52.423212936030353 ], [ 4.951553031286477, 52.423279936028592 ], [ 4.951602031286484, 52.423279936028173 ], [ 4.951923031288448, 52.423367936025528 ], [ 4.952780031295074, 52.42366593601826 ], [ 4.95283503129379, 52.423606936017848 ], [ 4.952599031291789, 52.423516936019837 ], [ 4.952504031290811, 52.423472936020673 ], [ 4.952619031285726, 52.423241936019842 ], [ 4.952718031283108, 52.423122936019119 ], [ 4.952856031278674, 52.422920936018109 ], [ 4.953073031274251, 52.422719936016421 ], [ 4.953244031270255, 52.422537936015154 ], [ 4.953612031262854, 52.422200936012359 ], [ 4.953669031262508, 52.422184936011853 ], [ 4.953819031262459, 52.422181936010638 ], [ 4.954111031262982, 52.422204936008193 ], [ 4.95428403126379, 52.422240936006773 ], [ 4.954557031265623, 52.42232293600447 ], [ 4.954729031266359, 52.422355936003065 ], [ 4.954959031266953, 52.422381936001123 ], [ 4.955209031267456, 52.422403935999078 ], [ 4.955319031267418, 52.42240193599816 ], [ 4.955453031267123, 52.422387935997037 ], [ 4.955888031268021, 52.422426935993485 ], [ 4.955959031257307, 52.421940935993163 ], [ 4.956255031259339, 52.422031935990667 ], [ 4.956302031259492, 52.422038935990265 ], [ 4.957210031260492, 52.422080935982784 ], [ 4.95872803126182, 52.422135935970296 ], [ 4.958959031262312, 52.422156935968374 ], [ 4.960296031263285, 52.422196935957366 ], [ 4.962074031265582, 52.422294935942652 ], [ 4.963614031266784, 52.422343935929995 ], [ 4.963918031267248, 52.422363935927478 ], [ 4.964864031267845, 52.422387935919652 ], [ 4.965183031268466, 52.422414935917026 ], [ 4.965723031268817, 52.422428935912585 ], [ 4.965771031269215, 52.42244693591222 ], [ 4.96593103126927, 52.422448935910886 ], [ 4.966675031270192, 52.422487935904691 ], [ 4.966945031270712, 52.422510935902437 ], [ 4.967774031271195, 52.42252993589566 ], [ 4.967859031271113, 52.42252593589496 ], [ 4.968057031271529, 52.422543935893323 ], [ 4.968842031272466, 52.422583935886848 ], [ 4.969477031273071, 52.422608935881641 ], [ 4.970115031273336, 52.4226189358764 ], [ 4.970206031273631, 52.422631935875621 ], [ 4.970231031273856, 52.422641935875362 ], [ 4.970388031274108, 52.422652935874076 ], [ 4.971039031274224, 52.42265593586874 ], [ 4.971234031274808, 52.422681935867111 ], [ 4.971487031275246, 52.422700935865031 ], [ 4.972304031275685, 52.422717935858273 ], [ 4.972647031276413, 52.422749935855485 ], [ 4.973330031277215, 52.422783935849829 ], [ 4.97340503127755, 52.422798935849194 ], [ 4.973492031278574, 52.422844935848481 ], [ 4.973829031281526, 52.42297793584563 ], [ 4.974340031286355, 52.423195935841278 ], [ 4.974482031287868, 52.423263935840062 ], [ 4.975482031297549, 52.423699935831593 ], [ 4.9758260313007, 52.42384193582869 ], [ 4.975938031301521, 52.423878935827751 ], [ 4.976002031302272, 52.423912935827161 ], [ 4.976105031302977, 52.423944935826299 ], [ 4.976383031305891, 52.424075935823971 ], [ 4.976595031307753, 52.424159935822168 ], [ 4.976740031309613, 52.424243935820961 ], [ 4.977247031314167, 52.424448935816656 ], [ 4.977361031315676, 52.424516935815703 ], [ 4.977724031318691, 52.424652935812624 ], [ 4.978162031322864, 52.424840935808888 ], [ 4.978227031323215, 52.424856935808343 ], [ 4.978307031323931, 52.424888935807672 ], [ 4.978506031325794, 52.424972935806004 ], [ 4.978654031327547, 52.425051935804738 ], [ 4.979240031332649, 52.425281935799759 ], [ 4.979432031334839, 52.425380935798117 ], [ 4.979903031339387, 52.425585935794118 ], [ 4.980392031343693, 52.425779935789961 ], [ 4.980949031349519, 52.426042935785262 ], [ 4.981532031354496, 52.426266935780333 ], [ 4.981630031355825, 52.426326935779485 ], [ 4.982457031363583, 52.426676935772491 ], [ 4.982646031365182, 52.42674893577086 ], [ 4.984725031325164, 52.424923935754919 ], [ 4.986576031289158, 52.423281935740732 ], [ 4.987111031279214, 52.422827935736578 ], [ 4.987504031285195, 52.423098935733179 ], [ 4.987694031287816, 52.423216935731546 ], [ 4.987778031288629, 52.423253935730848 ], [ 4.988844031288424, 52.423240935722127 ], [ 4.989016031288809, 52.423257935720741 ], [ 4.989109031289583, 52.423292935719914 ], [ 4.989193031291044, 52.423358935719193 ], [ 4.989578031298641, 52.423702935715802 ], [ 4.989930031306304, 52.424049935712716 ], [ 4.990207031311623, 52.424290935710275 ], [ 4.990372031315116, 52.424448935708817 ], [ 4.990414031316341, 52.424504935708455 ], [ 4.990424031317646, 52.424563935708321 ], [ 4.990409031322257, 52.424773935708352 ], [ 4.990361031330689, 52.425156935708529 ], [ 4.990368031333045, 52.425263935708358 ], [ 4.990454031338393, 52.42550693570751 ], [ 4.990471031338408, 52.425506935707347 ], [ 4.990461031337913, 52.425484935707502 ], [ 4.99051103133754, 52.425467935707061 ], [ 4.990499031336388, 52.425415935707214 ], [ 4.991381031335822, 52.425386935699983 ], [ 4.991391031336394, 52.42541293569991 ], [ 4.991419031336817, 52.42543193569967 ], [ 4.991538031337068, 52.425442935698669 ], [ 4.991735031336989, 52.425438935697038 ], [ 4.992175031336492, 52.425414935693439 ], [ 4.992566031336807, 52.425427935690202 ], [ 4.992955031336544, 52.42541493568703 ], [ 4.993469031335919, 52.425384935682821 ], [ 4.993812031336673, 52.425417935680024 ], [ 4.994077031336889, 52.425426935677812 ], [ 4.994269031337232, 52.425441935676247 ], [ 4.994450031337181, 52.42543893567472 ], [ 4.994472031336955, 52.425428935674582 ], [ 4.994534031336902, 52.425425935674077 ], [ 4.995175031336925, 52.425424935668829 ], [ 4.995257031337041, 52.425429935668156 ], [ 4.995260031337552, 52.425452935668105 ], [ 4.995382031337421, 52.425446935667082 ], [ 4.995447031338106, 52.425477935666542 ], [ 4.99557503133803, 52.425473935665543 ], [ 4.995587031337673, 52.425457935665399 ], [ 4.996975031336912, 52.425418935654051 ], [ 4.999073031336664, 52.425400935636851 ], [ 4.999210031336697, 52.425401935635755 ], [ 4.999455031337107, 52.425419935633677 ], [ 4.999670031337061, 52.425416935631887 ], [ 4.999974031336701, 52.425399935629457 ], [ 5.00013703133696, 52.425410935628094 ], [ 5.000165031337381, 52.425429935627861 ], [ 5.000300031336573, 52.425392935626739 ], [ 5.000726031334117, 52.425279935623287 ], [ 5.001191031330563, 52.42511693561962 ], [ 5.001498031328013, 52.424999935617173 ], [ 5.003487031312457, 52.424285935601283 ], [ 5.00435303130546, 52.423964935594377 ], [ 5.005979031292948, 52.423390935581388 ], [ 5.00627403129036, 52.423271935579073 ], [ 5.007113031283938, 52.422976935572336 ], [ 5.007315031282629, 52.422916935570704 ], [ 5.007968031277419, 52.422677935565467 ], [ 5.008367031274524, 52.422544935562328 ], [ 5.008945031269899, 52.422331935557715 ], [ 5.009558031265317, 52.422121935552788 ], [ 5.010213031259873, 52.421871935547571 ], [ 5.010248031259808, 52.421868935547302 ], [ 5.010640031256848, 52.421732935544163 ], [ 5.011189031252446, 52.421530935539785 ], [ 5.012141031245132, 52.421194935532149 ], [ 5.012429031242713, 52.421083935529857 ], [ 5.013689031233096, 52.420641935519832 ], [ 5.014004031230175, 52.420507935517264 ], [ 5.014788031224173, 52.420231935511055 ], [ 5.014893031223424, 52.420197935510174 ], [ 5.014955031223214, 52.420187935509702 ], [ 5.015012031222649, 52.420161935509213 ], [ 5.015235031221189, 52.420094935507443 ], [ 5.016283031212946, 52.419715935499042 ], [ 5.017571031203307, 52.419272935488806 ], [ 5.017818031201302, 52.419180935486835 ], [ 5.01782303120144, 52.419186935486799 ], [ 5.018214031198368, 52.419045935483645 ], [ 5.018422031199906, 52.419114935481879 ], [ 5.018458031200061, 52.419121935481584 ], [ 5.018521031199824, 52.419110935481058 ], [ 5.018625031201654, 52.419193935480209 ], [ 5.01903803120544, 52.419364935476729 ], [ 5.019320031208357, 52.419496935474335 ], [ 5.019934031214001, 52.419751935469144 ], [ 5.020195031215708, 52.419828935466967 ], [ 5.020322031216957, 52.419884935465852 ], [ 5.020401031218292, 52.419945935465151 ], [ 5.020478031220478, 52.420044935464489 ], [ 5.02116203124271, 52.421054935458287 ], [ 5.02129003124404, 52.421114935457169 ], [ 5.021416031244993, 52.421157935456151 ], [ 5.021620031246101, 52.421207935454419 ], [ 5.021942031242663, 52.42104993545194 ], [ 5.022382031236186, 52.420753935448481 ], [ 5.023212031227421, 52.420351935441907 ], [ 5.023567031225276, 52.42025293543908 ], [ 5.024295031222111, 52.420106935433182 ], [ 5.024825031221448, 52.420074935428872 ], [ 5.024950031221334, 52.420068935427793 ], [ 5.025633031222895, 52.420137935422211 ], [ 5.026074031222161, 52.420102935418612 ], [ 5.026508031221023, 52.42004993541503 ], [ 5.026925031219057, 52.419958935411699 ], [ 5.027268031216725, 52.419851935408921 ], [ 5.028366031206954, 52.419402935400242 ], [ 5.02870103120174, 52.419163935397641 ], [ 5.028988031194755, 52.418844935395441 ], [ 5.029519031177339, 52.418049935391579 ], [ 5.029736031169527, 52.417692935390008 ], [ 5.029953031158501, 52.417189935388521 ], [ 5.0300580311503, 52.416815935387902 ], [ 5.030092031145472, 52.41659593538774 ], [ 5.030117031136608, 52.416191935387808 ], [ 5.030053031124266, 52.415629935388651 ], [ 5.032498031138375, 52.416263935368292 ], [ 5.033476031147395, 52.416671935359986 ], [ 5.034072031158155, 52.41715993535481 ], [ 5.034413031172222, 52.417799935351631 ], [ 5.034777031177642, 52.41804593534853 ], [ 5.035055031180824, 52.418189935346135 ], [ 5.035247031181892, 52.41823793534455 ], [ 5.035479031182385, 52.418259935342626 ], [ 5.035877031182308, 52.418254935339341 ], [ 5.036317031180936, 52.418190935335801 ], [ 5.036883031178435, 52.418074935331262 ], [ 5.037378031175251, 52.417927935327313 ], [ 5.039397031163102, 52.417367935311042 ], [ 5.040718031160201, 52.417230935300296 ], [ 5.042598031154641, 52.416970935285086 ], [ 5.044004031146547, 52.416596935273795 ], [ 5.049185031114454, 52.415115935232251 ], [ 5.050933031117853, 52.415264935217849 ], [ 5.052529031123718, 52.415526935204632 ], [ 5.055096031133377, 52.415958935183355 ], [ 5.057764031145952, 52.416523935161166 ], [ 5.062097031138512, 52.416169935125986 ], [ 5.062564031138326, 52.416159935122131 ], [ 5.063196031140238, 52.4162449351169 ], [ 5.063690031144088, 52.416418935112766 ], [ 5.064389031151206, 52.416741935106813 ], [ 5.064834031155437, 52.41693293510307 ], [ 5.065420031161885, 52.417225935098152 ], [ 5.067943031147416, 52.416556935077892 ], [ 5.068278031147154, 52.416543935075161 ], [ 5.069925031131173, 52.415808935062067 ], [ 5.074269031088051, 52.413824935027762 ], [ 5.079169030537431, 52.388640935002137 ], [ 5.067106030449064, 52.384659935103009 ], [ 5.052337030345562, 52.380006935226461 ], [ 5.04027903026114, 52.376216935327378 ], [ 5.037688030242649, 52.375387935348996 ], [ 5.014445030117476, 52.369812935542612 ], [ 5.001268030088662, 52.368579935651447 ], [ 4.99875103008318, 52.368345935672217 ], [ 4.996458030080039, 52.368216935691137 ], [ 4.993877030080013, 52.368231935712295 ], [ 4.991411030082613, 52.368365935732506 ], [ 4.989047030088593, 52.368652935751768 ], [ 4.986545030098327, 52.369111935772104 ], [ 4.984202030111255, 52.369714935790974 ], [ 4.98212603012542, 52.370372935807701 ], [ 4.979749030145897, 52.371319935826705 ], [ 4.977374030171578, 52.372502935845588 ], [ 4.974094030209448, 52.374245935871599 ], [ 4.970332030252943, 52.376246935901449 ], [ 4.966621030295761, 52.378215935930839 ], [ 4.963725030329213, 52.379753935953822 ], [ 4.961583030360986, 52.381209935970645 ], [ 4.96061503037051, 52.381648935978362 ], [ 4.959662030379939, 52.382082935985935 ], [ 4.958416030388082, 52.382459935995961 ], [ 4.956715030391766, 52.38263693600986 ], [ 4.954257030390663, 52.382600936030101 ], [ 4.952433030389494, 52.382557936045153 ], [ 4.949590030387613, 52.38248893606859 ], [ 4.943192030386988, 52.382496936121242 ], [ 4.939836030386631, 52.382499936148875 ], [ 4.937360030384002, 52.38239493616932 ], [ 4.931092030377323, 52.38212793622116 ], [ 4.922461030353347, 52.381090936292807 ], [ 4.91986303034655, 52.380797936314401 ], [ 4.91750703034042, 52.380533936333961 ], [ 4.911009030325864, 52.379912936387903 ], [ 4.910598030325523, 52.379899936391297 ], [ 4.908689030324009, 52.379842936407051 ], [ 4.907627030324479, 52.379870936415784 ], [ 4.906536030327321, 52.380005936424745 ], [ 4.906414030327764, 52.380026936425715 ], [ 4.906011030329164, 52.38009293642903 ], [ 4.905480030331264, 52.380190936433337 ], [ 4.904318030336821, 52.380449936442801 ], [ 4.903269030343543, 52.38076093645126 ], [ 4.90226803035122, 52.381114936459305 ], [ 4.902101030352699, 52.381182936460647 ], [ 4.901189030360657, 52.381548936467944 ], [ 4.900373030369755, 52.381965936474423 ], [ 4.900065030373582, 52.382140936476951 ], [ 4.899484030380807, 52.382471936481529 ], [ 4.898777030391412, 52.382956936487076 ], [ 4.898669030393038, 52.383030936487934 ], [ 4.897920030406874, 52.383661936493709 ], [ 4.897316030419938, 52.38425693649846 ], [ 4.896769030433465, 52.384872936502582 ], [ 4.896252030450227, 52.385634936506356 ], [ 4.895883030465915, 52.386347936508997 ], [ 4.89566603047828, 52.386908936510522 ], [ 4.895089030517275, 52.388677936514249 ], [ 4.894680030544807, 52.389926936516929 ], [ 4.893991030591371, 52.392038936521395 ], [ 4.893665030608387, 52.392810936523652 ], [ 4.893220030624676, 52.393550936526893 ], [ 4.892664030638794, 52.394192936531134 ], [ 4.89201203065153, 52.394772936536157 ], [ 4.891565030658677, 52.395098936539661 ], [ 4.889780030687197, 52.396398936553624 ], [ 4.885866030752279, 52.399363936584244 ], [ 4.882707030803326, 52.401688936608942 ], [ 4.873555030948259, 52.408285936680613 ], [ 4.870997030988532, 52.41011793670063 ], [ 4.867108031038031, 52.412371936731439 ], [ 4.863884031069348, 52.413800936757191 ], [ 4.863636031071312, 52.413890936759188 ], [ 4.860886031093126, 52.414887936781341 ], [ 4.855723031124124, 52.416309936823076 ] ] ] } },
{ "type": "Feature", "properties": { "Project_ID": null, "area_name": "Amsterdam Oost 1 2026-1", "area_km2": 30.594045521519892, "total_recordings": 55968, "total_markers": 56, "car_limitation_count": 1, "under_construction_count": 45, "obstacle_count": 8, "other_count": 0, "operator_reminder_count": 0, "car_limitation_share": 0.017857142857142856, "construction_share": 0.8035714285714286, "obstacle_share": 0.14285714285714285, "other_share": 0.0, "unknown_count": 0, "private_property_count": 2, "unpaved_road_count": 0, "hike_or_bike_trail_count": 0, "event_count": 0, "unknown_share": 0.0, "private_property_share": 0.035714285714285712, "unpaved_road_share": 0.0, "operator_reminder_share": 0.0, "hike_or_bike_trail_share": 0.0, "event_share": 0.0, "temporary_count": 45, "operational_obstacle_count": 8, "access_structural_count": 3, "unclear_other_count": 0, "temporary_share": 0.8035714285714286, "operational_obstacle_share": 0.14285714285714285, "access_structural_share": 0.053571428571428568, "unclear_other_share": 0.0, "dominant_marker_type": "Under Construction", "marker_density": 1.8304215426694559, "recording_density": 1829.3755875022161, "avg_drms": 0.023457685205831906, "max_drms": 0.6190497, "high_drms_count": 323, "high_drms_share": 0.0057711549456832476, "norm_marker_density": 0.071636096405856636, "norm_recording_density": 0.30763517389865536, "norm_avg_drms": 0.72513751947355709, "norm_high_drms_share": 0.36013848719024855, "difficulty_score": 0.29018638947103559, "difficulty_level": "Low", "actionability_score_raw": 0.42638986456001376, "evidence_weight": 1.0, "actionability_score": 0.42638986456001376, "actionability_level": "Medium", "action_category": "Temporary Disruption", "recommended_action": "Check construction/event status before collection or reschedule.", "road_density": 13.704600301038528, "intersection_density": 53.834005013867753, "dead_end_ratio": 0.13047910295616719, "oneway_share": 0.28193734725616532, "avg_segment_length": 93.152447337082407, "structural_complexity_score": 0.44311766860688839, "structural_complexity_level": "Medium", "overdrive_risk_score": 0.37011664198403593, "overdrive_risk_level": "Medium", "est_avoidable_share": 0.368, "est_unavoidable_share": 0.382, "overdrive_planning_category": "Investigate Further", "overdrive_recommendation": "Difficulty is high but not clearly explained. Review route execution, marker comments, and recordings." }, "geometry": { "type": "Polygon", "coordinates": [ [ [ 4.895233029092018, 52.324064936547408 ], [ 4.895260029094767, 52.324188936547145 ], [ 4.895315029097817, 52.324326936546584 ], [ 4.895846029116914, 52.32518893654175 ], [ 4.896450029141231, 52.326286936536206 ], [ 4.896563029146172, 52.326509936535203 ], [ 4.896684029153393, 52.326836936534022 ], [ 4.896866029162727, 52.327258936532324 ], [ 4.897008029169077, 52.327545936531045 ], [ 4.897149029173977, 52.32776693652977 ], [ 4.897330029179393, 52.328010936528116 ], [ 4.897844029191565, 52.328558936523642 ], [ 4.898258029200433, 52.328957936519984 ], [ 4.898775029213444, 52.329543936515492 ], [ 4.898918029218257, 52.329760936514134 ], [ 4.899032029223146, 52.329981936513093 ], [ 4.899081029227605, 52.330183936512597 ], [ 4.89908002923289, 52.330423936512489 ], [ 4.899017029238829, 52.330693936512816 ], [ 4.898880029247591, 52.331092936513798 ], [ 4.898500029266296, 52.331944936516507 ], [ 4.898482029268913, 52.332063936516597 ], [ 4.898487029273302, 52.33226293651645 ], [ 4.898532029277679, 52.332460936516014 ], [ 4.898626029281169, 52.332618936515097 ], [ 4.898760029284746, 52.332779936513951 ], [ 4.898845029286676, 52.332866936513199 ], [ 4.89898402928896, 52.332969936512001 ], [ 4.899127029290919, 52.333056936510779 ], [ 4.899301029292708, 52.333136936509284 ], [ 4.899475029294182, 52.333201936507791 ], [ 4.899643029295221, 52.333247936506417 ], [ 4.899833029296285, 52.333294936504799 ], [ 4.900206029297878, 52.333363936501677 ], [ 4.900605029298936, 52.333407936498418 ], [ 4.901164029299454, 52.333426936493751 ], [ 4.902202029298087, 52.333355936485276 ], [ 4.902485029298095, 52.333353936482894 ], [ 4.9028550292985, 52.333368936479857 ], [ 4.903557029299709, 52.333417936474035 ], [ 4.903947029300925, 52.333469936470749 ], [ 4.904264029302943, 52.333558936468123 ], [ 4.904553029305754, 52.333683936465675 ], [ 4.904783029309121, 52.333834936463703 ], [ 4.905260029317716, 52.33422093645958 ], [ 4.905554029323391, 52.334475936457011 ], [ 4.90601002933358, 52.334934936453088 ], [ 4.906355029342047, 52.335315936450009 ], [ 4.906493029345129, 52.335454936448784 ], [ 4.906634029349144, 52.335635936447531 ], [ 4.906760029353881, 52.335849936446387 ], [ 4.90680302935605, 52.335947936445983 ], [ 4.906864029360486, 52.336148936445376 ], [ 4.90690502936591, 52.336394936444925 ], [ 4.907196029392577, 52.337602936441868 ], [ 4.907243029394808, 52.337703936441457 ], [ 4.907315029397037, 52.33780493644079 ], [ 4.907415029399206, 52.33790193643992 ], [ 4.90749002940025, 52.337948936439311 ], [ 4.907754029403715, 52.338103936437044 ], [ 4.907968029406002, 52.338205936435223 ], [ 4.909270029416962, 52.338692936424145 ], [ 4.90942702941845, 52.338758936422899 ], [ 4.910077029424559, 52.339030936417366 ], [ 4.910720029428333, 52.339196936412037 ], [ 4.911180029430619, 52.339296936408147 ], [ 4.911804029434036, 52.339446936402958 ], [ 4.912020029435287, 52.339501936401106 ], [ 4.912630029440224, 52.339720936396006 ], [ 4.913199029446929, 52.340020936391134 ], [ 4.913607029452357, 52.340263936387686 ], [ 4.914051029459036, 52.340563936383809 ], [ 4.914381029467069, 52.340925936380906 ], [ 4.914686029475957, 52.341326936378252 ], [ 4.914873029481713, 52.34158693637653 ], [ 4.914974029487481, 52.341847936375594 ], [ 4.914994029493759, 52.342132936375265 ], [ 4.914950029499964, 52.342414936375484 ], [ 4.914869029504572, 52.342624936376005 ], [ 4.914143029524113, 52.343517936381552 ], [ 4.91386202953164, 52.343861936383739 ], [ 4.91344802954974, 52.344686936386701 ], [ 4.913291029559535, 52.345132936387763 ], [ 4.913197029569623, 52.345591936388281 ], [ 4.913167029572955, 52.34574293638849 ], [ 4.912713029607708, 52.347323936391376 ], [ 4.912238029624763, 52.348101936394904 ], [ 4.911070029666734, 52.350015936403551 ], [ 4.910254029696063, 52.351352936409612 ], [ 4.908368029740335, 52.353375936424058 ], [ 4.906557029784021, 52.35537093643795 ], [ 4.906060029801218, 52.356154936441648 ], [ 4.90489602985798, 52.358737936449913 ], [ 4.904638029868102, 52.359198936451754 ], [ 4.905168029871186, 52.359334936447304 ], [ 4.905980029874621, 52.359484936440523 ], [ 4.906176029875797, 52.359536936438907 ], [ 4.906510029878368, 52.359650936436068 ], [ 4.906647029879705, 52.359710936434908 ], [ 4.906927029883101, 52.359862936432506 ], [ 4.907108029885952, 52.359990936430961 ], [ 4.907384029890738, 52.360205936428514 ], [ 4.907514029892546, 52.360286936427457 ], [ 4.907650029894111, 52.360356936426307 ], [ 4.907789029895475, 52.360417936425108 ], [ 4.907979029897001, 52.360485936423537 ], [ 4.908326029899042, 52.360575936420609 ], [ 4.90855302990018, 52.360625936418714 ], [ 4.908818029900679, 52.360646936416536 ], [ 4.909043029900523, 52.360637936414626 ], [ 4.909372029899377, 52.360583936411977 ], [ 4.909668029898979, 52.360563936409555 ], [ 4.909966029899233, 52.360572936407067 ], [ 4.910250029900054, 52.360607936404698 ], [ 4.910401029900734, 52.360637936403464 ], [ 4.910571029901752, 52.360682936402057 ], [ 4.910843029903977, 52.360781936399739 ], [ 4.911062029906466, 52.360892936397853 ], [ 4.911193029908373, 52.360978936396698 ], [ 4.911312029910484, 52.361073936395705 ], [ 4.911384029911445, 52.361116936395113 ], [ 4.911496029912565, 52.361166936394191 ], [ 4.911644029913558, 52.361210936392879 ], [ 4.91177002991406, 52.361232936391836 ], [ 4.912844029916672, 52.361343936382987 ], [ 4.914041029919901, 52.361481936372989 ], [ 4.915085029926478, 52.361772936364254 ], [ 4.915775029930789, 52.361963936358435 ], [ 4.915985029931861, 52.362010936356647 ], [ 4.916265029932939, 52.36205793635434 ], [ 4.916425029933348, 52.362075936353001 ], [ 4.917495029934432, 52.362116936344158 ], [ 4.917771029934689, 52.362126936341824 ], [ 4.918104029935734, 52.362171936339116 ], [ 4.918410029937434, 52.362246936336561 ], [ 4.918693029939766, 52.362350936334174 ], [ 4.918860029941599, 52.362432936332716 ], [ 4.919038029944046, 52.362542936331216 ], [ 4.919391029950869, 52.362849936328125 ], [ 4.919732029957061, 52.363127936325142 ], [ 4.919884029958853, 52.363208936323822 ], [ 4.920072029960491, 52.363281936322259 ], [ 4.920228029961482, 52.363325936320969 ], [ 4.920390029962213, 52.363357936319623 ], [ 4.921077029963576, 52.363414936313916 ], [ 4.921544029964906, 52.36347193631007 ], [ 4.921767029965708, 52.36350693630822 ], [ 4.921949029966814, 52.36355593630666 ], [ 4.922077029967911, 52.363604936305578 ], [ 4.922199029969271, 52.363665936304557 ], [ 4.922318029971054, 52.363745936303523 ], [ 4.924784030004225, 52.365234936282405 ], [ 4.925607030013537, 52.365651936275384 ], [ 4.926595030026856, 52.366249936266925 ], [ 4.926715030028243, 52.366311936265959 ], [ 4.926866030029604, 52.366372936264625 ], [ 4.926983030030411, 52.366408936263596 ], [ 4.927141030031274, 52.366446936262292 ], [ 4.927342030031948, 52.366475936260642 ], [ 4.92752503003223, 52.366487936259112 ], [ 4.931591030034329, 52.366555936225573 ], [ 4.93199403004906, 52.36722193622191 ], [ 4.932195030056441, 52.367555936220072 ], [ 4.932133030057137, 52.367587936220538 ], [ 4.932116030057643, 52.3676109362207 ], [ 4.932120030058493, 52.367649936220623 ], [ 4.932098030058587, 52.367653936220819 ], [ 4.932588030076694, 52.368472936216328 ], [ 4.932653030079453, 52.368597936215714 ], [ 4.932759030084935, 52.368845936214676 ], [ 4.932837030090122, 52.369080936213926 ], [ 4.932906030097448, 52.369412936213209 ], [ 4.932955030107978, 52.369890936212556 ], [ 4.932924030111148, 52.370034936212726 ], [ 4.932908030118119, 52.370351936212671 ], [ 4.932978030119065, 52.370393936212096 ], [ 4.932947030122122, 52.370532936212264 ], [ 4.932919030124759, 52.370652936212394 ], [ 4.932905030124727, 52.370651936212496 ], [ 4.93290003012514, 52.370669936212543 ], [ 4.932855030125108, 52.37066893621293 ], [ 4.932822030125313, 52.370678936213174 ], [ 4.932788030125917, 52.370705936213483 ], [ 4.932773030129935, 52.370888936213483 ], [ 4.932633030138198, 52.371264936214452 ], [ 4.932511030143164, 52.371490936215302 ], [ 4.932330030147408, 52.371684936216703 ], [ 4.932325030148131, 52.371717936216726 ], [ 4.932337030148528, 52.371735936216602 ], [ 4.932401030149309, 52.371770936216073 ], [ 4.932263030153211, 52.371948936217116 ], [ 4.93218503015309, 52.371943936217761 ], [ 4.93212303015352, 52.371963936218236 ], [ 4.931979030157442, 52.372142936219383 ], [ 4.931754030161668, 52.372335936221099 ], [ 4.931480030166189, 52.372542936223269 ], [ 4.93118303017042, 52.372736936225571 ], [ 4.930884030174121, 52.372906936227963 ], [ 4.930555030177514, 52.373062936230568 ], [ 4.930196030180743, 52.373211936233417 ], [ 4.929860030183349, 52.373331936236134 ], [ 4.92940703018612, 52.373460936239809 ], [ 4.92855503019054, 52.373666936246693 ], [ 4.927912030194268, 52.373839936251933 ], [ 4.927702030195584, 52.373900936253591 ], [ 4.924937030214799, 52.37478993627591 ], [ 4.924262030219478, 52.375006936281338 ], [ 4.923917030221528, 52.375101936284132 ], [ 4.923521030223568, 52.37519693628736 ], [ 4.923042030225529, 52.37528893629127 ], [ 4.921549030230347, 52.37551693630342 ], [ 4.921570030231519, 52.375569936303258 ], [ 4.92141603023199, 52.375591936304517 ], [ 4.921297030232351, 52.375608936305454 ], [ 4.921285030232005, 52.375593936305606 ], [ 4.921266030232055, 52.375595936305714 ], [ 4.921253030231298, 52.375561936305857 ], [ 4.920506030233653, 52.375672936311958 ], [ 4.914516030254275, 52.376645936360774 ], [ 4.914122030255464, 52.376701936364007 ], [ 4.913616030256521, 52.376752936368177 ], [ 4.913307030256917, 52.376772936370685 ], [ 4.912734030257082, 52.376783936375439 ], [ 4.912409030256859, 52.376775936378074 ], [ 4.91213403025648, 52.376760936380371 ], [ 4.91209603025673, 52.376771936380699 ], [ 4.912087030257168, 52.376791936380762 ], [ 4.911985030256978, 52.376783936381557 ], [ 4.911910030263606, 52.377084936382026 ], [ 4.912042030263912, 52.377097936380942 ], [ 4.912091030265527, 52.37717093638048 ], [ 4.911989030274253, 52.377566936381172 ], [ 4.911163030275378, 52.377622936387915 ], [ 4.910598030325523, 52.379899936391297 ], [ 4.911009030325864, 52.379912936387903 ], [ 4.91750703034042, 52.380533936333961 ], [ 4.919863030346539, 52.38079793631438 ], [ 4.922461030353345, 52.381090936292807 ], [ 4.931092030377318, 52.38212793622116 ], [ 4.937360030384004, 52.38239493616932 ], [ 4.939836030386631, 52.382499936148903 ], [ 4.943192030386986, 52.382496936121242 ], [ 4.949590030387613, 52.38248893606859 ], [ 4.952433030389493, 52.382557936045153 ], [ 4.954257030390665, 52.382600936030101 ], [ 4.956715030391765, 52.38263693600986 ], [ 4.958416030388081, 52.382459935995961 ], [ 4.959662030379939, 52.382082935985935 ], [ 4.960615030370517, 52.381648935978362 ], [ 4.961583030360982, 52.381209935970645 ], [ 4.963725030329222, 52.379753935953822 ], [ 4.966621030295763, 52.378215935930839 ], [ 4.970332030252941, 52.37624693590142 ], [ 4.974094030209448, 52.374245935871599 ], [ 4.977374030171579, 52.372502935845588 ], [ 4.979749030145899, 52.371319935826705 ], [ 4.982126030125418, 52.370372935807701 ], [ 4.984202030111263, 52.369714935790974 ], [ 4.986545030098325, 52.369111935772047 ], [ 4.98904703008859, 52.368652935751768 ], [ 4.991411030082604, 52.368365935732477 ], [ 4.993877030080011, 52.368231935712323 ], [ 4.996458030080042, 52.368216935691116 ], [ 4.99875103008318, 52.368345935672217 ], [ 5.001268030088659, 52.368579935651447 ], [ 5.014445030117476, 52.369812935542612 ], [ 5.037688030242652, 52.375387935348996 ], [ 5.037961030153008, 52.371293935348973 ], [ 5.038421029988149, 52.36376293534925 ], [ 5.03852202995192, 52.362107935349279 ], [ 5.038770029877817, 52.358720935349055 ], [ 5.038817029864049, 52.358091935348988 ], [ 5.03906402978683, 52.354562935348788 ], [ 5.020645029675142, 52.349589935502344 ], [ 5.020224029672605, 52.349476935505869 ], [ 5.015908029646357, 52.348309935541934 ], [ 5.014899029621025, 52.347160935550782 ], [ 5.012854029569582, 52.344827935568773 ], [ 5.012390029557911, 52.344298935572809 ], [ 5.012369029550651, 52.343967935573168 ], [ 5.012310029547622, 52.343829935573716 ], [ 5.012290029547728, 52.343834935573888 ], [ 5.012226029544957, 52.343708935574476 ], [ 5.012264029544814, 52.343701935574217 ], [ 5.012221029542982, 52.343618935574554 ], [ 5.012133029540186, 52.343491935575344 ], [ 5.012029029537596, 52.343374935576279 ], [ 5.011811029533343, 52.34318193557818 ], [ 5.011553029529025, 52.342986935580392 ], [ 5.011249029524643, 52.342788935582952 ], [ 5.011067029522303, 52.342683935584489 ], [ 5.010665029517646, 52.342473935587904 ], [ 5.010295029513769, 52.342299935591043 ], [ 5.009756029508691, 52.342072935595574 ], [ 5.009510029506689, 52.341982935597663 ], [ 5.009305029505408, 52.341925935599363 ], [ 5.008908029503701, 52.341850935602672 ], [ 5.008708029503159, 52.341827935604329 ], [ 5.008506029502992, 52.341821935605978 ], [ 5.00822302950343, 52.34184393560826 ], [ 5.008027029504162, 52.341878935609863 ], [ 5.007495029507036, 52.342013935614169 ], [ 5.006783029509981, 52.342153935619933 ], [ 5.006417029511696, 52.342234935622884 ], [ 5.005719029515284, 52.342403935628582 ], [ 5.005494029516191, 52.342446935630413 ], [ 5.005181029517211, 52.342495935632904 ], [ 5.004730029518326, 52.342549935636598 ], [ 5.004448029518645, 52.342566935638921 ], [ 5.004172029518577, 52.342565935641169 ], [ 5.002511029515736, 52.342448935654872 ], [ 5.00212902951488, 52.342412935658011 ], [ 5.001524029513033, 52.342332935663045 ], [ 5.000752029509912, 52.342196935669449 ], [ 5.000537029508742, 52.342144935671215 ], [ 5.000355029507533, 52.342090935672729 ], [ 5.000181029506188, 52.342030935674266 ], [ 4.999911029503659, 52.341917935676491 ], [ 4.999769029502037, 52.341844935677678 ], [ 4.999605029499838, 52.341745935679036 ], [ 4.999329029494928, 52.341523935681536 ], [ 4.99907102949793, 52.341662935683516 ], [ 4.998273029505946, 52.342034935689888 ], [ 4.998057029508414, 52.342148935691554 ], [ 4.994135029553814, 52.344248935722703 ], [ 4.994027029554961, 52.344301935723621 ], [ 4.993737029557286, 52.344409935725928 ], [ 4.991624029581761, 52.345541935742716 ], [ 4.982741029684005, 52.350266935813288 ], [ 4.975539029767226, 52.354108935870521 ], [ 4.974499029779034, 52.354653935878737 ], [ 4.973884029785111, 52.354934935883698 ], [ 4.973469029788713, 52.355101935886992 ], [ 4.97319202979098, 52.355206935889221 ], [ 4.972803029793835, 52.355339935892367 ], [ 4.972489029796073, 52.355443935894876 ], [ 4.97218802979798, 52.355532935897287 ], [ 4.97151102980183, 52.355712935902801 ], [ 4.971111029803774, 52.355803935906046 ], [ 4.970403029806758, 52.355944935911751 ], [ 4.970434029807945, 52.355998935911465 ], [ 4.970225029808772, 52.356037935913193 ], [ 4.970196029807511, 52.355980935913472 ], [ 4.969603029809799, 52.356088935918308 ], [ 4.969376029799507, 52.355621935920418 ], [ 4.969339029799627, 52.355627935920694 ], [ 4.969323029798965, 52.355597935920798 ], [ 4.969510029798265, 52.35556493591929 ], [ 4.969531029796538, 52.35548593591917 ], [ 4.96923102979278, 52.355316935921714 ], [ 4.96874502978741, 52.355075935925825 ], [ 4.968318029783805, 52.354914935929429 ], [ 4.967929029781229, 52.354799935932711 ], [ 4.966854029771854, 52.354380935941776 ], [ 4.96653202976929, 52.354266935944494 ], [ 4.966365029768357, 52.354224935945894 ], [ 4.966262029767289, 52.354177935946765 ], [ 4.966249029766699, 52.354150935946912 ], [ 4.966066029771549, 52.354372935948248 ], [ 4.96583102977836, 52.354684935950019 ], [ 4.964965029746984, 52.353262935957908 ], [ 4.962545029682688, 52.350354935979318 ], [ 4.961375029649211, 52.34883993598973 ], [ 4.960437029628925, 52.347923935997905 ], [ 4.959939029618126, 52.347435936002285 ], [ 4.959885029613033, 52.347204936002839 ], [ 4.959706029606677, 52.34691693600444 ], [ 4.958082029571373, 52.34532293601864 ], [ 4.957011029549549, 52.344337936027962 ], [ 4.956567029539078, 52.343864936031885 ], [ 4.956276029532658, 52.343574936034422 ], [ 4.955028029504882, 52.342320936045311 ], [ 4.953846029476726, 52.341048936055678 ], [ 4.953062029461408, 52.340357936062482 ], [ 4.95273902945671, 52.34014693606526 ], [ 4.952388029451569, 52.339915936068266 ], [ 4.951898029445789, 52.339656936072458 ], [ 4.950581029432407, 52.339057936083591 ], [ 4.949715029424725, 52.338715936090885 ], [ 4.949874029420398, 52.338517936089666 ], [ 4.949588029418356, 52.338426936092084 ], [ 4.949537029417654, 52.338395936092468 ], [ 4.949557029416995, 52.338365936092302 ], [ 4.948677029411423, 52.338118936099697 ], [ 4.948652029411415, 52.338118936099896 ], [ 4.948351029409094, 52.338015936102479 ], [ 4.947921029406555, 52.337903936106059 ], [ 4.947034029401713, 52.337690936113418 ], [ 4.946889029401365, 52.337675936114692 ], [ 4.946776029400706, 52.33764693611559 ], [ 4.945053029389185, 52.337136936130058 ], [ 4.944217029383342, 52.336877936137078 ], [ 4.94399802938172, 52.336805936138909 ], [ 4.943944029381183, 52.336781936139374 ], [ 4.943758029379993, 52.336728936140936 ], [ 4.943807029379353, 52.336699936140562 ], [ 4.94349902937837, 52.336657936143133 ], [ 4.943133029376551, 52.336577936146142 ], [ 4.943014029376179, 52.336561936147149 ], [ 4.942604029374958, 52.336509936150534 ], [ 4.941735029372316, 52.336396936157769 ], [ 4.941719029353068, 52.33552193615828 ], [ 4.940379029354395, 52.335592936169334 ], [ 4.939972029354602, 52.335605936172641 ], [ 4.939688029354357, 52.335596936175008 ], [ 4.939541029354005, 52.335581936176268 ], [ 4.939409029353417, 52.335556936177362 ], [ 4.939038029351249, 52.335460936180496 ], [ 4.938833029349558, 52.335385936182149 ], [ 4.938513029347547, 52.335296936184854 ], [ 4.938341029347098, 52.335277936186337 ], [ 4.938161029345965, 52.335227936187806 ], [ 4.937925029342709, 52.335081936189809 ], [ 4.937718029340716, 52.334992936191561 ], [ 4.93735102933772, 52.334859936194619 ], [ 4.936526029331439, 52.334580936201547 ], [ 4.935638029351578, 52.335503936208454 ], [ 4.934234029350919, 52.335485936220024 ], [ 4.928507029373175, 52.336544936266691 ], [ 4.926783029359856, 52.3359539362812 ], [ 4.926957029355751, 52.335765936279863 ], [ 4.925787029346645, 52.335361936289665 ], [ 4.925507029346844, 52.335372936291975 ], [ 4.924954029346742, 52.335372936296558 ], [ 4.924814029346737, 52.335373936297742 ], [ 4.924579029347107, 52.335392936299613 ], [ 4.923779029347811, 52.335431936306229 ], [ 4.923782029343966, 52.335256936306273 ], [ 4.923765029337102, 52.334944936306584 ], [ 4.923740029333927, 52.33480093630687 ], [ 4.923691029329932, 52.334619936307369 ], [ 4.923644029327225, 52.334496936307787 ], [ 4.923526029321675, 52.334245936308925 ], [ 4.923421029317975, 52.334078936309851 ], [ 4.923305029314663, 52.333928936310905 ], [ 4.92309702930962, 52.333701936312714 ], [ 4.922807029303998, 52.333448936315243 ], [ 4.922626029301077, 52.333317936316739 ], [ 4.922453029298585, 52.333205936318294 ], [ 4.922564029295699, 52.333073936317419 ], [ 4.92168902928843, 52.3327509363248 ], [ 4.92038102927931, 52.332347936335765 ], [ 4.919603029274946, 52.332155936342325 ], [ 4.91749202926063, 52.331523936359979 ], [ 4.916915029256782, 52.331353936364884 ], [ 4.914583029243103, 52.330752936384414 ], [ 4.914189029241139, 52.330666936387686 ], [ 4.913827029239709, 52.330604936390699 ], [ 4.913397029238367, 52.330547936394254 ], [ 4.912945029237245, 52.330500936398018 ], [ 4.91328002919081, 52.328388936396308 ], [ 4.913895029106249, 52.324541936393111 ], [ 4.912135029099403, 52.324246936407732 ], [ 4.911601029098202, 52.324196936412228 ], [ 4.911303029097152, 52.324151936414715 ], [ 4.911114029095703, 52.324087936416284 ], [ 4.910964029093829, 52.324003936417569 ], [ 4.910348029083842, 52.323555936422878 ], [ 4.910793029078249, 52.323297936419344 ], [ 4.911240029071822, 52.3230019364158 ], [ 4.911365029069362, 52.32288893641482 ], [ 4.91133702906773, 52.322814936415128 ], [ 4.910971029055241, 52.322250936418399 ], [ 4.910774029049101, 52.3219739364201 ], [ 4.910744029047563, 52.321903936420433 ], [ 4.910787029046986, 52.321877936420059 ], [ 4.911245029043681, 52.321722936416386 ], [ 4.912501029033383, 52.321243936406276 ], [ 4.912559029032621, 52.32120893640581 ], [ 4.912552029031652, 52.32116493640585 ], [ 4.912573029030784, 52.321124936405702 ], [ 4.912709029029197, 52.321051936404622 ], [ 4.914295029015127, 52.320397936391835 ], [ 4.913550028996158, 52.319542936398435 ], [ 4.913347028990263, 52.3192769364002 ], [ 4.912390028967202, 52.3182379364086 ], [ 4.911130028967362, 52.318256936418997 ], [ 4.910764028967556, 52.31826893642198 ], [ 4.910571028967338, 52.318260936423627 ], [ 4.909148028966641, 52.318242936435354 ], [ 4.909064028979173, 52.318812936435741 ], [ 4.907854028993948, 52.319494936445466 ], [ 4.905533029007557, 52.320134936464328 ], [ 4.904716029012872, 52.320383936470868 ], [ 4.904106029018253, 52.320633936475836 ], [ 4.902985029029081, 52.321135936484865 ], [ 4.902546029032909, 52.321313936488394 ], [ 4.902107029035595, 52.321439936491963 ], [ 4.901615029037222, 52.321517936495979 ], [ 4.900937029037912, 52.321555936501518 ], [ 4.900211029037439, 52.321540936507553 ], [ 4.899361029037253, 52.321539936514533 ], [ 4.898295029039091, 52.321633936523263 ], [ 4.897160029044423, 52.321885936532553 ], [ 4.896422029053624, 52.322310936538408 ], [ 4.8963060290558, 52.322409936539373 ], [ 4.896092029058677, 52.322542936541041 ], [ 4.895917029061774, 52.32268593654242 ], [ 4.895764029065502, 52.322855936543611 ], [ 4.895475029075435, 52.323309936545748 ], [ 4.895382029079264, 52.323483936546481 ], [ 4.895270029086664, 52.323820936547207 ], [ 4.895233029092018, 52.324064936547408 ] ] ] } },
{ "type": "Feature", "properties": { "Project_ID": null, "area_name": "Amsterdam Weesp 1 2026-1", "area_km2": 24.159849174740447, "total_recordings": 32367, "total_markers": 29, "car_limitation_count": 6, "under_construction_count": 8, "obstacle_count": 4, "other_count": 0, "operator_reminder_count": 0, "car_limitation_share": 0.20689655172413793, "construction_share": 0.27586206896551724, "obstacle_share": 0.13793103448275862, "other_share": 0.0, "unknown_count": 6, "private_property_count": 2, "unpaved_road_count": 1, "hike_or_bike_trail_count": 1, "event_count": 1, "unknown_share": 0.20689655172413793, "private_property_share": 0.068965517241379309, "unpaved_road_share": 0.034482758620689655, "operator_reminder_share": 0.0, "hike_or_bike_trail_share": 0.034482758620689655, "event_share": 0.034482758620689655, "temporary_count": 9, "operational_obstacle_count": 4, "access_structural_count": 10, "unclear_other_count": 6, "temporary_share": 0.31034482758620691, "operational_obstacle_share": 0.13793103448275862, "access_structural_share": 0.34482758620689657, "unclear_other_share": 0.20689655172413793, "dominant_marker_type": "Under Construction", "marker_density": 1.2003386192625745, "recording_density": 1339.7020720576465, "avg_drms": 0.016052526598078289, "max_drms": 0.6708749, "high_drms_count": 183, "high_drms_share": 0.0056539067568820095, "norm_marker_density": 0.043833258446903049, "norm_recording_density": 0.16318709883899807, "norm_avg_drms": 0.39232349221937846, "norm_high_drms_share": 0.35282182601270407, "difficulty_score": 0.17426862205600202, "difficulty_level": "Low", "actionability_score_raw": 0.19872005182279814, "evidence_weight": 1.0, "actionability_score": 0.19872005182279814, "actionability_level": "Low", "action_category": "Medium / Mixed Difficulty", "recommended_action": "Monitor during future planning; no single dominant cause.", "road_density": 7.2538767249337583, "intersection_density": 22.889215739731164, "dead_end_ratio": 0.22099447513812151, "oneway_share": 0.17439024390243901, "avg_segment_length": 106.86132171131696, "structural_complexity_score": 0.39218861454826931, "structural_complexity_level": "Medium", "overdrive_risk_score": 0.24575747724538125, "overdrive_risk_level": "Low", "est_avoidable_share": 0.26, "est_unavoidable_share": 0.513, "overdrive_planning_category": "Monitor", "overdrive_recommendation": "Lower priority. Standard collection unless newer current-condition data suggests otherwise." }, "geometry": { "type": "Polygon", "coordinates": [ [ [ 5.01727329924966, 52.330186725539797 ], [ 5.017438149250463, 52.330222265538396 ], [ 5.017441459250478, 52.330222895538412 ], [ 5.017462369250583, 52.330227395538209 ], [ 5.017484379250685, 52.330232135538033 ], [ 5.01749521925074, 52.33023446553797 ], [ 5.017559879251054, 52.330248305537438 ], [ 5.017568219251093, 52.330250075537307 ], [ 5.017634019251414, 52.330264025536785 ], [ 5.017674199251607, 52.330272495536462 ], [ 5.017773049252074, 52.330293155535657 ], [ 5.017780329252114, 52.330294675535583 ], [ 5.017782059252121, 52.330295025535591 ], [ 5.017886599252611, 52.330316595534725 ], [ 5.017912329252733, 52.330321865534508 ], [ 5.017992999253103, 52.33033826553379 ], [ 5.018004829253163, 52.330340665533718 ], [ 5.018051829253374, 52.330350135533308 ], [ 5.018099529253593, 52.330359685532976 ], [ 5.01819156925401, 52.330377965532179 ], [ 5.018206199254071, 52.33038085553202 ], [ 5.018312999254553, 52.330401775531151 ], [ 5.018331529254633, 52.330405375531008 ], [ 5.018419939255021, 52.330422445530274 ], [ 5.018471729255249, 52.330432355529823 ], [ 5.018526989255491, 52.330442865529371 ], [ 5.018612139255855, 52.330458895528686 ], [ 5.018634179255954, 52.330463025528466 ], [ 5.018741489256405, 52.330482935527613 ], [ 5.018752759256452, 52.330485005527557 ], [ 5.018848939256853, 52.330502585526752 ], [ 5.018893599257036, 52.330510675526341 ], [ 5.0189564992573, 52.33052198552582 ], [ 5.019034649257615, 52.330535915525175 ], [ 5.019064189257739, 52.330541135524918 ], [ 5.019171989258169, 52.330560035524044 ], [ 5.019175899258187, 52.33056071552398 ], [ 5.019279909258596, 52.330578675523142 ], [ 5.019317369258745, 52.330585085522799 ], [ 5.019387939259024, 52.330597065522227 ], [ 5.019459019259291, 52.330609005521637 ], [ 5.019496099259431, 52.330615195521332 ], [ 5.019600879259833, 52.330632505520512 ], [ 5.019604369259845, 52.330633075520424 ], [ 5.01971273926025, 52.330650695519566 ], [ 5.019742919260357, 52.330655545519278 ], [ 5.01982122926065, 52.330668055518665 ], [ 5.01988514926088, 52.330678165518151 ], [ 5.019929819261042, 52.330685165517764 ], [ 5.01994045926108, 52.330686825517638 ], [ 5.020011489261329, 52.330697735517084 ], [ 5.020027899261389, 52.330700205516941 ], [ 5.020082629261577, 52.330708345516484 ], [ 5.020153889261818, 52.330718665515846 ], [ 5.020171219261871, 52.33072112551578 ], [ 5.020225259262046, 52.330728705515291 ], [ 5.020296729262277, 52.330738445514712 ], [ 5.020314989262332, 52.330740885514579 ], [ 5.020368319262497, 52.330747895514101 ], [ 5.020439999262711, 52.330757055513516 ], [ 5.020459179262764, 52.33075945551338 ], [ 5.020511779262917, 52.330765925512942 ], [ 5.02058364926312, 52.330774505512338 ], [ 5.020603749263167, 52.330776845512169 ], [ 5.020655619263311, 52.330782785511722 ], [ 5.020727669263492, 52.330790785511127 ], [ 5.020748689263552, 52.330793055510981 ], [ 5.020799819263679, 52.330798485510535 ], [ 5.020872039263851, 52.330805885509967 ], [ 5.020893979263908, 52.330808075509793 ], [ 5.020944329264024, 52.330812995509326 ], [ 5.021016699264182, 52.330819815508747 ], [ 5.021039569264237, 52.330821915508572 ], [ 5.021089149264346, 52.330826345508179 ], [ 5.021161659264492, 52.330832575507578 ], [ 5.021185469264538, 52.330834555507387 ], [ 5.021226049264615, 52.330837835507054 ], [ 5.021234239264629, 52.330838505506989 ], [ 5.021306889264767, 52.330844145506369 ], [ 5.021331609264812, 52.330845995506166 ], [ 5.021379599264895, 52.330849485505794 ], [ 5.021441439265002, 52.330853795505277 ], [ 5.021478219265069, 52.330856205504944 ], [ 5.021514209265116, 52.330858405504635 ], [ 5.021587369265217, 52.330862355504067 ], [ 5.021625789265265, 52.330864155503718 ], [ 5.021660609265301, 52.330865625503492 ], [ 5.021733909265377, 52.330868225502869 ], [ 5.021773689265407, 52.330869345502514 ], [ 5.02180727926543, 52.330870135502252 ], [ 5.021880689265467, 52.330871385501638 ], [ 5.02192177926548, 52.330871785501294 ], [ 5.021954119265497, 52.330871955501053 ], [ 5.022027559265504, 52.330871835500425 ], [ 5.022069929265502, 52.330871465500103 ], [ 5.022100969265503, 52.33087104549984 ], [ 5.022174369265479, 52.330869575499236 ], [ 5.022217989265463, 52.330868375498895 ], [ 5.022247719265447, 52.330867425498674 ], [ 5.0223210092654, 52.330864605498064 ], [ 5.022365829265363, 52.330862555497667 ], [ 5.022394219265332, 52.330861115497441 ], [ 5.022467319265259, 52.330856935496833 ], [ 5.022513309265201, 52.330853965496431 ], [ 5.022540339265164, 52.330852085496225 ], [ 5.022613219265058, 52.330846575495642 ], [ 5.022660299264976, 52.33084263549528 ], [ 5.022685949264932, 52.330840365495057 ], [ 5.022758519264799, 52.330833505494518 ], [ 5.022806669264694, 52.330828575494088 ], [ 5.022830919264644, 52.330825975493802 ], [ 5.022903119264475, 52.330817775493301 ], [ 5.022952259264356, 52.33081179549292 ], [ 5.022975109264298, 52.330808915492746 ], [ 5.023046889264096, 52.330799385492114 ], [ 5.023096949263958, 52.330792315491692 ], [ 5.023118399263892, 52.330789185491561 ], [ 5.023189669263671, 52.330778335490976 ], [ 5.023240609263494, 52.330770155490534 ], [ 5.023260669263427, 52.3307668254904 ], [ 5.023260919263422, 52.330766785490376 ], [ 5.023316279263236, 52.330757695489957 ], [ 5.023381769263024, 52.330747365489394 ], [ 5.023398809262965, 52.330744755489228 ], [ 5.023481609262716, 52.330732485488618 ], [ 5.023523379262596, 52.330726565488291 ], [ 5.023564659262474, 52.330720895487914 ], [ 5.023647979262248, 52.330709965487223 ], [ 5.023665699262206, 52.330707735487103 ], [ 5.023731509262042, 52.330699735486526 ], [ 5.02380869926186, 52.33069089548593 ], [ 5.023815249261848, 52.330690175485813 ], [ 5.02389918926167, 52.330681295485178 ], [ 5.023952279261558, 52.330676045484743 ], [ 5.023983319261498, 52.33067311548448 ], [ 5.024067639261355, 52.330665605483823 ], [ 5.024096389261304, 52.330663205483617 ], [ 5.024152089261221, 52.330658795483117 ], [ 5.024236689261097, 52.330652665482454 ], [ 5.024240929261093, 52.330652365482358 ], [ 5.024321409260995, 52.330647225481741 ], [ 5.024385829260929, 52.330643555481224 ], [ 5.024406239260904, 52.330642465481041 ], [ 5.024491169260833, 52.33063841548033 ], [ 5.024531019260804, 52.330636745480042 ], [ 5.024576189260776, 52.33063505547964 ], [ 5.024661269260731, 52.330632375478956 ], [ 5.024676429260722, 52.33063197547883 ], [ 5.0247463892607, 52.330630395478224 ], [ 5.024821979260693, 52.330629225477644 ], [ 5.02483153926069, 52.330629115477542 ], [ 5.024916739260691, 52.330628525476854 ], [ 5.024967589260701, 52.330628495476446 ], [ 5.025001919260712, 52.330628615476151 ], [ 5.025087099260743, 52.330629415475478 ], [ 5.025113179260754, 52.330629805475233 ], [ 5.025172249260791, 52.330630915474735 ], [ 5.025257359260858, 52.330633095474056 ], [ 5.025258699260855, 52.330633135474088 ], [ 5.025342409260932, 52.33063597547342 ], [ 5.025350169260943, 52.330636285473325 ], [ 5.025404049260998, 52.330638485472889 ], [ 5.025427419261025, 52.330639535472677 ], [ 5.025512309261136, 52.330643795471978 ], [ 5.025544609261181, 52.330645605471716 ], [ 5.025549169261184, 52.330645855471651 ], [ 5.025594029261248, 52.330648555471306 ], [ 5.025597119261257, 52.330648745471294 ], [ 5.025681809261396, 52.330654385470552 ], [ 5.025693979261416, 52.330655255470482 ], [ 5.025766359261545, 52.330660715469854 ], [ 5.025838389261691, 52.330666665469288 ], [ 5.025850779261719, 52.330667745469185 ], [ 5.025935029261898, 52.330675435468507 ], [ 5.02598234926201, 52.330680075468102 ], [ 5.026019109262098, 52.330683835467781 ], [ 5.026103009262313, 52.330692915467125 ], [ 5.026125789262373, 52.330695495466905 ], [ 5.026186679262538, 52.330702665466433 ], [ 5.026214019262618, 52.330706015466163 ], [ 5.026269399262779, 52.330712735465731 ], [ 5.026278429262801, 52.330713815465629 ], [ 5.026376249263068, 52.330725055464839 ], [ 5.02641442926316, 52.330729255464568 ], [ 5.026474269263311, 52.330735615464043 ], [ 5.026559909263513, 52.330744245463308 ], [ 5.026572479263541, 52.330745455463195 ], [ 5.026670869263762, 52.330754605462388 ], [ 5.026705809263839, 52.330757685462153 ], [ 5.026758519263941, 52.330762125461696 ], [ 5.026769429263966, 52.330763055461603 ], [ 5.026852049264125, 52.330769575460963 ], [ 5.026868149264153, 52.330770795460758 ], [ 5.026966999264326, 52.330777825459982 ], [ 5.026998589264372, 52.330779925459744 ], [ 5.02706598926448, 52.330784155459163 ], [ 5.027145419264594, 52.330788715458532 ], [ 5.027165069264621, 52.330789785458336 ], [ 5.027264269264748, 52.33079469545752 ], [ 5.027292479264778, 52.330795955457305 ], [ 5.02736355926486, 52.330798895456738 ], [ 5.027439709264931, 52.330801645456084 ], [ 5.02746290926495, 52.330802395455891 ], [ 5.027562319265026, 52.330805185455091 ], [ 5.027587079265051, 52.330805765454876 ], [ 5.027661789265089, 52.330807265454261 ], [ 5.027666849265096, 52.330807335454253 ], [ 5.027734539265126, 52.330808325453638 ], [ 5.027761289265141, 52.3308086254534 ], [ 5.027860789265169, 52.330809275452637 ], [ 5.027882059265174, 52.330809335452471 ], [ 5.027960309265185, 52.330809235451795 ], [ 5.028029579265189, 52.33080877545126 ], [ 5.028059829265188, 52.330808465451014 ], [ 5.028061019265186, 52.330808445451012 ], [ 5.028159319265175, 52.330806995450189 ], [ 5.028177059265174, 52.330806655450026 ], [ 5.028258779265144, 52.330804805449354 ], [ 5.028324469265118, 52.330802975448847 ], [ 5.028358179265097, 52.330801915448518 ], [ 5.028457529265038, 52.33079830544775 ], [ 5.028471749265026, 52.330797735447597 ], [ 5.028480539265022, 52.330797345447493 ], [ 5.028556789264958, 52.330793995446925 ], [ 5.02858917926493, 52.330792395446657 ], [ 5.028618839264902, 52.330790945446417 ], [ 5.028655979264871, 52.33078897544614 ], [ 5.028755049264761, 52.330783245445332 ], [ 5.028765749264748, 52.33078258544522 ], [ 5.028854019264635, 52.330776805444501 ], [ 5.028912369264557, 52.330772675444031 ], [ 5.0289528592645, 52.33076967544369 ], [ 5.029051549264347, 52.330761815442898 ], [ 5.029058709264333, 52.330761225442799 ], [ 5.029150089264174, 52.330753275442078 ], [ 5.029204699264068, 52.330748225441639 ], [ 5.029248439263989, 52.330744015441276 ], [ 5.029281869263924, 52.330740715441024 ], [ 5.029350069263783, 52.330733825440468 ], [ 5.029494959263488, 52.330718865439266 ], [ 5.029639729263169, 52.330703455438069 ], [ 5.029784379262852, 52.330687605436921 ], [ 5.029786299262847, 52.330687385436917 ], [ 5.029928899262515, 52.330671305435743 ], [ 5.030073269262177, 52.330654565434578 ], [ 5.030217519261827, 52.330637385433427 ], [ 5.030361599261466, 52.33061976543221 ], [ 5.030505559261101, 52.330601705431057 ], [ 5.030649359260719, 52.33058319542986 ], [ 5.030793009260331, 52.330564245428697 ], [ 5.030936509259933, 52.330544855427533 ], [ 5.031079839259524, 52.330525035426376 ], [ 5.031222999259108, 52.330504775425212 ], [ 5.031252109259017, 52.330500585424971 ], [ 5.031268119258971, 52.330498295424874 ], [ 5.031337979258763, 52.330488215424303 ], [ 5.031365929258678, 52.330484165424053 ], [ 5.031407829258554, 52.330478095423715 ], [ 5.031419649258519, 52.330476375423579 ], [ 5.031477649258343, 52.330467945423123 ], [ 5.031508749258249, 52.330463415422884 ], [ 5.031547459258131, 52.33045775542255 ], [ 5.031617259257921, 52.33044752542196 ], [ 5.031651509257818, 52.330442485421713 ], [ 5.031687039257706, 52.330437255421408 ], [ 5.031756809257501, 52.330426955420883 ], [ 5.031794219257381, 52.330421415420524 ], [ 5.031826559257284, 52.330416605420304 ], [ 5.031896299257067, 52.330406225419715 ], [ 5.031936849256937, 52.330400165419377 ], [ 5.031966019256854, 52.330395805419165 ], [ 5.032035729256636, 52.330385345418598 ], [ 5.0320794092565, 52.330378765418224 ], [ 5.032105419256419, 52.330374845418007 ], [ 5.032175089256205, 52.330364315417469 ], [ 5.032221929256053, 52.330357205417073 ], [ 5.032244759255987, 52.330353735416885 ], [ 5.03231438925576, 52.33034312541632 ], [ 5.032364359255608, 52.330335495415902 ], [ 5.032384029255544, 52.330332475415766 ], [ 5.032453639255323, 52.330321795415195 ], [ 5.03250674925515, 52.330313615414781 ], [ 5.032523249255096, 52.330311065414655 ], [ 5.032592829254877, 52.330300295414112 ], [ 5.032614359254806, 52.330296955413893 ], [ 5.032649049254693, 52.330291565413646 ], [ 5.032662389254654, 52.330289495413503 ], [ 5.032731939254431, 52.330278655412918 ], [ 5.032791299254237, 52.330269375412492 ], [ 5.032801479254201, 52.330267775412395 ], [ 5.032870999253968, 52.330256855411776 ], [ 5.032933479253771, 52.330247015411295 ], [ 5.032940509253744, 52.330245905411253 ], [ 5.033009979253518, 52.330234915410657 ], [ 5.033075599253302, 52.330224495410157 ], [ 5.033079459253292, 52.330223885410106 ], [ 5.033148909253063, 52.33021281540956 ], [ 5.03321763925283, 52.330201815408991 ], [ 5.033218349252826, 52.330201705408975 ], [ 5.033287769252597, 52.330190565408408 ], [ 5.033357169252366, 52.33017937540788 ], [ 5.03335960925236, 52.330178985407841 ], [ 5.033426559252132, 52.330168155407279 ], [ 5.033495939251904, 52.330156895406752 ], [ 5.033501519251878, 52.330155985406698 ], [ 5.033565299251664, 52.330145595406179 ], [ 5.03359808925155, 52.330140245405929 ], [ 5.033634639251428, 52.330134265405604 ], [ 5.033643359251399, 52.330132835405564 ], [ 5.033703959251193, 52.330122885405032 ], [ 5.033773259250954, 52.330111475404493 ], [ 5.033785129250909, 52.330109525404396 ], [ 5.033842549250712, 52.330100025403873 ], [ 5.033911829250478, 52.330088535403334 ], [ 5.033918059250458, 52.330087505403306 ], [ 5.033926829250425, 52.330086045403242 ], [ 5.033981089250236, 52.330077015402793 ], [ 5.034050319249993, 52.330065445402226 ], [ 5.03406846924993, 52.330062415402111 ], [ 5.034073529249918, 52.330061565402048 ], [ 5.034119559249752, 52.33005385540168 ], [ 5.03418875924951, 52.330042215401086 ], [ 5.034210019249438, 52.330038625400924 ], [ 5.034257949249263, 52.330030525400545 ], [ 5.034327129249029, 52.330018815399946 ], [ 5.034351509248941, 52.330014675399788 ], [ 5.034396269248782, 52.330007065399421 ], [ 5.03444089924862, 52.329999455399019 ], [ 5.034465399248534, 52.329995265398864 ], [ 5.034492919248437, 52.329990565398646 ], [ 5.034534539248289, 52.329983445398277 ], [ 5.034603639248041, 52.329971575397749 ], [ 5.034634269247931, 52.329966305397491 ], [ 5.03467270924779, 52.329959675397177 ], [ 5.034741789247541, 52.329947725396629 ], [ 5.034775529247419, 52.329941875396337 ], [ 5.034810829247296, 52.329935745396064 ], [ 5.034879879247041, 52.32992372539546 ], [ 5.034916729246907, 52.329917295395184 ], [ 5.034948879246791, 52.329911675394975 ], [ 5.035017879246541, 52.329899585394372 ], [ 5.035057849246391, 52.329892555394075 ], [ 5.035086869246288, 52.329887455393816 ], [ 5.035155819246032, 52.329875285393229 ], [ 5.035198899245876, 52.329867665392925 ], [ 5.035224769245777, 52.329863075392701 ], [ 5.035238059245725, 52.329860715392591 ], [ 5.035293699245522, 52.329850835392158 ], [ 5.035339869245353, 52.329842605391761 ], [ 5.0353532692453, 52.329840215391663 ], [ 5.035362599245262, 52.329838545391596 ], [ 5.035368059245246, 52.329837565391529 ], [ 5.035431499245008, 52.329826225391024 ], [ 5.035447879244943, 52.329823285390887 ], [ 5.035480769244825, 52.329817385390655 ], [ 5.035500369244749, 52.329813865390456 ], [ 5.035525569244652, 52.329809335390252 ], [ 5.035553429244548, 52.329804315390028 ], [ 5.035559309244529, 52.329803255389976 ], [ 5.035617449244302, 52.329792465389517 ], [ 5.035622149244283, 52.329791565389513 ], [ 5.035675319244066, 52.329781175389051 ], [ 5.035683739244031, 52.329779495388983 ], [ 5.035732939243822, 52.32976941538864 ], [ 5.035762939243685, 52.329763075388314 ], [ 5.035790289243563, 52.329757175388139 ], [ 5.035840269243325, 52.329746045387715 ], [ 5.035841619243321, 52.329745745387712 ], [ 5.035888779243092, 52.329735115387287 ], [ 5.035901499243035, 52.3297322653872 ], [ 5.035993919242609, 52.329711795386451 ], [ 5.03600540924255, 52.329709275386406 ], [ 5.036039089242396, 52.329701955386099 ], [ 5.036122379242022, 52.329684065385422 ], [ 5.036177169241779, 52.329672475385003 ], [ 5.036239699241508, 52.329659445384486 ], [ 5.036315729241176, 52.329643855383821 ], [ 5.036357359241002, 52.329635445383524 ], [ 5.036454739240591, 52.329616085382732 ], [ 5.036475339240506, 52.329612055382562 ], [ 5.036503409240401, 52.329606645382349 ], [ 5.036593649240031, 52.329589275381615 ], [ 5.036594199240026, 52.329589165381584 ], [ 5.036712249239564, 52.329567115380691 ], [ 5.036734109239489, 52.32956310538048 ], [ 5.036831179239118, 52.329545565379689 ], [ 5.03687442923896, 52.329537905379347 ], [ 5.036950389238686, 52.32952464537874 ], [ 5.037015139238449, 52.329513555378213 ], [ 5.037021409238431, 52.329512495378175 ], [ 5.037156519237956, 52.329489615377106 ], [ 5.037297899237456, 52.329465655375913 ], [ 5.037342499237298, 52.3294581053756 ], [ 5.037439309236957, 52.329441705374755 ], [ 5.037580689236453, 52.329417755373569 ], [ 5.037722079235958, 52.329393805372405 ], [ 5.03786347923546, 52.329369845371311 ], [ 5.038004869234964, 52.329345895370146 ], [ 5.038146269234462, 52.329321935369016 ], [ 5.038287659233966, 52.329297995367874 ], [ 5.038328189233819, 52.329291125367526 ], [ 5.038429039233466, 52.329274035366709 ], [ 5.038570439232964, 52.329250085365572 ], [ 5.03871182923247, 52.329226125364407 ], [ 5.038853219231967, 52.329202175363271 ], [ 5.038882409231865, 52.329197225363046 ], [ 5.038915969231748, 52.329191525362809 ], [ 5.038984029231505, 52.329179825362225 ], [ 5.038994809231465, 52.329177945362119 ], [ 5.039052029231252, 52.329167955361655 ], [ 5.039119939231002, 52.329155925361121 ], [ 5.039136159230942, 52.329153035360989 ], [ 5.039187779230751, 52.329143755360541 ], [ 5.039255539230495, 52.329131405360016 ], [ 5.039277159230412, 52.329127435359823 ], [ 5.039319359230248, 52.32911961535946 ], [ 5.039323219230233, 52.329118905359472 ], [ 5.039390829229971, 52.329106245358894 ], [ 5.039417849229859, 52.329101135358719 ], [ 5.0394583492297, 52.329093415358408 ], [ 5.039525799229426, 52.329080435357852 ], [ 5.039558169229293, 52.32907415535761 ], [ 5.039593169229155, 52.32906729535727 ], [ 5.039660449228871, 52.329054005356745 ], [ 5.039698149228711, 52.329046475356428 ], [ 5.03972763922859, 52.329040555356201 ], [ 5.039794739228302, 52.329026935355635 ], [ 5.039837749228117, 52.329018115355318 ], [ 5.039861769228016, 52.329013165355079 ], [ 5.039928699227723, 52.328999235354544 ], [ 5.039976969227508, 52.328989075354194 ], [ 5.039995559227433, 52.328985145353997 ], [ 5.040062319227126, 52.328970895353464 ], [ 5.040115819226882, 52.328959355353057 ], [ 5.040128989226831, 52.328956495352934 ], [ 5.040178739226597, 52.328945615352531 ], [ 5.040195569226515, 52.328941935352432 ], [ 5.040254279226243, 52.328928945351919 ], [ 5.04026204922621, 52.328927215351875 ], [ 5.040328439225894, 52.328912355351328 ], [ 5.040392329225593, 52.328897865350775 ], [ 5.040394749225575, 52.328897315350794 ], [ 5.040460939225258, 52.328882135350263 ], [ 5.040527059224931, 52.32886678534971 ], [ 5.04052996922492, 52.328866115349683 ], [ 5.040593079224607, 52.328851295349168 ], [ 5.04065897922428, 52.328835645348654 ], [ 5.040667199224237, 52.328833685348592 ], [ 5.040724809223943, 52.328819835348142 ], [ 5.040790529223607, 52.328803875347596 ], [ 5.040803989223536, 52.328800575347444 ], [ 5.040856139223266, 52.328787755347086 ], [ 5.040921649222919, 52.328771485346515 ], [ 5.040940339222819, 52.328766805346412 ], [ 5.040987069222573, 52.328755065345995 ], [ 5.041020199222396, 52.328746665345761 ], [ 5.041067459222135, 52.328734475345328 ], [ 5.041076589222093, 52.328732075345258 ], [ 5.041130099221781, 52.328717695344842 ], [ 5.041192289221409, 52.328700335344344 ], [ 5.041211779221289, 52.328694745344137 ], [ 5.04122836922119, 52.328689895344077 ], [ 5.041254039221031, 52.328682385343846 ], [ 5.041315339220639, 52.328663865343351 ], [ 5.041344859220442, 52.328654675343117 ], [ 5.041376169220228, 52.328644755342822 ], [ 5.04139126922013, 52.328639885342731 ], [ 5.041475259219548, 52.328612745342056 ], [ 5.041604999218655, 52.328570825341046 ], [ 5.041734759217761, 52.328528885340006 ], [ 5.04186451921687, 52.32848696533889 ], [ 5.041994269215969, 52.328445035337879 ], [ 5.042124009215074, 52.328403095336853 ], [ 5.042239429214288, 52.328365805335977 ], [ 5.042253769214185, 52.328361175335829 ], [ 5.042376469213344, 52.328321525334843 ], [ 5.042383599213291, 52.328319205334758 ], [ 5.042396509213205, 52.328315005334659 ], [ 5.042445669212855, 52.328298675334267 ], [ 5.042494479212496, 52.328281975333866 ], [ 5.042513439212357, 52.328275345333672 ], [ 5.042542949212131, 52.32826489533349 ], [ 5.04259106921176, 52.328247445333069 ], [ 5.04263882921138, 52.328229625332753 ], [ 5.042686219210986, 52.328211435332342 ], [ 5.042733219210589, 52.328192885331973 ], [ 5.042765639210314, 52.328179795331714 ], [ 5.042779849210184, 52.328173975331559 ], [ 5.042826079209773, 52.328154705331201 ], [ 5.042871909209354, 52.328135085330857 ], [ 5.042887689209205, 52.328128215330757 ], [ 5.042917339208926, 52.328115115330533 ], [ 5.042962349208486, 52.328094785330137 ], [ 5.043051119207591, 52.32805312532944 ], [ 5.043094849207136, 52.328031765329101 ], [ 5.04312303920683, 52.328017715328862 ], [ 5.043138139206665, 52.328010085328728 ], [ 5.0431809792062, 52.327988075328406 ], [ 5.043223369205712, 52.327965725328049 ], [ 5.043236079205571, 52.327958925327955 ], [ 5.043265299205226, 52.327943065327702 ], [ 5.043306759204732, 52.327920085327392 ], [ 5.043345859204257, 52.32789786532711 ], [ 5.043388239203719, 52.327873155326763 ], [ 5.043428249203209, 52.327849225326432 ], [ 5.043452249202886, 52.327834585326244 ], [ 5.043467769202682, 52.327824995326154 ], [ 5.043506789202149, 52.327800455325843 ], [ 5.04351365920206, 52.327796025325775 ], [ 5.043545299201618, 52.327775615325471 ], [ 5.043903199206352, 52.327989305322497 ], [ 5.043952299205726, 52.327960205322093 ], [ 5.043987939205264, 52.327938825321823 ], [ 5.044001259205088, 52.327930775321697 ], [ 5.044050119204448, 52.327901085321329 ], [ 5.044091049203908, 52.327876045321005 ], [ 5.044098989203808, 52.327871155320935 ], [ 5.044100599203781, 52.327870175320932 ], [ 5.044147939203154, 52.327841065320534 ], [ 5.044158469203014, 52.327834595320461 ], [ 5.044194399202535, 52.327812475320151 ], [ 5.044297899201164, 52.327748785319379 ], [ 5.044401389199788, 52.327685085318556 ], [ 5.044422229199511, 52.327672265318355 ], [ 5.044439139199291, 52.327661855318219 ], [ 5.04445605919907, 52.327651445318089 ], [ 5.044504889198413, 52.327621385317762 ], [ 5.044608369197041, 52.327557695316912 ], [ 5.044671669196199, 52.327518655316403 ], [ 5.044801369195231, 52.327473245315375 ], [ 5.044840279194941, 52.327459625315043 ], [ 5.04484312919491, 52.327458125315026 ], [ 5.044861619194697, 52.327448415314876 ], [ 5.044850519194564, 52.327442175314978 ], [ 5.044803129193968, 52.327415585315379 ], [ 5.044774759193617, 52.327399645315602 ], [ 5.044449479188862, 52.327184835318391 ], [ 5.044395039188068, 52.327148875318862 ], [ 5.044435869187592, 52.327126615318519 ], [ 5.044464479187262, 52.327111665318306 ], [ 5.044477469187124, 52.327104875318241 ], [ 5.044503029186842, 52.327091955317961 ], [ 5.044519769186665, 52.327083675317866 ], [ 5.044562799186219, 52.327063005317562 ], [ 5.044606509185787, 52.327042895317156 ], [ 5.044617189185684, 52.327038115317045 ], [ 5.044650899185365, 52.327023335316802 ], [ 5.044695929184964, 52.327004365316476 ], [ 5.044735969184616, 52.326988175316117 ], [ 5.044741589184571, 52.326985955316097 ], [ 5.044787879184189, 52.326968125315688 ], [ 5.044834749183817, 52.326950895315342 ], [ 5.044859049183636, 52.326942275315147 ], [ 5.044882199183466, 52.326934255314953 ], [ 5.044930199183121, 52.326918235314572 ], [ 5.044978729182797, 52.326902815314178 ], [ 5.044986009182745, 52.326900575314149 ], [ 5.045027769182481, 52.326888025313806 ], [ 5.04507730918218, 52.326873855313394 ], [ 5.045116519181951, 52.326863175313086 ], [ 5.045127309181891, 52.326860315312992 ], [ 5.04517774918162, 52.326847415312599 ], [ 5.045228629181359, 52.326835165312161 ], [ 5.04525015918126, 52.326830205311971 ], [ 5.045279909181116, 52.326823555311734 ], [ 5.045331559180881, 52.326812605311304 ], [ 5.045383579180671, 52.326802315310871 ], [ 5.045386529180663, 52.326801755310882 ], [ 5.045435939180469, 52.326792685310473 ], [ 5.045488609180287, 52.326783715310064 ], [ 5.045525239180156, 52.326777905309768 ], [ 5.045541569180113, 52.326775425309592 ], [ 5.045594799179955, 52.326767805309203 ], [ 5.045648279179812, 52.326760865308771 ], [ 5.045665869179769, 52.32675873530863 ], [ 5.04570198917968, 52.326754605308309 ], [ 5.045755879179571, 52.326749025307905 ], [ 5.04580798917948, 52.326744305307464 ], [ 5.045809959179474, 52.326744145307437 ], [ 5.045864199179392, 52.326739935307032 ], [ 5.045918559179325, 52.32673641530657 ], [ 5.045921349179322, 52.326736275306551 ], [ 5.045951199179291, 52.326734645306303 ], [ 5.045973029179271, 52.326733605306082 ], [ 5.046027589179241, 52.326731465305677 ], [ 5.046082199179214, 52.326730035305218 ], [ 5.046095049179213, 52.326729805305149 ], [ 5.046136849179211, 52.326729295304837 ], [ 5.046191519179222, 52.326729245304378 ], [ 5.046239109179238, 52.326729765303938 ], [ 5.046246169179245, 52.326729885303912 ], [ 5.046300789179282, 52.326731225303419 ], [ 5.046355359179339, 52.326733265302991 ], [ 5.046382969179369, 52.32673455530275 ], [ 5.046409829179402, 52.326735995302542 ], [ 5.046464209179487, 52.326739415302121 ], [ 5.046518469179586, 52.326743525301644 ], [ 5.046526179179608, 52.326744155301597 ], [ 5.046572559179706, 52.326748315301217 ], [ 5.046626489179832, 52.326753805300733 ], [ 5.046668319179948, 52.326758535300421 ], [ 5.046680229179977, 52.326759955300318 ], [ 5.046733739180136, 52.326766805299876 ], [ 5.046786999180314, 52.32677433529944 ], [ 5.046808969180388, 52.326777645299209 ], [ 5.046809989180387, 52.326777805299237 ], [ 5.0468399991805, 52.326782535298975 ], [ 5.046892709180701, 52.326791405298515 ], [ 5.046945119180924, 52.326800945298096 ], [ 5.046947699180933, 52.326801435298094 ], [ 5.046997179181149, 52.326811145297718 ], [ 5.047048889181396, 52.326822015297282 ], [ 5.047084109181572, 52.326829835296969 ], [ 5.047100219181657, 52.326833525296827 ], [ 5.047126249181799, 52.326839655296624 ], [ 5.04713854918187, 52.326842565296502 ], [ 5.047236919182412, 52.326866805295687 ], [ 5.047240749182436, 52.32686768529566 ], [ 5.047326279182878, 52.326887465294931 ], [ 5.047356809183046, 52.326894765294711 ], [ 5.04741569918336, 52.326908835294191 ], [ 5.047429189183442, 52.326912025294092 ], [ 5.047442489183509, 52.326915065293996 ], [ 5.047482989183715, 52.326924325293653 ], [ 5.04749521918377, 52.326927015293542 ], [ 5.047537179183977, 52.32693596529316 ], [ 5.047591719184225, 52.326946945292754 ], [ 5.047636929184427, 52.326955485292402 ], [ 5.047646619184464, 52.326957255292299 ], [ 5.047701849184684, 52.326966895291818 ], [ 5.047757379184887, 52.326975865291388 ], [ 5.047780839184975, 52.326979445291151 ], [ 5.047813179185082, 52.326984155290909 ], [ 5.047869239185255, 52.326991775290438 ], [ 5.047925529185421, 52.326998695289973 ], [ 5.047926579185417, 52.326998825289969 ], [ 5.04798204918557, 52.327004945289509 ], [ 5.048038749185703, 52.327010505289046 ], [ 5.048066589185756, 52.327012945288828 ], [ 5.048073759185769, 52.32701357528876 ], [ 5.048095609185817, 52.327015365288617 ], [ 5.048124719185868, 52.327017495288345 ], [ 5.048152629185917, 52.327019535288109 ], [ 5.048209769186, 52.327023015287651 ], [ 5.048221969186016, 52.32702366528752 ], [ 5.048267019186077, 52.327025795287213 ], [ 5.048324339186126, 52.327027885286689 ], [ 5.048370839186163, 52.327029065286311 ], [ 5.048381719186175, 52.327029275286264 ], [ 5.048439129186191, 52.327029965285796 ], [ 5.04849653918621, 52.327029955285326 ], [ 5.048519969186207, 52.327029755285125 ], [ 5.0485539691862, 52.327029255284799 ], [ 5.048611329186182, 52.327027855284378 ], [ 5.048668649186141, 52.327025755283863 ], [ 5.048668949186144, 52.32702573528389 ], [ 5.048725889186096, 52.327022945283389 ], [ 5.048783029186024, 52.327019455282965 ], [ 5.04881740918598, 52.327017015282671 ], [ 5.048840049185948, 52.327015265282448 ], [ 5.048896909185848, 52.32701038528203 ], [ 5.048953609185737, 52.327004825281584 ], [ 5.048964929185716, 52.327003625281442 ], [ 5.04901011918561, 52.326998555281101 ], [ 5.049066409185473, 52.326991625280677 ], [ 5.049111129185348, 52.326985595280277 ], [ 5.049122459185312, 52.326983985280208 ], [ 5.049178269185141, 52.326975685279784 ], [ 5.049233789184952, 52.32696669527926 ], [ 5.04925560918488, 52.326962965279151 ], [ 5.049288999184752, 52.326957045278867 ], [ 5.049343879184537, 52.326946715278403 ], [ 5.049398009184307, 52.326935815277984 ], [ 5.049398439184309, 52.326935735277956 ], [ 5.049439019184124, 52.326927065277609 ], [ 5.049537019183672, 52.326905575276804 ], [ 5.049675149183027, 52.326875015275725 ], [ 5.049813089182381, 52.326844165274629 ], [ 5.049950869181726, 52.326813045273511 ], [ 5.050088479181063, 52.326781635272376 ], [ 5.050225919180396, 52.326749945271253 ], [ 5.050363189179722, 52.326717985270136 ], [ 5.050500279179047, 52.326685735269066 ], [ 5.050637199178357, 52.326653205267938 ], [ 5.050773929177661, 52.326620395266815 ], [ 5.050910499176968, 52.326587305265718 ], [ 5.051046869176265, 52.326553945264621 ], [ 5.051183059175552, 52.326520295263485 ], [ 5.051319079174835, 52.326486375262448 ], [ 5.051454899174107, 52.326452175261323 ], [ 5.051590539173383, 52.326417695260282 ], [ 5.051638929173119, 52.326405315259862 ], [ 5.051725849172649, 52.32638314525915 ], [ 5.051815009172175, 52.326360655258448 ], [ 5.051861269171931, 52.326348985258072 ], [ 5.051872309171872, 52.326346255257995 ], [ 5.051996979171219, 52.326315255256951 ], [ 5.052132959170511, 52.326281935255857 ], [ 5.052269209169818, 52.326249045254755 ], [ 5.052405729169134, 52.326216555253659 ], [ 5.052542509168455, 52.326184495252519 ], [ 5.052679549167788, 52.326152845251443 ], [ 5.052760599167399, 52.326134355250808 ], [ 5.05281697916713, 52.326121505250342 ], [ 5.05295451916646, 52.326089835249213 ], [ 5.053091789165789, 52.326057745248121 ], [ 5.053228789165102, 52.326025225247022 ], [ 5.053365529164402, 52.325992295245911 ], [ 5.053502009163702, 52.325958945244835 ], [ 5.05363819916299, 52.325925175243704 ], [ 5.053774109162267, 52.32589098524263 ], [ 5.053909749161531, 52.325856385241494 ], [ 5.054045109160795, 52.325821355240393 ], [ 5.054072139160643, 52.325814305240229 ], [ 5.054121529160447, 52.325804755239844 ], [ 5.054184819160191, 52.325792535239323 ], [ 5.054204879160107, 52.325788615239141 ], [ 5.054212979160072, 52.325787045239046 ], [ 5.054245299159895, 52.32577846523882 ], [ 5.054302649159883, 52.325777405238334 ], [ 5.054311079160142, 52.325789325238304 ], [ 5.054337749160004, 52.325782695238061 ], [ 5.054367579159851, 52.325775625237775 ], [ 5.054475399159348, 52.325751655236928 ], [ 5.054486549159302, 52.325749315236848 ], [ 5.054540709159072, 52.3257384052364 ], [ 5.054557069159003, 52.325735105236276 ], [ 5.054607279158806, 52.325725595235888 ], [ 5.054615449158774, 52.325724095235806 ], [ 5.054729779158365, 52.325704475234893 ], [ 5.054757839158271, 52.325700035234661 ], [ 5.054854009157985, 52.325685955233872 ], [ 5.05490256915785, 52.325679485233493 ], [ 5.054906649157836, 52.325678955233464 ], [ 5.054979089157627, 52.325668795232815 ], [ 5.055046369157401, 52.325657735232305 ], [ 5.055081519157266, 52.325651315231994 ], [ 5.055101259157185, 52.325647505231885 ], [ 5.055172609156864, 52.325632335231269 ], [ 5.055185679156811, 52.325629555231217 ], [ 5.055220129156637, 52.325621435230907 ], [ 5.055249709156485, 52.32561406523066 ], [ 5.055321209156098, 52.32559584523009 ], [ 5.055336629156016, 52.325591925229936 ], [ 5.055453129155385, 52.325562395229021 ], [ 5.055456349155373, 52.325561585228975 ], [ 5.055569699154771, 52.325532995228102 ], [ 5.055571479154757, 52.325532545228015 ], [ 5.055581209154442, 52.325517845227978 ], [ 5.055581489154434, 52.325517415227978 ], [ 5.055582619154389, 52.325515715227937 ], [ 5.055583169154374, 52.32551489522794 ], [ 5.055613119153392, 52.325469665227793 ], [ 5.055635819152654, 52.325435405227552 ], [ 5.055638309152569, 52.325431655227575 ], [ 5.05563838915257, 52.32543153522758 ], [ 5.055641219152473, 52.325427265227582 ], [ 5.055645549152333, 52.325420735227503 ], [ 5.055673779152182, 52.325413675227267 ], [ 5.055675619152174, 52.325413225227287 ], [ 5.055677739152158, 52.325412685227242 ], [ 5.055686299152117, 52.325410555227208 ], [ 5.055698749152188, 52.325413655227081 ], [ 5.055710479152251, 52.325416575226967 ], [ 5.055760349152534, 52.325429015226554 ], [ 5.055775379152617, 52.325432765226452 ], [ 5.055810829152815, 52.325441615226104 ], [ 5.05584480915264, 52.325433175225875 ], [ 5.055902339152341, 52.325418895225418 ], [ 5.055980489151928, 52.325399565224743 ], [ 5.05601934915173, 52.325389985224447 ], [ 5.056116299151224, 52.32536614522369 ], [ 5.056136429151119, 52.325361215223531 ], [ 5.056252209150521, 52.325332905222602 ], [ 5.05625359915051, 52.325332565222574 ], [ 5.056333609150105, 52.325313095221922 ], [ 5.056370849149913, 52.325304045221621 ], [ 5.056385929149833, 52.325300395221525 ], [ 5.056388249149822, 52.325299825221478 ], [ 5.056488169149317, 52.325275655220693 ], [ 5.056524379149127, 52.325266935220377 ], [ 5.056605599148715, 52.325247395219705 ], [ 5.056660629148436, 52.325234205219282 ], [ 5.056723089148128, 52.32521926521877 ], [ 5.056796999147749, 52.32520165521818 ], [ 5.056840669147537, 52.325191265217811 ], [ 5.056852049147478, 52.325188565217751 ], [ 5.056878539147344, 52.325182255217477 ], [ 5.056932929147071, 52.325169195217121 ], [ 5.056934439147059, 52.32516883521707 ], [ 5.056987239146797, 52.325156015216635 ], [ 5.057041449146504, 52.325142695216222 ], [ 5.057072139146349, 52.325135085215969 ], [ 5.057095589146225, 52.325129235215783 ], [ 5.057149639145939, 52.325115655215349 ], [ 5.057203589145645, 52.325101935214889 ], [ 5.057209269145616, 52.325100485214861 ], [ 5.057257469145357, 52.325088095214461 ], [ 5.057311249145061, 52.32507412521403 ], [ 5.057345809144869, 52.32506505521372 ], [ 5.057364949144762, 52.325060015213609 ], [ 5.057418539144459, 52.325045785213185 ], [ 5.057472049144154, 52.325031415212734 ], [ 5.057481799144102, 52.325028785212602 ], [ 5.057525469143851, 52.325016925212331 ], [ 5.057578789143535, 52.325002305211825 ], [ 5.057617159143316, 52.324991695211565 ], [ 5.057632019143226, 52.324987555211443 ], [ 5.057685149142907, 52.324972685211002 ], [ 5.057738189142598, 52.324957675210655 ], [ 5.057751919142516, 52.324953765210495 ], [ 5.05779111914227, 52.32494253521012 ], [ 5.057843969141948, 52.324927285209739 ], [ 5.057886059141687, 52.324915015209392 ], [ 5.05789670914162, 52.32491188520931 ], [ 5.057949359141294, 52.324896375208859 ], [ 5.05800189914096, 52.32488073520846 ], [ 5.058019549140846, 52.324875445208342 ], [ 5.058054349140629, 52.324864965208072 ], [ 5.058100249140329, 52.324851025207678 ], [ 5.058106689140282, 52.324849065207587 ], [ 5.05815239913999, 52.324835055207238 ], [ 5.058158919139947, 52.3248330452072 ], [ 5.058211059139603, 52.32481689520678 ], [ 5.058263089139255, 52.32480062520635 ], [ 5.058284569139108, 52.324793855206181 ], [ 5.05836222913859, 52.324769165205566 ], [ 5.058366839138555, 52.324767695205509 ], [ 5.058416059138218, 52.324751845205121 ], [ 5.058418549138202, 52.32475104520509 ], [ 5.058470159137847, 52.324734275204712 ], [ 5.058521649137491, 52.324717365204293 ], [ 5.058546869137308, 52.324709035204052 ], [ 5.058573039137122, 52.32470034520388 ], [ 5.058624319136763, 52.324683205203499 ], [ 5.05867547913639, 52.324665925203043 ], [ 5.058676979136377, 52.324665425203037 ], [ 5.058726539136024, 52.324648535202613 ], [ 5.058777479135647, 52.324631025202216 ], [ 5.058806359135432, 52.324621025202021 ], [ 5.058823009135314, 52.324615225201825 ], [ 5.058828319135272, 52.324613375201864 ], [ 5.05887043913496, 52.324598635201518 ], [ 5.058876479134874, 52.324594715201449 ], [ 5.058877539134856, 52.3245940352014 ], [ 5.058877799134853, 52.32459386520145 ], [ 5.05887810913485, 52.324593665201419 ], [ 5.058878879134838, 52.324593165201428 ], [ 5.058890999134669, 52.324585235201376 ], [ 5.058911869134367, 52.324571555201167 ], [ 5.058919239134267, 52.324566745201096 ], [ 5.058920669134251, 52.324565795201131 ], [ 5.058922669134217, 52.324564485201108 ], [ 5.058923659134207, 52.324563845201112 ], [ 5.058930159134114, 52.324559565201007 ], [ 5.058945479133898, 52.324549515200886 ], [ 5.058946239133888, 52.324549005200872 ], [ 5.058947449133868, 52.324548215200913 ], [ 5.058948419133857, 52.324547565200895 ], [ 5.058960719133679, 52.324539405200774 ], [ 5.058963309133642, 52.324537675200752 ], [ 5.058965149133617, 52.324536455200771 ], [ 5.058967509133582, 52.324534885200734 ], [ 5.058976799133487, 52.324530435200657 ], [ 5.058985519133397, 52.324526245200573 ], [ 5.059006169133183, 52.324516345200415 ], [ 5.059013129133118, 52.32451300520038 ], [ 5.059014219133103, 52.32451246520035 ], [ 5.059016149133091, 52.324511765200356 ], [ 5.059019089133062, 52.324510675200315 ], [ 5.059021739133043, 52.324509695200277 ], [ 5.059037649132914, 52.324503765200141 ], [ 5.059040619132889, 52.324502655200156 ], [ 5.059046489132846, 52.324500465200096 ], [ 5.059055319132772, 52.324497175199987 ], [ 5.059073749132627, 52.324490285199886 ], [ 5.059074449132625, 52.324490025199871 ], [ 5.059080009132577, 52.324487935199841 ], [ 5.059084059132542, 52.324486415199786 ], [ 5.059089489132499, 52.324484375199773 ], [ 5.05909958913242, 52.32448056519965 ], [ 5.059102469132395, 52.324479465199666 ], [ 5.059104949132379, 52.324478535199617 ], [ 5.059110419132334, 52.324476445199586 ], [ 5.059129099132177, 52.324469295199378 ], [ 5.059130559132166, 52.324468745199439 ], [ 5.05915435913197, 52.324459645199241 ], [ 5.059157699131949, 52.324458375199193 ], [ 5.059158739131938, 52.324457975199195 ], [ 5.059160259131926, 52.324457395199161 ], [ 5.059163399131901, 52.32445617519916 ], [ 5.059171979131829, 52.324452895199087 ], [ 5.059182749131738, 52.324448755199008 ], [ 5.059185479131717, 52.324447705198985 ], [ 5.059196049131626, 52.324443605198873 ], [ 5.059203399131571, 52.32444075519885 ], [ 5.059203639131568, 52.324440665198892 ], [ 5.059204869131556, 52.324440185198775 ], [ 5.059207239131538, 52.324439255198797 ], [ 5.05921375913148, 52.324436705198757 ], [ 5.059226749131374, 52.324431615198677 ], [ 5.059239149131272, 52.324426745198515 ], [ 5.059252699131155, 52.324421445198439 ], [ 5.05925691913112, 52.324419785198437 ], [ 5.059264299131063, 52.324416875198359 ], [ 5.059268079131024, 52.324415385198321 ], [ 5.059269029131019, 52.324415015198333 ], [ 5.059287989130855, 52.324407465198185 ], [ 5.059292529130818, 52.324405645198134 ], [ 5.059294169130806, 52.324404995198115 ], [ 5.059294459130803, 52.324404885198128 ], [ 5.059301549130739, 52.324402055198057 ], [ 5.059317279130608, 52.324395775197907 ], [ 5.059323429130557, 52.324393315197895 ], [ 5.059329529130505, 52.324390865197827 ], [ 5.059337379130439, 52.324387705197772 ], [ 5.059345839130361, 52.324384305197704 ], [ 5.059371319130139, 52.324373915197505 ], [ 5.059378059130083, 52.324371175197435 ], [ 5.0593987091299, 52.324362735197283 ], [ 5.059403469129859, 52.324360795197236 ], [ 5.059404069129855, 52.324360555197231 ], [ 5.059409909129799, 52.324358155197189 ], [ 5.059411319129796, 52.324357585197205 ], [ 5.05941350912977, 52.324356685197152 ], [ 5.059426299129657, 52.324351435197016 ], [ 5.059432099129609, 52.324349065197005 ], [ 5.059441409129523, 52.324345205196963 ], [ 5.05944618912948, 52.324343225196856 ], [ 5.059447039129472, 52.324342875196891 ], [ 5.059450209129449, 52.324341555196845 ], [ 5.059450959129436, 52.324341245196862 ], [ 5.059463669129323, 52.324335925196763 ], [ 5.059466539129299, 52.324334725196714 ], [ 5.059489859129097, 52.324324975196568 ], [ 5.05949512912904, 52.324322765196463 ], [ 5.059496869129027, 52.324322035196509 ], [ 5.05951010912891, 52.324316475196362 ], [ 5.059513459128882, 52.324315065196387 ], [ 5.059520689128813, 52.324311995196283 ], [ 5.059533419128696, 52.32430659519617 ], [ 5.059536709128667, 52.324305195196175 ], [ 5.059537059128665, 52.324305045196205 ], [ 5.05953885912865, 52.324304275196134 ], [ 5.05954301912861, 52.324302505196123 ], [ 5.059554249128508, 52.324297725196033 ], [ 5.059560769128452, 52.324294945195952 ], [ 5.059571439128354, 52.32429038519588 ], [ 5.059582799128249, 52.324285515195811 ], [ 5.059586919128209, 52.324283745195771 ], [ 5.0595874791282, 52.324283505195773 ], [ 5.059590739128174, 52.324282095195741 ], [ 5.059591739128162, 52.32428166519577 ], [ 5.059594419128143, 52.324280515195717 ], [ 5.059605519128035, 52.32427568519563 ], [ 5.059607479128015, 52.324274825195609 ], [ 5.059625679127851, 52.3242669051955 ], [ 5.059638199127733, 52.324261455195355 ], [ 5.059643569127676, 52.32425910519531 ], [ 5.059646709127652, 52.324257735195303 ], [ 5.059654199127579, 52.324254465195246 ], [ 5.059658729127538, 52.324252485195238 ], [ 5.059664479127484, 52.32424996519515 ], [ 5.05966490912748, 52.324249785195121 ], [ 5.05967492912739, 52.324245395195085 ], [ 5.0596844691273, 52.324241195195036 ], [ 5.059685539127291, 52.324240725194997 ], [ 5.059688909127256, 52.324239225194937 ], [ 5.059690969127237, 52.324238325194933 ], [ 5.059700229127142, 52.32423418519484 ], [ 5.059727529126882, 52.324222025194672 ], [ 5.059732609126841, 52.324219755194619 ], [ 5.059737369126792, 52.324217615194577 ], [ 5.059744569126725, 52.324214405194532 ], [ 5.05974469912672, 52.324214335194519 ], [ 5.059754999126624, 52.324209725194457 ], [ 5.059766129126518, 52.324204705194333 ], [ 5.059773699126442, 52.324201265194304 ], [ 5.059775299126425, 52.324200555194267 ], [ 5.059778639126395, 52.324199035194262 ], [ 5.059779489126386, 52.32419865519423 ], [ 5.059782319126358, 52.324197365194188 ], [ 5.059791959126263, 52.324192985194131 ], [ 5.059794019126246, 52.324192055194096 ], [ 5.059809499126093, 52.324185025194041 ], [ 5.059820289125989, 52.324180085193902 ], [ 5.059826189125931, 52.324177385193913 ], [ 5.059831519125876, 52.324174945193825 ], [ 5.059834629125847, 52.324173515193763 ], [ 5.059837479125819, 52.324172195193789 ], [ 5.059864509125547, 52.324159655193547 ], [ 5.05987261912547, 52.324155905193471 ], [ 5.059874869125452, 52.324154845193512 ], [ 5.059876839125428, 52.324153935193451 ], [ 5.059881549125381, 52.324151745193404 ], [ 5.059890159125292, 52.324147745193336 ], [ 5.059891819125274, 52.324146965193329 ], [ 5.059892789125271, 52.324146515193362 ], [ 5.059894559125252, 52.324145695193316 ], [ 5.059896399125233, 52.324144835193295 ], [ 5.059904299125157, 52.324141175193262 ], [ 5.0599096891251, 52.324138685193219 ], [ 5.059913829125058, 52.324136775193161 ], [ 5.05991666912503, 52.324135455193165 ], [ 5.059918549125015, 52.324134565193162 ], [ 5.059925459124946, 52.324131355193089 ], [ 5.059927129124926, 52.324130565193016 ], [ 5.059935449124843, 52.324126655193034 ], [ 5.059936419124829, 52.324126205192961 ], [ 5.059938199124819, 52.324125365193048 ], [ 5.059943769124757, 52.324122785192912 ], [ 5.059948579124712, 52.324120545192891 ], [ 5.059975129124449, 52.32410821519268 ], [ 5.060045469123702, 52.324073525192119 ], [ 5.060065329123489, 52.32406373519197 ], [ 5.060112689123136, 52.324047055191599 ], [ 5.060123579123059, 52.324043315191489 ], [ 5.060160559122793, 52.324030925191188 ], [ 5.06020891912246, 52.324015345190816 ], [ 5.060250699122193, 52.32400246519046 ], [ 5.06025775912214, 52.324000345190392 ], [ 5.060307059121831, 52.323985915190022 ], [ 5.060356789121544, 52.323972065189615 ], [ 5.060381009121406, 52.323965575189426 ], [ 5.060406949121267, 52.323958795189213 ], [ 5.060410739121242, 52.323957815189175 ], [ 5.060515579120669, 52.32393090518832 ], [ 5.060650869119932, 52.323896175187201 ], [ 5.060786159119205, 52.323861455186183 ], [ 5.060921449118472, 52.323826725185079 ], [ 5.061056739117737, 52.323791995183996 ], [ 5.061192029117004, 52.323757275182864 ], [ 5.061327309116276, 52.323722545181795 ], [ 5.061342929116186, 52.323718535181676 ], [ 5.061447579115616, 52.323691675180861 ], [ 5.061513579115257, 52.323674735180276 ], [ 5.061467329110514, 52.323457835180761 ], [ 5.061460189109953, 52.323432305180852 ], [ 5.061460019109942, 52.323431575180855 ], [ 5.061455889109562, 52.323414105180873 ], [ 5.061452519109241, 52.323399785180882 ], [ 5.061436929107541, 52.323321905181089 ], [ 5.061423209106665, 52.323281845181214 ], [ 5.061411829105618, 52.323234095181313 ], [ 5.061400889104156, 52.323167235181486 ], [ 5.061385329102503, 52.323091575181579 ], [ 5.061378939101981, 52.323067745181667 ], [ 5.06137247910145, 52.323043585181736 ], [ 5.061342669098527, 52.322909685182076 ], [ 5.06131982909671, 52.322826635182246 ], [ 5.06130231909485, 52.322741645182468 ], [ 5.061296609094238, 52.322713935182534 ], [ 5.061281269092794, 52.322647785182689 ], [ 5.061257199090226, 52.322530415182932 ], [ 5.061212389086643, 52.322366635183371 ], [ 5.061211709086588, 52.322364175183417 ], [ 5.06119397908575, 52.322325685183543 ], [ 5.061180179084669, 52.322276555183699 ], [ 5.06115858908343, 52.322219915183858 ], [ 5.061151369082992, 52.322199865183961 ], [ 5.061141069082363, 52.322171215184042 ], [ 5.061119739081449, 52.322129715184225 ], [ 5.061108709080919, 52.322105525184327 ], [ 5.061095729080406, 52.322082015184471 ], [ 5.061442489079599, 52.322042225181647 ], [ 5.061518549075462, 52.321852075181134 ], [ 5.061524559074837, 52.321823465181119 ], [ 5.061519129074345, 52.321800715181162 ], [ 5.061499649073782, 52.321775265181309 ], [ 5.061468429073159, 52.321747115181573 ], [ 5.061416339072577, 52.321720635182018 ], [ 5.06115296907079, 52.321641095184205 ], [ 5.061087949069452, 52.321580385184774 ], [ 5.061076049069204, 52.321569275184842 ], [ 5.060963709067281, 52.321482185185879 ], [ 5.060930319066755, 52.321458335186115 ], [ 5.06083042906536, 52.321395355186979 ], [ 5.060668939063257, 52.321300305188345 ], [ 5.060536189061676, 52.321229165189429 ], [ 5.060389679060227, 52.321163895190672 ], [ 5.060286069059423, 52.321128065191573 ], [ 5.060125879058162, 52.321071515192884 ], [ 5.059927989056589, 52.321001175194546 ], [ 5.059760879055359, 52.320946135195939 ], [ 5.059584559054191, 52.320894075197394 ], [ 5.059057689050517, 52.320730715201762 ], [ 5.058761269048424, 52.320637305204293 ], [ 5.058502459046576, 52.32055485520641 ], [ 5.058344519045253, 52.320495425207774 ], [ 5.058141689043491, 52.32041658520945 ], [ 5.057969119041728, 52.320337355210839 ], [ 5.057785849039795, 52.320250305212447 ], [ 5.057315539033633, 52.319972195216437 ], [ 5.057314389033614, 52.31997151521643 ], [ 5.057066839030021, 52.319809025218561 ], [ 5.05674179902539, 52.319599455221301 ], [ 5.058164498992323, 52.318073305210362 ], [ 5.0584007489868, 52.317818045208547 ], [ 5.058480068984943, 52.317732535207973 ], [ 5.05861520898176, 52.317585575206898 ], [ 5.058642738981113, 52.31755563520673 ], [ 5.058768598978149, 52.317418765205751 ], [ 5.059092868970207, 52.31705233520325 ], [ 5.058034858961949, 52.316683275212128 ], [ 5.058340038954015, 52.316317305209743 ], [ 5.058472688954688, 52.316346885208667 ], [ 5.058591548955389, 52.316378115207677 ], [ 5.058651358955854, 52.31639873520723 ], [ 5.058785018956971, 52.316448945206062 ], [ 5.058956258958424, 52.316513735204623 ], [ 5.059028528959062, 52.31654239520401 ], [ 5.05910639895979, 52.316575265203369 ], [ 5.05920683896072, 52.316616805202528 ], [ 5.059353968961791, 52.316664705201326 ], [ 5.059374138961921, 52.316670345201139 ], [ 5.059514078963031, 52.316720175199976 ], [ 5.05955623896334, 52.316733765199608 ], [ 5.059591118963729, 52.316751125199296 ], [ 5.05972126896452, 52.316786275198204 ], [ 5.059820548965094, 52.316811875197445 ], [ 5.059930598965627, 52.316835315196492 ], [ 5.060028528966076, 52.316854995195683 ], [ 5.060125368966448, 52.316870955194901 ], [ 5.060215298966789, 52.316886045194124 ], [ 5.060300308967013, 52.316895375193397 ], [ 5.060397448967278, 52.316906765192606 ], [ 5.060496548967403, 52.316911555191787 ], [ 5.060609698967723, 52.316925355190889 ], [ 5.060688608967998, 52.316937035190257 ], [ 5.060754798968341, 52.316952415189689 ], [ 5.060839178968877, 52.316975955188987 ], [ 5.060920498969502, 52.317004065188307 ], [ 5.060973138969933, 52.317023295187866 ], [ 5.06103869897063, 52.317054575187306 ], [ 5.061109188971447, 52.317091625186727 ], [ 5.061168928972239, 52.317127455186238 ], [ 5.061300508974024, 52.31720795518509 ], [ 5.061368238974879, 52.317246685184521 ], [ 5.061433788975584, 52.317277965183976 ], [ 5.061499648976176, 52.317304675183408 ], [ 5.061564428976649, 52.317325975182882 ], [ 5.061647408977237, 52.317352055182241 ], [ 5.061745568977884, 52.317380695181392 ], [ 5.062165508980594, 52.317501615177868 ], [ 5.062305838981548, 52.317543725176762 ], [ 5.062403698982328, 52.317578625175869 ], [ 5.062482208983065, 52.317611805175225 ], [ 5.062536178983735, 52.317642045174779 ], [ 5.062553038983931, 52.317650915174639 ], [ 5.062592628984396, 52.317671775174311 ], [ 5.062631998984918, 52.317695385173963 ], [ 5.06268675898577, 52.317733915173505 ], [ 5.062737088986631, 52.317772775173104 ], [ 5.062801148987818, 52.317826895172466 ], [ 5.062888568989518, 52.317903905171754 ], [ 5.062983418991327, 52.317986175170937 ], [ 5.063033458992324, 52.318031295170528 ], [ 5.063044098992523, 52.318040125170448 ], [ 5.063076618993112, 52.318067085170142 ], [ 5.063130828993944, 52.318104605169673 ], [ 5.063209258995093, 52.318156385169019 ], [ 5.063298178996288, 52.318210565168265 ], [ 5.063390748997383, 52.318259945167505 ], [ 5.06345766899801, 52.318288235166925 ], [ 5.063562408998888, 52.318327385166029 ], [ 5.063615228999356, 52.318348165165609 ], [ 5.063856739001995, 52.318467135163573 ], [ 5.064142239005201, 52.318611435161188 ], [ 5.064542939009752, 52.318816425157799 ], [ 5.064861469013333, 52.318978025155133 ], [ 5.065259469017854, 52.319181535151749 ], [ 5.065335509022526, 52.319394895151035 ], [ 5.065353609023625, 52.319445315150851 ], [ 5.065371609024762, 52.319496945150654 ], [ 5.065470099030944, 52.31977941514976 ], [ 5.065559419036311, 52.320024765148879 ], [ 5.065593709038376, 52.320118965148552 ], [ 5.065702609045176, 52.320429465147534 ], [ 5.065720889046317, 52.32048163514736 ], [ 5.065676549048916, 52.320601195147631 ], [ 5.065629989051767, 52.320732055147978 ], [ 5.065558609055629, 52.320909605148465 ], [ 5.065555719055835, 52.320919025148484 ], [ 5.065528699057182, 52.3209809751487 ], [ 5.065367469064094, 52.321298995149867 ], [ 5.065323899065882, 52.321381325150178 ], [ 5.06528191906725, 52.321444205150499 ], [ 5.065234849068614, 52.321507255150863 ], [ 5.065167769070066, 52.321574165151389 ], [ 5.064994179073383, 52.321727635152747 ], [ 5.064844419076219, 52.321858865153892 ], [ 5.064712179078842, 52.321980185154892 ], [ 5.064686909079401, 52.322005955155085 ], [ 5.064735099079845, 52.3220257751547 ], [ 5.064790659080357, 52.322048625154217 ], [ 5.064797179080413, 52.322051245154199 ], [ 5.06479900908043, 52.322052005154177 ], [ 5.064817779080605, 52.322059785154053 ], [ 5.064843299080833, 52.322070275153798 ], [ 5.064927139081605, 52.322104765153092 ], [ 5.064949589081861, 52.322116335152899 ], [ 5.064973999082115, 52.322127995152705 ], [ 5.064977939082157, 52.322129805152663 ], [ 5.06499908908237, 52.32213910515248 ], [ 5.065024809082597, 52.322149635152215 ], [ 5.065051169082825, 52.32215958515205 ], [ 5.065078089083035, 52.322168935151808 ], [ 5.065102749083209, 52.322176805151649 ], [ 5.06510555908323, 52.322177665151621 ], [ 5.06513353908341, 52.322185775151326 ], [ 5.065161989083581, 52.322193245151105 ], [ 5.065190849083735, 52.322200075150867 ], [ 5.065220109083871, 52.322206245150618 ], [ 5.065238959083954, 52.322209835150481 ], [ 5.065249729084005, 52.322211755150384 ], [ 5.065264649084057, 52.322214275150301 ], [ 5.065279659084111, 52.322216605150153 ], [ 5.065304599084185, 52.322219895149928 ], [ 5.065329629084254, 52.322222975149707 ], [ 5.065354719084326, 52.322225825149538 ], [ 5.065379869084388, 52.322228475149323 ], [ 5.065382259084398, 52.322228715149286 ], [ 5.065405079084443, 52.322230905149077 ], [ 5.065430339084501, 52.322233125148927 ], [ 5.065455649084549, 52.322235115148736 ], [ 5.065481009084588, 52.3222368951485 ], [ 5.065506039084631, 52.322238765148263 ], [ 5.065527719084666, 52.32224006514808 ], [ 5.065555729084702, 52.322241345147845 ], [ 5.065583769084727, 52.322242225147654 ], [ 5.065611819084744, 52.322242845147457 ], [ 5.065643029084768, 52.322243315147176 ], [ 5.065674259084768, 52.322243455146904 ], [ 5.06571781908477, 52.322243095146533 ], [ 5.065752159084759, 52.322242355146287 ], [ 5.065786479084744, 52.322241215145958 ], [ 5.065820769084716, 52.322239665145695 ], [ 5.065823659084709, 52.32223952514569 ], [ 5.065858829084674, 52.322237495145409 ], [ 5.065893949084626, 52.322235025145098 ], [ 5.065928969084569, 52.322232145144831 ], [ 5.0659662790845, 52.322228605144517 ], [ 5.065999889084424, 52.322225005144212 ], [ 5.066033389084341, 52.322220995143986 ], [ 5.066071709084239, 52.322215895143685 ], [ 5.066109829084124, 52.322210275143355 ], [ 5.066131489084054, 52.322206825143191 ], [ 5.066157369083961, 52.322202435142948 ], [ 5.066183169083867, 52.322197865142776 ], [ 5.066216999083737, 52.322191705142487 ], [ 5.066250789083607, 52.322185465142198 ], [ 5.06635547908321, 52.322166275141377 ], [ 5.066391319083077, 52.322159695141082 ], [ 5.066531829082534, 52.322133935139938 ], [ 5.066672349082003, 52.322108175138794 ], [ 5.066812859081459, 52.322082405137657 ], [ 5.066953389080926, 52.322056645136541 ], [ 5.06709389908039, 52.322030875135368 ], [ 5.067234419079851, 52.322005115134232 ], [ 5.067374929079312, 52.32197934513313 ], [ 5.067515459078781, 52.321953575131978 ], [ 5.067655969078245, 52.321927815130827 ], [ 5.067796489077702, 52.321902045129661 ], [ 5.067936999077169, 52.321876285128553 ], [ 5.068077519076632, 52.321850505127415 ], [ 5.068218029076097, 52.321824745126285 ], [ 5.06835855907556, 52.321798975125127 ], [ 5.068499059075021, 52.321773205124039 ], [ 5.068639589074483, 52.321747435122845 ], [ 5.068780099073948, 52.321721675121722 ], [ 5.068781989073942, 52.321721325121722 ], [ 5.068971669071874, 52.321625155120223 ], [ 5.068985169071508, 52.321607905120139 ], [ 5.068991029071344, 52.321600675120024 ], [ 5.0689964490712, 52.321593995120011 ], [ 5.069002789071031, 52.32158614511993 ], [ 5.06901318907076, 52.321573715119904 ], [ 5.069021149070554, 52.321564265119818 ], [ 5.069025339070447, 52.321559275119803 ], [ 5.069025869070433, 52.321558665119817 ], [ 5.06902839907037, 52.321555725119765 ], [ 5.069029049070359, 52.321554975119788 ], [ 5.069034719070213, 52.321548395119727 ], [ 5.069040929070058, 52.321541195119678 ], [ 5.069047919070035, 52.321539905119629 ], [ 5.069048299070028, 52.321539845119602 ], [ 5.069048859070029, 52.321539735119586 ], [ 5.069052119070015, 52.321539135119586 ], [ 5.069083079069893, 52.321533455119329 ], [ 5.06909173906996, 52.321536385119266 ], [ 5.069094709069989, 52.321537395119243 ], [ 5.069097369070009, 52.321538285119232 ], [ 5.069102799070041, 52.321540115119163 ], [ 5.06911173907011, 52.321543125119085 ], [ 5.069117469070157, 52.32154500511907 ], [ 5.069119439070168, 52.321545665119025 ], [ 5.069134719070284, 52.321550705118881 ], [ 5.069148679070382, 52.32155527511879 ], [ 5.069151359070405, 52.321556125118754 ], [ 5.06916364907049, 52.321560035118672 ], [ 5.069177679070592, 52.321564495118551 ], [ 5.069197029070724, 52.321570445118404 ], [ 5.069201959070759, 52.321571955118358 ], [ 5.069209099070807, 52.321574145118348 ], [ 5.06921875907087, 52.321577005118201 ], [ 5.069235319070983, 52.321581915118053 ], [ 5.069236699071028, 52.32158394511805 ], [ 5.069246999071336, 52.321597955117916 ], [ 5.069257959071634, 52.321611785117874 ], [ 5.069259709071683, 52.32161393511786 ], [ 5.069269529071941, 52.32162542511778 ], [ 5.069271529071986, 52.321627675117739 ], [ 5.069282579072224, 52.321638565117652 ], [ 5.069296379072505, 52.321651395117541 ], [ 5.069310749072787, 52.321663965117395 ], [ 5.069325679073057, 52.321676255117282 ], [ 5.069328849073116, 52.321678785117292 ], [ 5.069341139073319, 52.321688285117176 ], [ 5.069344589073379, 52.321690865117127 ], [ 5.06935642907359, 52.32170034511703 ], [ 5.069372049073849, 52.321712245116885 ], [ 5.069388219074106, 52.321723865116716 ], [ 5.069404939074357, 52.321735205116632 ], [ 5.069409359074425, 52.321738105116587 ], [ 5.069422149074603, 52.321746245116472 ], [ 5.06943987907484, 52.321756985116302 ], [ 5.069458089075073, 52.321767415116135 ], [ 5.069476769075298, 52.321777525115998 ], [ 5.069495909075516, 52.321787315115856 ], [ 5.069501979075578, 52.321790285115789 ], [ 5.069508439075647, 52.321793375115675 ], [ 5.069704279073853, 52.321709455114203 ], [ 5.069942649071575, 52.321603105112267 ], [ 5.070160859069272, 52.32149582511056 ], [ 5.070197449068919, 52.3214793651102 ], [ 5.070375909067256, 52.32140174510883 ], [ 5.070504819065657, 52.321327135107808 ], [ 5.070639389063848, 52.321243115106732 ], [ 5.070737809062658, 52.32118787510597 ], [ 5.070818929061592, 52.321138325105352 ], [ 5.071054399058183, 52.320980135103504 ], [ 5.071344889054149, 52.320792875101191 ], [ 5.071626419050384, 52.320617855098945 ], [ 5.071728039049128, 52.320559545098156 ], [ 5.071901829046811, 52.320451705096751 ], [ 5.072010089045205, 52.32037739509596 ], [ 5.072359959040687, 52.320167405093208 ], [ 5.072758729035696, 52.319935125090019 ], [ 5.072803899035264, 52.319914975089667 ], [ 5.072834769035103, 52.31990747508938 ], [ 5.072861579034952, 52.319900375089183 ], [ 5.072912279036428, 52.319967565088753 ], [ 5.072947249037298, 52.320006925088407 ], [ 5.073058519039882, 52.320124485087483 ], [ 5.073110879041098, 52.320179765086991 ], [ 5.073575109036094, 52.319946835083265 ], [ 5.073888239032843, 52.319794915080827 ], [ 5.07409581903086, 52.319701935079209 ], [ 5.074298679028922, 52.319611805077571 ], [ 5.074560449026527, 52.319499535075487 ], [ 5.07484674902397, 52.319380145073175 ], [ 5.07517254902104, 52.319243265070583 ], [ 5.075393759018949, 52.319145225068823 ], [ 5.075675869016186, 52.319016045066597 ], [ 5.075965439013361, 52.318884275064235 ], [ 5.076269949010387, 52.318745365061844 ], [ 5.07658194900736, 52.31860387505936 ], [ 5.076885389004411, 52.318466265056934 ], [ 5.077184599001381, 52.31832473505456 ], [ 5.077455348998689, 52.318198845052393 ], [ 5.077514478998221, 52.318177125051903 ], [ 5.077843198996621, 52.318100735049285 ], [ 5.078132728995205, 52.318033565046889 ], [ 5.078408348993804, 52.317966895044762 ], [ 5.07880693899188, 52.317875235041463 ], [ 5.07921645898983, 52.317777765038159 ], [ 5.079658638987842, 52.317683075034587 ], [ 5.080098958985874, 52.317588765031019 ], [ 5.080543158983885, 52.317493635027503 ], [ 5.080969008981976, 52.317402435024057 ], [ 5.08139574898015, 52.317315405020572 ], [ 5.081865858978344, 52.317228425016793 ], [ 5.082238178976933, 52.317160585013731 ], [ 5.082722858975021, 52.317068965009817 ], [ 5.082963928974075, 52.31702339500783 ], [ 5.082994538974032, 52.317021065007637 ], [ 5.083008808974061, 52.317022315007527 ], [ 5.083029168974168, 52.31702688500733 ], [ 5.08304735897434, 52.317034625007196 ], [ 5.083061758974567, 52.317045005007081 ], [ 5.083071458974843, 52.317057525007002 ], [ 5.08314069897771, 52.317188495006384 ], [ 5.083209088979434, 52.317266975005751 ], [ 5.083214148979444, 52.317267285005741 ], [ 5.083423438977918, 52.317195635004055 ], [ 5.083598958976716, 52.31713905500262 ], [ 5.083800958975345, 52.317074235001016 ], [ 5.083998078974078, 52.317014374999431 ], [ 5.084218508972654, 52.316947184997616 ], [ 5.084435328971285, 52.316882814995921 ], [ 5.084667188969812, 52.316812914994053 ], [ 5.084825188968791, 52.316764934992761 ], [ 5.084877018968407, 52.316747014992352 ], [ 5.084886868968344, 52.316743844992253 ], [ 5.084896168968265, 52.316740124992201 ], [ 5.08490484896817, 52.31673586499214 ], [ 5.084912808968067, 52.316731114992081 ], [ 5.084920008967962, 52.316725934991993 ], [ 5.084926348967837, 52.316720334991984 ], [ 5.084931798967711, 52.31671440499197 ], [ 5.084936298967573, 52.316708174991888 ], [ 5.084939788967435, 52.316701704991857 ], [ 5.084942268967285, 52.316695074991877 ], [ 5.084942608967145, 52.316688424991895 ], [ 5.084941998967003, 52.316681794991879 ], [ 5.084940428966854, 52.316675214991861 ], [ 5.084937918966713, 52.31666874499188 ], [ 5.084934488966579, 52.316662444991948 ], [ 5.084930168966448, 52.316656334991976 ], [ 5.084925008966311, 52.316650504991998 ], [ 5.084918998966192, 52.316644954992078 ], [ 5.084912248966079, 52.316639764992161 ], [ 5.084904758965973, 52.316634954992182 ], [ 5.084840258965113, 52.316596224992743 ], [ 5.084778028964077, 52.31654914499326 ], [ 5.08476757896381, 52.316536794993333 ], [ 5.084763978963731, 52.316533404993379 ], [ 5.08476133896365, 52.316529694993392 ], [ 5.084759718963565, 52.316525764993422 ], [ 5.084759178963479, 52.316521734993465 ], [ 5.084759718963387, 52.31651768499345 ], [ 5.084761328963304, 52.31651376499341 ], [ 5.08476396896322, 52.316510054993387 ], [ 5.084767568963148, 52.31650665499339 ], [ 5.084778468962943, 52.316496994993258 ], [ 5.084804068962606, 52.316481334993121 ], [ 5.084812088962509, 52.316476984992974 ], [ 5.084819288962406, 52.316472134992956 ], [ 5.084825618962299, 52.316466844992931 ], [ 5.084830998962167, 52.316461164992873 ], [ 5.08483534896204, 52.316455174992832 ], [ 5.084838628961901, 52.316448924992848 ], [ 5.084840818961762, 52.316442504992757 ], [ 5.08484185896162, 52.316435974992757 ], [ 5.084841768961478, 52.316429414992783 ], [ 5.084840528961337, 52.316422894992783 ], [ 5.084838158961199, 52.316416494992851 ], [ 5.084806398959278, 52.316328704993118 ], [ 5.084959368958752, 52.316303574991899 ], [ 5.08526662895722, 52.316230384989431 ], [ 5.085868038954279, 52.316090464984519 ], [ 5.086042898953417, 52.316049394983146 ], [ 5.086279978952382, 52.315999904981211 ], [ 5.086513888951421, 52.315953664979318 ], [ 5.086639638950904, 52.315928934978324 ], [ 5.086731718950362, 52.315903274977579 ], [ 5.08673773895029, 52.31589979497754 ], [ 5.086743078950201, 52.315895914977474 ], [ 5.086747618950113, 52.31589168497748 ], [ 5.086751318950013, 52.315887144977403 ], [ 5.086754118949907, 52.315882374977377 ], [ 5.086755998949808, 52.315877434977402 ], [ 5.086756928949692, 52.315872394977418 ], [ 5.086755828949499, 52.315863544977425 ], [ 5.086748538948232, 52.315805314977524 ], [ 5.086749088948229, 52.315805254977469 ], [ 5.086834258948016, 52.315794954976781 ], [ 5.086897768947726, 52.315780834976294 ], [ 5.086982008947289, 52.315760234975592 ], [ 5.087109668946685, 52.315731354974574 ], [ 5.087297398945994, 52.315698224973019 ], [ 5.087343768945829, 52.315690034972661 ], [ 5.087382488945627, 52.315680434972371 ], [ 5.087630468944391, 52.315621454970376 ], [ 5.08784314894335, 52.315572174968615 ], [ 5.0881226789419, 52.31550310496641 ], [ 5.088861398938478, 52.315339884960402 ], [ 5.089447638935975, 52.315219744955698 ], [ 5.089622488935273, 52.315186134954267 ], [ 5.090531078931168, 52.31498972494694 ], [ 5.090685938930277, 52.314947624945695 ], [ 5.091653158923843, 52.314643964937936 ], [ 5.091698578923442, 52.314625284937556 ], [ 5.091902468921421, 52.314530644935907 ], [ 5.092131838919254, 52.314429554934129 ], [ 5.092580318915038, 52.314231914930538 ], [ 5.092614878914713, 52.314216684930265 ], [ 5.092639578915199, 52.314238864930068 ], [ 5.092732938914339, 52.3141986649293 ], [ 5.092780858915283, 52.314241394928928 ], [ 5.092807638915801, 52.314265274928673 ], [ 5.092861438915296, 52.31424117492822 ], [ 5.09289934891502, 52.314228254927933 ], [ 5.092966308914447, 52.314201524927427 ], [ 5.092987818914239, 52.314191534927218 ], [ 5.093017418913942, 52.314177794926977 ], [ 5.093076668913353, 52.314150304926486 ], [ 5.092988088911901, 52.314084534927268 ], [ 5.092793948908441, 52.313927524928928 ], [ 5.092726978907012, 52.313862614929512 ], [ 5.09271135890668, 52.313847474929666 ], [ 5.092650758905203, 52.313780154930186 ], [ 5.092644468905052, 52.313773164930218 ], [ 5.092591678903675, 52.313710344930712 ], [ 5.092310978895103, 52.313319644933166 ], [ 5.09210690888861, 52.313023354934991 ], [ 5.092125958888404, 52.313013754934843 ], [ 5.092201238888034, 52.312996154934233 ], [ 5.09230150888754, 52.312972704933401 ], [ 5.092641138885908, 52.312894684930662 ], [ 5.093150038883552, 52.312782214926543 ], [ 5.093213808883259, 52.312768114926001 ], [ 5.093916738879828, 52.312604324920329 ], [ 5.093920968879803, 52.312603254920354 ], [ 5.093953608879628, 52.312594974920074 ], [ 5.094618648876081, 52.312426374914708 ], [ 5.095532668870407, 52.312158124907391 ], [ 5.095727438869182, 52.312100034905797 ], [ 5.09600633886733, 52.312012464903567 ], [ 5.096350778865187, 52.311910854900788 ], [ 5.096418348864797, 52.311892714900239 ], [ 5.096711028863065, 52.311810364897909 ], [ 5.097107418860694, 52.311698404894699 ], [ 5.097445398858691, 52.311603354892 ], [ 5.097610138857663, 52.311554704890639 ], [ 5.097666798857317, 52.311538314890186 ], [ 5.097739188856699, 52.311509164889628 ], [ 5.097868318855453, 52.311450834888596 ], [ 5.097992978854655, 52.311413274887599 ], [ 5.098145428853985, 52.311381134886332 ], [ 5.098182688853848, 52.311374654886087 ], [ 5.098323828852635, 52.311317794884907 ], [ 5.098459878851482, 52.311263734883859 ], [ 5.098626288850126, 52.311199734882493 ], [ 5.098742288849165, 52.311154694881594 ], [ 5.098796318848832, 52.311138834881149 ], [ 5.098849268848661, 52.311130534880732 ], [ 5.098900738848167, 52.3111071948803 ], [ 5.099311548844058, 52.310915284877034 ], [ 5.099723208840031, 52.310726584873755 ], [ 5.100050258836744, 52.31057284487116 ], [ 5.100281548834403, 52.31046294486935 ], [ 5.100442318835317, 52.310504014867988 ], [ 5.100533048834348, 52.310458474867268 ], [ 5.100530698834323, 52.310457404867286 ], [ 5.100554108833882, 52.310436934867077 ], [ 5.100549598832814, 52.31038794486718 ], [ 5.100564028831429, 52.310324214867059 ], [ 5.100566928830824, 52.310296414867068 ], [ 5.100350338830142, 52.310266984868839 ], [ 5.100331828829918, 52.310256864869032 ], [ 5.100275858829225, 52.310225584869457 ], [ 5.100214608828313, 52.310184444869989 ], [ 5.100157308827573, 52.310150704870509 ], [ 5.100109328827025, 52.310125994870873 ], [ 5.100054618826635, 52.31010864487132 ], [ 5.099994558826228, 52.310090464871863 ], [ 5.099917078825905, 52.310076344872471 ], [ 5.099859678825521, 52.310058984872981 ], [ 5.09979725882496, 52.310033854873488 ], [ 5.099736528818732, 52.309748594874094 ], [ 5.099723468817928, 52.309711894874226 ], [ 5.099593568813894, 52.309527894875345 ], [ 5.099502518811589, 52.309422544876163 ], [ 5.099267138807217, 52.309223944878212 ], [ 5.09919831880613, 52.309174884878772 ], [ 5.099169918805695, 52.309155164879002 ], [ 5.099112758804735, 52.309111384879458 ], [ 5.098981528802514, 52.309010674880582 ], [ 5.09892828880147, 52.30896334488105 ], [ 5.098706248797212, 52.308769924882967 ], [ 5.098556108794797, 52.308660204884283 ], [ 5.098362718792044, 52.308535514885889 ], [ 5.098237168790255, 52.308454514886982 ], [ 5.098076038788069, 52.308355644888337 ], [ 5.097908218785865, 52.30825606488974 ], [ 5.097769288784032, 52.308172974890915 ], [ 5.097617948781765, 52.308070194892196 ], [ 5.097365698778293, 52.307913094894282 ], [ 5.097194368776443, 52.307829814895776 ], [ 5.097035048774422, 52.307738344897068 ], [ 5.096922188772923, 52.307670454898044 ], [ 5.096920148772883, 52.307668814898079 ], [ 5.096868428772122, 52.307634334898516 ], [ 5.096816238771275, 52.307595914898968 ], [ 5.096742508769683, 52.307523614899594 ], [ 5.096704368768934, 52.307489494899961 ], [ 5.096620088766826, 52.307393544900627 ], [ 5.096535598765072, 52.307313614901396 ], [ 5.096487018764527, 52.307289054901837 ], [ 5.0964827587646, 52.307292614901819 ], [ 5.096452988763517, 52.307243044902108 ], [ 5.096406298761772, 52.307163364902515 ], [ 5.096348008759391, 52.307054714903025 ], [ 5.096282208756493, 52.30692205490368 ], [ 5.0962759587563, 52.306913354903685 ], [ 5.096257268755213, 52.306863564903857 ], [ 5.096243128753158, 52.306769244904046 ], [ 5.096232678750848, 52.306663404904135 ], [ 5.096219468748471, 52.306554284904323 ], [ 5.096213528747914, 52.306528884904381 ], [ 5.096182338745776, 52.306431094904696 ], [ 5.096159978740281, 52.306179044904958 ], [ 5.096157698740007, 52.30616646490499 ], [ 5.096136648738042, 52.306076344905222 ], [ 5.096100198734541, 52.305916094905562 ], [ 5.096082418732053, 52.305801924905737 ], [ 5.096081778731874, 52.305793754905757 ], [ 5.096088268731125, 52.305759474905749 ], [ 5.096082788730378, 52.305725144905821 ], [ 5.096071308729755, 52.305696484905909 ], [ 5.096068398729581, 52.305688564905921 ], [ 5.096040668727925, 52.305613044906224 ], [ 5.096020418725423, 52.305498104906412 ], [ 5.095989898721714, 52.305328124906758 ], [ 5.095954718717319, 52.30512687490711 ], [ 5.095921248713413, 52.30494742490751 ], [ 5.095900478710947, 52.304834604907704 ], [ 5.095895968708146, 52.304705964907804 ], [ 5.095895398707623, 52.304681964907786 ], [ 5.095893728706076, 52.304611084907862 ], [ 5.09586819870333, 52.304485384908141 ], [ 5.095858058701497, 52.304401134908261 ], [ 5.095847108698715, 52.304273534908397 ], [ 5.095819968696818, 52.304186624908681 ], [ 5.095803898693947, 52.30405476490882 ], [ 5.095771008687554, 52.303761764909254 ], [ 5.095791858687351, 52.303752334909063 ], [ 5.095817048686985, 52.303735434908866 ], [ 5.095827038686512, 52.303713384908775 ], [ 5.09583105868577, 52.303679134908791 ], [ 5.095828888684869, 52.303637824908847 ], [ 5.095812608683572, 52.303578424908956 ], [ 5.095828118682588, 52.303533344908892 ], [ 5.095849618681314, 52.303474734908697 ], [ 5.095898158678749, 52.303356424908372 ], [ 5.095920798676987, 52.303275214908197 ], [ 5.095963768673814, 52.303129334907979 ], [ 5.096020158670088, 52.302957654907608 ], [ 5.096032508669323, 52.302922404907498 ], [ 5.096053858668599, 52.302888814907334 ], [ 5.096079128666368, 52.302786204907157 ], [ 5.096117228663083, 52.302635004906932 ], [ 5.096170338659254, 52.302458704906563 ], [ 5.096202488657271, 52.302367534906352 ], [ 5.096224738654923, 52.302259234906209 ], [ 5.096249348652744, 52.30215927490606 ], [ 5.096280428650705, 52.302065304905881 ], [ 5.096318938649029, 52.301987724905565 ], [ 5.096326638647881, 52.301934884905549 ], [ 5.096340608645552, 52.301827974905443 ], [ 5.096363978644426, 52.301776034905266 ], [ 5.096387748642017, 52.301665174905132 ], [ 5.09644053863892, 52.301522364904756 ], [ 5.096463758637026, 52.301435264904597 ], [ 5.096485418635655, 52.301372344904479 ], [ 5.096527918633706, 52.301282144904185 ], [ 5.096552928632122, 52.301209254903974 ], [ 5.096588578629833, 52.301103824903755 ], [ 5.096612068627681, 52.301004834903651 ], [ 5.096643468624677, 52.3008665449034 ], [ 5.096685338621679, 52.300728674903134 ], [ 5.096719798619969, 52.300649634902904 ], [ 5.096751468617323, 52.300528144902643 ], [ 5.096772498615787, 52.300457054902523 ], [ 5.096793698615347, 52.300436674902379 ], [ 5.096841838614346, 52.300390434901992 ], [ 5.09689282861266, 52.300312374901587 ], [ 5.096957398610942, 52.300232874901134 ], [ 5.097027918609169, 52.300150674900607 ], [ 5.097115758606723, 52.300037624899936 ], [ 5.097186938604891, 52.299952784899411 ], [ 5.09723915860403, 52.299912714898973 ], [ 5.09730027860301, 52.299865424898499 ], [ 5.097358108601961, 52.299816604898048 ], [ 5.097503748599019, 52.299680224896903 ], [ 5.097564528597868, 52.299626874896433 ], [ 5.097673018595564, 52.299519514895593 ], [ 5.097807138592621, 52.299383674894536 ], [ 5.097844508592, 52.299354594894261 ], [ 5.097859848591778, 52.299344284894161 ], [ 5.09799414859027, 52.299273784893074 ], [ 5.098097588588926, 52.299211164892249 ], [ 5.09823316858713, 52.299127144891195 ], [ 5.098515758583381, 52.298952204888955 ], [ 5.098611838582076, 52.2988913748882 ], [ 5.098722728580609, 52.298823084887331 ], [ 5.098814648579502, 52.298771244886609 ], [ 5.098913858578305, 52.298715424885813 ], [ 5.098943538577901, 52.298696644885581 ], [ 5.099012638577386, 52.298672344885063 ], [ 5.099053698577117, 52.298659524884705 ], [ 5.099086088577049, 52.298656064884433 ], [ 5.099108788576932, 52.298650654884234 ], [ 5.09916692857651, 52.298630644883801 ], [ 5.099211058576119, 52.29861228488344 ], [ 5.099304128575422, 52.298579354882683 ], [ 5.09936920857499, 52.298558994882178 ], [ 5.099533768573884, 52.298506544880873 ], [ 5.099672958572941, 52.2984619748797 ], [ 5.099903768571318, 52.298384904877885 ], [ 5.099967548570842, 52.298362534877334 ], [ 5.099986568570505, 52.298347134877204 ], [ 5.099991308570169, 52.298331524877185 ], [ 5.099998578569947, 52.298321404877107 ], [ 5.100047578569605, 52.29830504487672 ], [ 5.100128478568945, 52.298273864876087 ], [ 5.100248818568049, 52.298231914875124 ], [ 5.100302278567684, 52.298214424874686 ], [ 5.10037737856719, 52.298190914874056 ], [ 5.100600238565799, 52.29812494487232 ], [ 5.100879918564045, 52.298041804870067 ], [ 5.10111751856263, 52.297974484868149 ], [ 5.101301568561539, 52.297922584866633 ], [ 5.101481108560669, 52.297881024865191 ], [ 5.101612038560156, 52.29785606486417 ], [ 5.101725218559721, 52.297834974863235 ], [ 5.101840268559378, 52.297818144862312 ], [ 5.101905448559192, 52.297809054861752 ], [ 5.101971828559103, 52.297804214861252 ], [ 5.102104158559785, 52.297834344860092 ], [ 5.102259188560581, 52.29786937485887 ], [ 5.102475438561649, 52.297916654857076 ], [ 5.102758828563048, 52.297978074854726 ], [ 5.102904268563965, 52.298018904853556 ], [ 5.10303750856476, 52.298053864852371 ], [ 5.103192308565539, 52.298088384851141 ], [ 5.10327491856586, 52.298102334850434 ], [ 5.103365878566215, 52.298117704849687 ], [ 5.103643418567158, 52.298158454847425 ], [ 5.10374960856755, 52.298175284846529 ], [ 5.103845878567935, 52.298192164845744 ], [ 5.103949718568341, 52.298209854844885 ], [ 5.10409472856893, 52.298235664843666 ], [ 5.104293018569656, 52.298267234842029 ], [ 5.104390878570073, 52.298285284841235 ], [ 5.104543178570591, 52.298307584839954 ], [ 5.104652828570992, 52.298325084839057 ], [ 5.104783948571447, 52.298344904838018 ], [ 5.10490339857185, 52.298362094837024 ], [ 5.104964048572135, 52.298374584836523 ], [ 5.105073648572628, 52.298396254835652 ], [ 5.105155218572975, 52.298411294834992 ], [ 5.105255898573279, 52.298424534834076 ], [ 5.105268618573285, 52.298424564834001 ], [ 5.105295668573295, 52.298424634833786 ], [ 5.105335468573212, 52.298420664833465 ], [ 5.105417738572919, 52.29840622483281 ], [ 5.105514898572535, 52.298387604831987 ], [ 5.105679148572084, 52.298365394830697 ], [ 5.106039188571254, 52.298323874827766 ], [ 5.106064848571497, 52.29833478482751 ], [ 5.106100598571663, 52.298342184827249 ], [ 5.106168178571736, 52.298344784826696 ], [ 5.106223608571696, 52.298342644826235 ], [ 5.106258838571592, 52.298337224825936 ], [ 5.106266338571566, 52.298336074825862 ], [ 5.106314108571362, 52.298326434825462 ], [ 5.106412158570686, 52.298294324824752 ], [ 5.106495858570072, 52.298265264824053 ], [ 5.106580918569314, 52.298229704823349 ], [ 5.106661988568614, 52.298196574822732 ], [ 5.106733768567923, 52.298164234822167 ], [ 5.106819918567102, 52.2981255948214 ], [ 5.106902378566184, 52.298082704820786 ], [ 5.106988838565177, 52.298035784820101 ], [ 5.107048718564396, 52.297999344819644 ], [ 5.107104618563635, 52.29796371481919 ], [ 5.107188518562348, 52.297903774818529 ], [ 5.107248438561464, 52.297862464818117 ], [ 5.107307058560413, 52.297813834817596 ], [ 5.107351058559547, 52.297773304817284 ], [ 5.107379108558828, 52.297740044817054 ], [ 5.107413838557915, 52.297697864816769 ], [ 5.10745397855665, 52.297639444816483 ], [ 5.107493628555257, 52.297574844816225 ], [ 5.107610098551302, 52.297392254815335 ], [ 5.107674368549122, 52.297291624814854 ], [ 5.107681108548727, 52.297272944814814 ], [ 5.10768787854823, 52.29725020481478 ], [ 5.107693338547703, 52.297225844814747 ], [ 5.107692658546848, 52.297186834814738 ], [ 5.107692218546039, 52.297149614814764 ], [ 5.107689838545117, 52.297107334814811 ], [ 5.107677008543648, 52.297039854814976 ], [ 5.107665428542425, 52.296983744815073 ], [ 5.10764594854104, 52.296920304815202 ], [ 5.107614678539121, 52.296832454815586 ], [ 5.10757463853639, 52.296706984815899 ], [ 5.107564168535742, 52.296677294816043 ], [ 5.107504878532597, 52.296533574816571 ], [ 5.107437978529036, 52.296370544817215 ], [ 5.107417528528048, 52.296325444817391 ], [ 5.10739982852758, 52.296304014817544 ], [ 5.107376838527285, 52.296290604817727 ], [ 5.107319698527051, 52.296280514818143 ], [ 5.10727908852457, 52.296166874818596 ], [ 5.107223038521476, 52.29602538481906 ], [ 5.107219768521311, 52.296017514819113 ], [ 5.10721556852114, 52.296009814819143 ], [ 5.107210468520972, 52.296002324819185 ], [ 5.107204478520817, 52.295995094819226 ], [ 5.107197648520662, 52.295988144819283 ], [ 5.107184808520289, 52.295970874819396 ], [ 5.107159058519712, 52.295944874819639 ], [ 5.107115638518849, 52.295905444820043 ], [ 5.107071218517835, 52.29585943482035 ], [ 5.106962238515181, 52.295738504821337 ], [ 5.106707498509165, 52.295464394823561 ], [ 5.106680168508515, 52.295434994823765 ], [ 5.106561498505789, 52.295310714824829 ], [ 5.106415898502408, 52.295156794826042 ], [ 5.106433658502299, 52.295151394825936 ], [ 5.106450708501875, 52.295131984825794 ], [ 5.106458258501443, 52.295111794825772 ], [ 5.106448848500973, 52.29509047482582 ], [ 5.106392168499462, 52.295021604826296 ], [ 5.106264068496266, 52.294876034827425 ], [ 5.10612160849278, 52.294717154828675 ], [ 5.106093438492159, 52.294688914828903 ], [ 5.106065068491713, 52.294668504829161 ], [ 5.106033548491551, 52.29466163482941 ], [ 5.105914118491356, 52.294653644830397 ], [ 5.105662218490987, 52.294639224832459 ], [ 5.105345188490564, 52.294622974835043 ], [ 5.10501356849013, 52.294606174837767 ], [ 5.10465811848961, 52.294585684840712 ], [ 5.104398418489328, 52.294575304842823 ], [ 5.104008588488943, 52.294561414846022 ], [ 5.103729388488596, 52.29454796484832 ], [ 5.103692038488538, 52.294545634848589 ], [ 5.103594848488342, 52.294537814849399 ], [ 5.103495218488197, 52.294531854850248 ], [ 5.103396688488114, 52.29452924485102 ], [ 5.103217668487976, 52.29452447485248 ], [ 5.103064258487498, 52.294504134853732 ], [ 5.102976158487114, 52.294487404854486 ], [ 5.102918688486672, 52.294467724854933 ], [ 5.102847858485899, 52.294432794855531 ], [ 5.102783678485216, 52.294402034856112 ], [ 5.102721448484442, 52.294366984856616 ], [ 5.10269666848419, 52.294355514856782 ], [ 5.102610348483282, 52.294314764857532 ], [ 5.102440578481391, 52.294229454858993 ], [ 5.102336748480266, 52.294178874859831 ], [ 5.102255478479337, 52.294137024860511 ], [ 5.102208488478891, 52.294116954860897 ], [ 5.102158388478371, 52.294093544861312 ], [ 5.102012808476886, 52.294026804862547 ], [ 5.101794238474671, 52.293927024864395 ], [ 5.101431248471024, 52.293762924867437 ], [ 5.101168728468418, 52.293645894869641 ], [ 5.100898888465768, 52.293526824871883 ], [ 5.100718208464014, 52.293447884873409 ], [ 5.100606128462877, 52.293396874874304 ], [ 5.100247508459104, 52.293227124877305 ], [ 5.09982100845457, 52.293023064880863 ], [ 5.099473348450897, 52.292857604883785 ], [ 5.099353988449699, 52.292803524884832 ], [ 5.099380358449419, 52.292790594884615 ], [ 5.099413418449004, 52.29277118488438 ], [ 5.09944164844861, 52.292752884884152 ], [ 5.099462208448274, 52.29273723488398 ], [ 5.099476468448055, 52.292727064883884 ], [ 5.099480548447973, 52.292723304883829 ], [ 5.099481888447915, 52.292720434883812 ], [ 5.099482868447837, 52.292716934883778 ], [ 5.099481718447725, 52.292712134883793 ], [ 5.099476378447616, 52.29270681488385 ], [ 5.099467668447431, 52.292698564883928 ], [ 5.099337888445761, 52.292623004885037 ], [ 5.099262248444743, 52.292577054885683 ], [ 5.099201198443996, 52.292543094886192 ], [ 5.09907193844193, 52.292449614887303 ], [ 5.09895386843999, 52.292361334888305 ], [ 5.098738478436217, 52.292190514890123 ], [ 5.098736998435782, 52.292170434890153 ], [ 5.098704148434461, 52.292109954890428 ], [ 5.098649248432758, 52.292032064891004 ], [ 5.098591818430308, 52.291920504891458 ], [ 5.098544378428022, 52.291815834891885 ], [ 5.098491968425195, 52.291686324892389 ], [ 5.098473548424092, 52.291636164892502 ], [ 5.098440168420489, 52.291470754892906 ], [ 5.09843341841912, 52.291407944892974 ], [ 5.098432608417665, 52.291341124892995 ], [ 5.098439488415223, 52.291228664892984 ], [ 5.098457708413175, 52.29113450489286 ], [ 5.098524168408986, 52.290941534892418 ], [ 5.098566158406496, 52.290826504892159 ], [ 5.098597958405109, 52.29076279489189 ], [ 5.098620508404101, 52.290716124891723 ], [ 5.098644818403114, 52.290670514891538 ], [ 5.098665338402424, 52.290638484891403 ], [ 5.09871500840103, 52.290573724891033 ], [ 5.098841388402214, 52.290627264889935 ], [ 5.099578448390629, 52.290087694884143 ], [ 5.099614678390052, 52.290060654883902 ], [ 5.099651418389445, 52.290032454883594 ], [ 5.099676808388995, 52.290011694883404 ], [ 5.099693428388687, 52.289997324883302 ], [ 5.099751908387238, 52.2899301948828 ], [ 5.099812348385887, 52.289867414882366 ], [ 5.099905908383805, 52.289770864881632 ], [ 5.099997958381539, 52.289665854880901 ], [ 5.100083188379483, 52.289570414880259 ], [ 5.100242138375613, 52.289391074879077 ], [ 5.100344438373334, 52.289285304878256 ], [ 5.100456528370813, 52.289168624877391 ], [ 5.100512378369695, 52.289116774876923 ], [ 5.100576018368328, 52.289052994876457 ], [ 5.100647008367022, 52.288992214875925 ], [ 5.100827128364136, 52.288857934874457 ], [ 5.101006328361213, 52.288721794873069 ], [ 5.101166558358803, 52.288609314871849 ], [ 5.101252668357365, 52.28854261487114 ], [ 5.101315708356233, 52.288489924870703 ], [ 5.101347628355641, 52.288462304870393 ], [ 5.101380528354866, 52.288426414870145 ], [ 5.10140307835425, 52.28839765487001 ], [ 5.1014164983539, 52.288381594869904 ], [ 5.101434258353558, 52.288365634869763 ], [ 5.101467168352897, 52.288334954869477 ], [ 5.101492938352177, 52.288301804869292 ], [ 5.101525398351177, 52.288255244869084 ], [ 5.101581358349768, 52.288190074868652 ], [ 5.101595128349508, 52.288177944868494 ], [ 5.101612298349288, 52.288167574868375 ], [ 5.101624608349192, 52.288163374868297 ], [ 5.101649558348941, 52.288151284868121 ], [ 5.101705518348298, 52.288121034867615 ], [ 5.101762188347487, 52.288083394867193 ], [ 5.101647828346399, 52.288034404868142 ], [ 5.101727278344709, 52.287956014867518 ], [ 5.10173768834448, 52.28794550486743 ], [ 5.101790328343331, 52.287892294867042 ], [ 5.102054088338302, 52.287658374864989 ], [ 5.102341618332905, 52.287407344862757 ], [ 5.102686858326407, 52.287105094860067 ], [ 5.102971598321125, 52.286859574857822 ], [ 5.103214138316718, 52.286654374855921 ], [ 5.103337128314611, 52.286556424854993 ], [ 5.103528968311482, 52.286410734853455 ], [ 5.103892718305699, 52.286141164850605 ], [ 5.104096298302486, 52.285991694849031 ], [ 5.104376978298126, 52.285788254846778 ], [ 5.10454611829558, 52.285669874845453 ], [ 5.104553298295503, 52.285665844845418 ], [ 5.104607848294845, 52.285635154844968 ], [ 5.104647908294246, 52.285607204844673 ], [ 5.104672888293875, 52.28558977484446 ], [ 5.104681628293739, 52.285583684844404 ], [ 5.104700168293257, 52.285561204844228 ], [ 5.104644998292252, 52.285515564844701 ], [ 5.104651388290693, 52.285444074844712 ], [ 5.104650258290421, 52.285431424844731 ], [ 5.104646018289403, 52.285384684844772 ], [ 5.104641398288289, 52.28533341484485 ], [ 5.104636408287091, 52.28527825484489 ], [ 5.104634428284482, 52.285158414844943 ], [ 5.104639508283053, 52.285092834844953 ], [ 5.104655938281035, 52.28499972484483 ], [ 5.104672538280055, 52.284954604844764 ], [ 5.104685738279508, 52.284929504844641 ], [ 5.104725658278476, 52.284881584844342 ], [ 5.104822688274886, 52.284715514843612 ], [ 5.104837878273929, 52.284671544843519 ], [ 5.104840448273138, 52.28463497484347 ], [ 5.104834958271156, 52.284544094843589 ], [ 5.104797678267979, 52.284398274843944 ], [ 5.104805638266268, 52.284319424843915 ], [ 5.104793708265616, 52.28428967484404 ], [ 5.104786668264222, 52.284225654844136 ], [ 5.104779348263773, 52.284205064844201 ], [ 5.104754428262909, 52.284165574844401 ], [ 5.104693788261547, 52.284103704844924 ], [ 5.104655298260912, 52.28407446484529 ], [ 5.10455740825945, 52.284008794846152 ], [ 5.104473378258379, 52.283960304846744 ], [ 5.104380968257344, 52.283913794847543 ], [ 5.104317398256399, 52.28387077484814 ], [ 5.104281738255665, 52.283837544848431 ], [ 5.104263738255061, 52.283810074848581 ], [ 5.104255048254513, 52.283784904848666 ], [ 5.104256728253517, 52.283739184848656 ], [ 5.104304378246758, 52.283427844848397 ], [ 5.104306898244506, 52.2833244048484 ], [ 5.104298018243004, 52.283255234848561 ], [ 5.104275028241978, 52.283208314848757 ], [ 5.104257478241437, 52.283183704848874 ], [ 5.10422459824072, 52.283151044849149 ], [ 5.10417498823993, 52.283115494849561 ], [ 5.104107228239108, 52.283078144850172 ], [ 5.104080738238783, 52.283063544850357 ], [ 5.103964778236943, 52.282980124851406 ], [ 5.10385712823539, 52.282909844852306 ], [ 5.103487418231374, 52.282728934855378 ], [ 5.103415098230171, 52.282674474855966 ], [ 5.103229528227369, 52.282547724857544 ], [ 5.103082178226199, 52.282495364858804 ], [ 5.102900928224593, 52.282423494860289 ], [ 5.102816378223708, 52.282383564861 ], [ 5.10279505822336, 52.282368094861198 ], [ 5.102772848222836, 52.282344034861367 ], [ 5.102761798222396, 52.282324014861466 ], [ 5.1027600682219, 52.28230114486152 ], [ 5.102781208219773, 52.282203074861414 ], [ 5.102796408218047, 52.282123834861324 ], [ 5.102789878217654, 52.282105654861354 ], [ 5.102777298217397, 52.282094104861464 ], [ 5.102757888217234, 52.282086724861607 ], [ 5.102733318217213, 52.282086094861832 ], [ 5.102673918217035, 52.282078334862277 ], [ 5.102591158216365, 52.282048424862985 ], [ 5.102567488216096, 52.282036364863181 ], [ 5.102407878213784, 52.281931684864539 ], [ 5.102322508212215, 52.281860464865304 ], [ 5.10221805821068, 52.281790734866171 ], [ 5.102090048208785, 52.281705284867201 ], [ 5.102087738208754, 52.281703744867272 ], [ 5.102013318207657, 52.281654054867893 ], [ 5.102054008206956, 52.281621544867555 ], [ 5.102082568206066, 52.281580544867346 ], [ 5.102114488204861, 52.281524714867089 ], [ 5.10212779820423, 52.281495724866986 ], [ 5.102157058202715, 52.28142575486681 ], [ 5.102171108201254, 52.281358174866718 ], [ 5.102180798199715, 52.281287294866658 ], [ 5.102182968198399, 52.281226724866677 ], [ 5.102179598196852, 52.281155684866711 ], [ 5.102175998195464, 52.281091834866807 ], [ 5.102176068193272, 52.280991364866892 ], [ 5.102179128191227, 52.280897114866882 ], [ 5.102181888189916, 52.280836954866864 ], [ 5.102178698188101, 52.28075378486691 ], [ 5.102178018187207, 52.280712424866941 ], [ 5.102174678186335, 52.280672474866975 ], [ 5.102162888184518, 52.280588924867111 ], [ 5.102152848182596, 52.280500914867247 ], [ 5.102128648178843, 52.280328474867503 ], [ 5.102093718173637, 52.280089604867904 ], [ 5.102066108169359, 52.279892944868202 ], [ 5.102065818169308, 52.279890854868192 ], [ 5.101967438169545, 52.279902914869034 ], [ 5.101966518169547, 52.279903014868999 ], [ 5.101824938169894, 52.279920384870188 ], [ 5.101622518170392, 52.279945324871811 ], [ 5.101567128170529, 52.279952144872233 ], [ 5.101562018170541, 52.27995276487227 ], [ 5.101542368170587, 52.279955194872471 ], [ 5.101460448170791, 52.279965284873107 ], [ 5.10136002817102, 52.279976994873962 ], [ 5.101341958171064, 52.27997910487408 ], [ 5.101319328171114, 52.279981734874291 ], [ 5.101325638171082, 52.279980304874243 ], [ 5.101341948170907, 52.279972224874079 ], [ 5.101279738171047, 52.279979044874594 ], [ 5.101211718171196, 52.279986484875167 ], [ 5.101129458171423, 52.279997894875798 ], [ 5.101063788171592, 52.280006434876356 ], [ 5.100956108171894, 52.280021404877218 ], [ 5.100793308172316, 52.280042544878576 ], [ 5.100743008172436, 52.280048954878936 ], [ 5.100645408172657, 52.280059594879752 ], [ 5.100551938172847, 52.280069524880496 ], [ 5.100452548173077, 52.280080884881322 ], [ 5.100327748173354, 52.280095234882332 ], [ 5.100228938173598, 52.280107334883112 ], [ 5.100108838173906, 52.280122634884123 ], [ 5.100059728174015, 52.280128314884486 ], [ 5.099964908174248, 52.280140094885247 ], [ 5.099903968174415, 52.280148294885727 ], [ 5.099773208174763, 52.280165744886851 ], [ 5.099653678175078, 52.280181404887834 ], [ 5.09945808817555, 52.280205274889362 ], [ 5.099356908175816, 52.280218434890195 ], [ 5.099129138176336, 52.280244724892064 ], [ 5.099053618176493, 52.280252744892671 ], [ 5.098951298176591, 52.280258304893515 ], [ 5.098895408176715, 52.280264644893926 ], [ 5.098727588177172, 52.280287544895302 ], [ 5.09861268817745, 52.280301444896267 ], [ 5.098444708177921, 52.280324704897623 ], [ 5.098289308178319, 52.280344594898871 ], [ 5.09812727817874, 52.280365974900207 ], [ 5.097950938179165, 52.280387084901626 ], [ 5.097761648179629, 52.280410434903175 ], [ 5.097577318180029, 52.280430744904656 ], [ 5.097502098180239, 52.28044120490528 ], [ 5.097397338180554, 52.280456804906137 ], [ 5.097251828180987, 52.280478234907328 ], [ 5.097134448181264, 52.280492134908272 ], [ 5.096976558181647, 52.280511504909548 ], [ 5.096824028181988, 52.280528824910782 ], [ 5.096633088182402, 52.280549624912332 ], [ 5.096411528183014, 52.280579984914155 ], [ 5.096241568183414, 52.280600284915508 ], [ 5.096053908183967, 52.280627694917065 ], [ 5.095889188184312, 52.280645234918381 ], [ 5.095737708184692, 52.280664124919603 ], [ 5.095517288185263, 52.280692784921413 ], [ 5.095272328185839, 52.280721804923452 ], [ 5.09498707818658, 52.280759154925697 ], [ 5.09483936818695, 52.280777774926882 ], [ 5.094670548187419, 52.280800774928309 ], [ 5.094229548188523, 52.28085620493183 ], [ 5.093983618189176, 52.280888794933844 ], [ 5.093729458189742, 52.280917574935913 ], [ 5.093366318190641, 52.280962634938859 ], [ 5.093191258191083, 52.280984754940285 ], [ 5.092908088191758, 52.281018524942617 ], [ 5.092689268192283, 52.281045224944364 ], [ 5.092387658193014, 52.281081724946866 ], [ 5.092193148193503, 52.281106354948435 ], [ 5.092003858193993, 52.281130994949983 ], [ 5.09184131819438, 52.281150164951292 ], [ 5.09162197819497, 52.281179674953066 ], [ 5.091197958196085, 52.281235664956519 ], [ 5.091155308196194, 52.281240824956846 ], [ 5.091049678196411, 52.281251854957702 ], [ 5.090746548197146, 52.281288944960181 ], [ 5.090429698197931, 52.281328424962723 ], [ 5.090038368198869, 52.281375634965968 ], [ 5.089683988199726, 52.281418774968841 ], [ 5.08938242820044, 52.281454394971242 ], [ 5.088729488202134, 52.281539344976593 ], [ 5.088317098203193, 52.281592054979932 ], [ 5.087943168204117, 52.281638504982979 ], [ 5.087803798204479, 52.281656624984109 ], [ 5.087767518204602, 52.281662744984359 ], [ 5.087735088204744, 52.281669814984646 ], [ 5.087704178205075, 52.281684944984875 ], [ 5.087457078201042, 52.281502564987008 ], [ 5.087212018197014, 52.281320004989105 ], [ 5.08698121819321, 52.281147554991051 ], [ 5.086844178190954, 52.281045584992164 ], [ 5.086789728190254, 52.281013814992676 ], [ 5.086591598186888, 52.280861154994348 ], [ 5.086375948183409, 52.280703804996193 ], [ 5.086264148181741, 52.280628654997102 ], [ 5.086237098181353, 52.280610884997316 ], [ 5.086213468180851, 52.280587904997574 ], [ 5.086134058179467, 52.28052520499827 ], [ 5.086009708177393, 52.28043161499928 ], [ 5.085803498174121, 52.280283295001034 ], [ 5.085551688170013, 52.280097235003161 ], [ 5.08526610816528, 52.27988294500561 ], [ 5.08499974816102, 52.279690185007873 ], [ 5.084823988158202, 52.279562645009321 ], [ 5.084635078155, 52.279417585010982 ], [ 5.084615528154778, 52.279407525011145 ], [ 5.084596298154627, 52.27940086501129 ], [ 5.084547658154421, 52.279391805011699 ], [ 5.0843228081534, 52.27934726501357 ], [ 5.084285168153229, 52.279339815013898 ], [ 5.0840199681521, 52.279290775016037 ], [ 5.08358272815021, 52.27920879501967 ], [ 5.083248488148705, 52.279143245022397 ], [ 5.082945218147355, 52.279084315024967 ], [ 5.082558448145681, 52.279011835028115 ], [ 5.082169278143999, 52.278938535031344 ], [ 5.081735648142123, 52.278857175034936 ], [ 5.081469978140898, 52.278803665037138 ], [ 5.081284558140108, 52.278769145038645 ], [ 5.081032248139007, 52.278721525040758 ], [ 5.080622368137295, 52.278647115044144 ], [ 5.080213168135513, 52.278569775047544 ], [ 5.079911378134168, 52.278511305050003 ], [ 5.079676308133077, 52.27846373505195 ], [ 5.079546328132529, 52.27843992505305 ], [ 5.07916523813087, 52.278367895056164 ], [ 5.078833758129463, 52.278306585058886 ], [ 5.07856206812825, 52.27825391506115 ], [ 5.078364488127384, 52.278216415062765 ], [ 5.078037078125977, 52.278154945065509 ], [ 5.077706178124478, 52.278089745068236 ], [ 5.077484428123496, 52.278047245070049 ], [ 5.07721779812239, 52.277999365072269 ], [ 5.077081958121862, 52.277976625073372 ], [ 5.077046718121873, 52.27797743507368 ], [ 5.076743848121897, 52.277981755076119 ], [ 5.076405018121956, 52.277987995078909 ], [ 5.076287328122031, 52.277992715079876 ], [ 5.075849478122124, 52.278001965083462 ], [ 5.075724458122179, 52.278005705084524 ], [ 5.075391538122306, 52.278015155087189 ], [ 5.07505932812241, 52.278023495089933 ], [ 5.074723138122422, 52.278027545092677 ], [ 5.074556258122431, 52.278029985094037 ], [ 5.074227088122552, 52.27803878509674 ], [ 5.073731378122748, 52.278053455100789 ], [ 5.073486638122881, 52.278062135102772 ], [ 5.073323058122944, 52.278066585104092 ], [ 5.072932048122987, 52.278072835107288 ], [ 5.072156368123275, 52.278094185113673 ], [ 5.07144517812347, 52.278110805119489 ], [ 5.0709257381236, 52.278122485123738 ], [ 5.070497088123621, 52.27812810512728 ], [ 5.070329978123753, 52.278135875128626 ], [ 5.06922436812404, 52.278160955137594 ], [ 5.06906029812404, 52.278162765139008 ], [ 5.068816118124076, 52.278167115140945 ], [ 5.068269288124185, 52.27817798514544 ], [ 5.067697148124402, 52.278194045150151 ], [ 5.067439858124523, 52.278202195152232 ], [ 5.066665288124657, 52.278216735158551 ], [ 5.066606498124698, 52.278219335159051 ], [ 5.066532418124788, 52.278224355159622 ], [ 5.06645142812484, 52.278227445160276 ], [ 5.066363718124843, 52.278228675161053 ], [ 5.065971198124989, 52.278239535164289 ], [ 5.0651858381252, 52.27825750517065 ], [ 5.064770468125331, 52.278268035174037 ], [ 5.064627938125197, 52.27826364517523 ], [ 5.064601438125422, 52.278274105175448 ], [ 5.064546418125863, 52.278294985175897 ], [ 5.064508468126097, 52.278306205176186 ], [ 5.064486558126234, 52.278312695176375 ], [ 5.064439038126562, 52.278328305176785 ], [ 5.064405378126841, 52.278341535176992 ], [ 5.064359008127157, 52.278356445177408 ], [ 5.064271938127664, 52.278380435178086 ], [ 5.064098798128666, 52.278428425179527 ], [ 5.064044838129028, 52.278445625179927 ], [ 5.063985368129408, 52.278463635180408 ], [ 5.063912708130028, 52.278492845180999 ], [ 5.063855748130687, 52.278523715181464 ], [ 5.063812228131457, 52.278559545181828 ], [ 5.063812538131843, 52.278577085181773 ], [ 5.063832438132286, 52.278597475181556 ], [ 5.063868228132816, 52.27862122518129 ], [ 5.063956648134134, 52.278680825180558 ], [ 5.064006618134757, 52.278708765180177 ], [ 5.064059708135484, 52.278741605179697 ], [ 5.06408326813589, 52.278759845179501 ], [ 5.064111238136431, 52.278784455179249 ], [ 5.064147328137229, 52.278820715178924 ], [ 5.064174338137672, 52.278840775178701 ], [ 5.064211218138118, 52.278860855178408 ], [ 5.06428354813887, 52.278894365177806 ], [ 5.0643264581393, 52.278913955177408 ], [ 5.064373658139882, 52.278939825177034 ], [ 5.064411358140363, 52.278961695176683 ], [ 5.064459688140968, 52.2789889251763 ], [ 5.064531148141707, 52.279022095175691 ], [ 5.064513008142014, 52.27903645517582 ], [ 5.064455358143142, 52.279088685176298 ], [ 5.064328788145612, 52.279203235177313 ], [ 5.064317688146206, 52.279230705177312 ], [ 5.064318208146434, 52.279241115177378 ], [ 5.064336218146841, 52.279259805177212 ], [ 5.064361548147224, 52.279276985176999 ], [ 5.064613418149065, 52.279358905174874 ], [ 5.064836678150786, 52.279435435173021 ], [ 5.065111458152676, 52.279518935170749 ], [ 5.065167708153065, 52.279536245170277 ], [ 5.06527870815415, 52.279584865169348 ], [ 5.065288098154251, 52.27958932516929 ], [ 5.065294698154322, 52.27959246516923 ], [ 5.06531896815517, 52.279631405168978 ], [ 5.065326538155442, 52.279643535168979 ], [ 5.065325828155672, 52.279654215168897 ], [ 5.065325498155785, 52.279659365168925 ], [ 5.065304128156217, 52.279679375169081 ], [ 5.065299528156364, 52.279686415169145 ], [ 5.064983528158247, 52.279775985171653 ], [ 5.064970598158228, 52.279775265171807 ], [ 5.065040018159053, 52.279812495171171 ], [ 5.064938598160354, 52.279873205172038 ], [ 5.064563118161049, 52.279908995175091 ], [ 5.064097708161958, 52.279955745178846 ], [ 5.063885588162344, 52.279975675180587 ], [ 5.063920718164728, 52.28008466518024 ], [ 5.063929108164703, 52.280083655180157 ], [ 5.063933548165017, 52.280097795180168 ], [ 5.063985008168599, 52.280261375179684 ], [ 5.064155068172762, 52.280450865178167 ], [ 5.064412428179079, 52.280737615175987 ], [ 5.064445198178781, 52.280723835175714 ], [ 5.064478468178506, 52.280710485175419 ], [ 5.064512198178226, 52.280697595175162 ], [ 5.064546388177961, 52.280685175174852 ], [ 5.064581028177711, 52.280673215174637 ], [ 5.064616068177462, 52.280661725174333 ], [ 5.064651538177235, 52.280650725174063 ], [ 5.064687388177008, 52.280640205173739 ], [ 5.064723608176808, 52.2806301751734 ], [ 5.064827288176167, 52.280599765172617 ], [ 5.064934918175744, 52.280579195171747 ], [ 5.065051278175329, 52.280559055170826 ], [ 5.065098658175177, 52.280551595170387 ], [ 5.065146248175042, 52.280544635170031 ], [ 5.065194018174907, 52.280538155169594 ], [ 5.06524196817479, 52.280532175169263 ], [ 5.065290078174677, 52.280526675168829 ], [ 5.065338308174582, 52.280521685168452 ], [ 5.065386678174497, 52.280517185168094 ], [ 5.065435168174419, 52.280513185167663 ], [ 5.065464368174371, 52.280510575167447 ], [ 5.065493678174336, 52.280508565167224 ], [ 5.065523078174307, 52.280507125166885 ], [ 5.065552558174298, 52.280506285166666 ], [ 5.065582038174298, 52.280506035166425 ], [ 5.06561153817431, 52.280506375166219 ], [ 5.06564099817434, 52.280507305165983 ], [ 5.065670398174378, 52.280508815165746 ], [ 5.065699688174431, 52.280510935165452 ], [ 5.065722998174487, 52.280513065165302 ], [ 5.06574617817455, 52.280515755165112 ], [ 5.065769168174622, 52.280519005164933 ], [ 5.065791918174717, 52.280522785164791 ], [ 5.065814418174815, 52.280527105164587 ], [ 5.065836628174921, 52.280531965164364 ], [ 5.065858518175043, 52.280537345164163 ], [ 5.065880048175176, 52.280543235164018 ], [ 5.06590119817532, 52.280549635163815 ], [ 5.065867368185407, 52.281012555163926 ], [ 5.065860008187602, 52.281113335163951 ], [ 5.065877238190576, 52.281249705163745 ], [ 5.065879918191039, 52.281271005163703 ], [ 5.065859798190921, 52.281265755163879 ], [ 5.065839288190816, 52.281261075164039 ], [ 5.065818448190724, 52.28125699516422 ], [ 5.065797308190637, 52.281253515164394 ], [ 5.065775948190571, 52.281250635164561 ], [ 5.065754378190522, 52.281248375164758 ], [ 5.06573265819048, 52.281246725164934 ], [ 5.065710848190447, 52.281245705165063 ], [ 5.065688988190437, 52.281245305165285 ], [ 5.065667108190437, 52.281245535165439 ], [ 5.06564527819045, 52.281246375165608 ], [ 5.065623538190474, 52.281247855165802 ], [ 5.065601928190517, 52.281249945165989 ], [ 5.065580498190577, 52.281252645166141 ], [ 5.065559298190641, 52.281255965166324 ], [ 5.06553836819072, 52.281259885166527 ], [ 5.065491368190966, 52.281271575166912 ], [ 5.065492538191418, 52.281292205166892 ], [ 5.065496258192841, 52.281357465166828 ], [ 5.06555922820406, 52.281871655166071 ], [ 5.065594528210824, 52.28218142516566 ], [ 5.065620948215305, 52.282386895165367 ], [ 5.065636458217943, 52.282507615165187 ], [ 5.065658158221973, 52.282692215164928 ], [ 5.065645348225911, 52.282872995164929 ], [ 5.065627658230852, 52.283099965164986 ], [ 5.065613258234874, 52.283284715165053 ], [ 5.065576748245479, 52.283771345165128 ], [ 5.065537808257082, 52.284304015165226 ], [ 5.065522778261611, 52.284512025165256 ], [ 5.065508828265821, 52.284705135165304 ], [ 5.065478708274158, 52.285087955165345 ], [ 5.065472348276275, 52.285185055165364 ], [ 5.065471498276557, 52.285198175165377 ], [ 5.065467758276558, 52.285198485165338 ], [ 5.065464018276568, 52.285198745165467 ], [ 5.065460258276573, 52.285198965165435 ], [ 5.065456498276574, 52.285199125165484 ], [ 5.065440108276586, 52.285199775165644 ], [ 5.065423678276587, 52.285199865165744 ], [ 5.065407248276568, 52.28519938516591 ], [ 5.065390918276539, 52.285198355166038 ], [ 5.065374688276507, 52.285196775166192 ], [ 5.065358628276456, 52.285194635166285 ], [ 5.065342788276388, 52.285191955166439 ], [ 5.065037518274974, 52.285129985168965 ], [ 5.064791878273839, 52.285080565170993 ], [ 5.064727278276708, 52.285212815171455 ], [ 5.064725298276796, 52.285216885171451 ], [ 5.064559518284072, 52.285552375172678 ], [ 5.064409068290831, 52.285863905173748 ], [ 5.064273888296791, 52.286138605174727 ], [ 5.064214858299357, 52.286257055175192 ], [ 5.064194518300124, 52.286292565175344 ], [ 5.064018558304093, 52.286476215176705 ], [ 5.063751598309812, 52.286741335178775 ], [ 5.063425828316586, 52.287055125181347 ], [ 5.063311138319076, 52.287170885182192 ], [ 5.063297718319339, 52.287182975182297 ], [ 5.063283558319596, 52.287194755182405 ], [ 5.063268718319842, 52.287206195182534 ], [ 5.063253188320078, 52.287217295182614 ], [ 5.06323699832031, 52.287228045182772 ], [ 5.063220178320536, 52.287238415182962 ], [ 5.063120008321762, 52.287295825183726 ], [ 5.062793628325673, 52.28747864518629 ], [ 5.062405188330302, 52.287694955189394 ], [ 5.06200852833514, 52.287920535192576 ], [ 5.061660808339393, 52.288119495195303 ], [ 5.061502178341339, 52.288210075196567 ], [ 5.061388738342727, 52.288274875197473 ], [ 5.061311778343586, 52.288315175198086 ], [ 5.060933508347974, 52.288520165201113 ], [ 5.060510848353049, 52.288757355204403 ], [ 5.060092198358043, 52.288990455207774 ], [ 5.059806838361544, 52.289153775210039 ], [ 5.059552628364944, 52.28931246521207 ], [ 5.05954030836511, 52.28932015521216 ], [ 5.059462998364852, 52.289308895212812 ], [ 5.059406838364563, 52.289296525213274 ], [ 5.059128628362127, 52.289187555215634 ], [ 5.058664488358234, 52.289013775219495 ], [ 5.058366118355642, 52.288898235221943 ], [ 5.058298048355057, 52.288871875222561 ], [ 5.058256848354651, 52.288853535222891 ], [ 5.058188088354045, 52.288826515223462 ], [ 5.057727728350107, 52.288650765227338 ], [ 5.057563518348537, 52.288580575228679 ], [ 5.057385528346732, 52.288499635230188 ], [ 5.057339068346259, 52.288478505230536 ], [ 5.057286758345939, 52.288464345230977 ], [ 5.0568909883427, 52.28831979523428 ], [ 5.056788198341854, 52.288282255235139 ], [ 5.056547378339908, 52.288195465237216 ], [ 5.056398358338737, 52.288143185238411 ], [ 5.056149448336565, 52.288046085240538 ], [ 5.056125088336346, 52.288036575240696 ], [ 5.055586568331698, 52.287829135245161 ], [ 5.055469708330643, 52.287781695246188 ], [ 5.055431918330248, 52.287764015246495 ], [ 5.055382838329904, 52.287748875246926 ], [ 5.05531101832941, 52.28772671524748 ], [ 5.055031708327151, 52.287626265249813 ], [ 5.054875098325782, 52.287565015251161 ], [ 5.054854478325608, 52.287557355251295 ], [ 5.054834268325432, 52.287549285251472 ], [ 5.054814488325245, 52.287540825251654 ], [ 5.054795158325044, 52.287531985251825 ], [ 5.054776308324841, 52.287522765252021 ], [ 5.054769478324761, 52.287519265252044 ], [ 5.054762718324683, 52.287515725252064 ], [ 5.0547560183246, 52.287512125252135 ], [ 5.05474938832452, 52.287508485252204 ], [ 5.054478418321501, 52.287372735254486 ], [ 5.054436218321025, 52.287351605254834 ], [ 5.054417338320818, 52.287342155254983 ], [ 5.054111338317449, 52.287191025257549 ], [ 5.05374140831321, 52.287000385260662 ], [ 5.053489788310317, 52.286870705262821 ], [ 5.053441518309871, 52.286850495263195 ], [ 5.053035708304973, 52.286630195266646 ], [ 5.052769148301748, 52.286485275268873 ], [ 5.05273805830225, 52.286508255269105 ], [ 5.052492448306151, 52.28668977527105 ], [ 5.052253608309782, 52.28685855527295 ], [ 5.051975978314038, 52.28705659527516 ], [ 5.051807348316466, 52.287169725276463 ], [ 5.051652658318611, 52.287269585277691 ], [ 5.051578778319648, 52.287317845278267 ], [ 5.051564718319777, 52.287324205278338 ], [ 5.051550148319912, 52.287330125278515 ], [ 5.051535118320025, 52.28733557527859 ], [ 5.051519658320125, 52.287340565278754 ], [ 5.051503798320221, 52.287345055278863 ], [ 5.051487588320302, 52.287349055278966 ], [ 5.051471078320377, 52.287352535279119 ], [ 5.051454288320443, 52.287355515279273 ], [ 5.051384238320727, 52.287369295279831 ], [ 5.051369118320796, 52.287372665279968 ], [ 5.051354308320875, 52.287376525280088 ], [ 5.051339848320969, 52.287380855280198 ], [ 5.051325778321066, 52.287385635280295 ], [ 5.051312118321179, 52.287390855280414 ], [ 5.051298928321299, 52.287396515280534 ], [ 5.05128624832143, 52.287402585280653 ], [ 5.051274098321569, 52.28740905528074 ], [ 5.051077228324611, 52.287550875282285 ], [ 5.050976998326151, 52.287622235283102 ], [ 5.050953118326498, 52.287638515283227 ], [ 5.050928508326844, 52.287654385283432 ], [ 5.050903218327172, 52.287669835283623 ], [ 5.050877228327496, 52.287684865283836 ], [ 5.050850578327807, 52.28769943528409 ], [ 5.050823298328108, 52.287713565284299 ], [ 5.050795388328405, 52.287727235284528 ], [ 5.050771348328676, 52.28774019528467 ], [ 5.050746648328949, 52.287752675284914 ], [ 5.0507213183292, 52.287764675285118 ], [ 5.050695378329448, 52.287776165285287 ], [ 5.050668838329679, 52.287787155285514 ], [ 5.050641758329899, 52.287797615285754 ], [ 5.050614148330111, 52.287807535286014 ], [ 5.050586028330314, 52.287816915286228 ], [ 5.050487828330911, 52.287845445286962 ], [ 5.05040433833147, 52.287872005287703 ], [ 5.050360408330341, 52.287820515288026 ], [ 5.050352268330126, 52.287810975288117 ], [ 5.050381888329863, 52.287798455287863 ], [ 5.050125818324873, 52.287572455290061 ], [ 5.04974170831754, 52.287240415293383 ], [ 5.049517958313017, 52.287035295295254 ], [ 5.049417968310968, 52.286942435296112 ], [ 5.049247198307254, 52.286774235297621 ], [ 5.049156448305123, 52.286677525298394 ], [ 5.048973898300744, 52.286478695299984 ], [ 5.048919348299562, 52.28642475530048 ], [ 5.048775278296413, 52.286282305301697 ], [ 5.048444688289218, 52.285956075304512 ], [ 5.048220568284169, 52.285726925306477 ], [ 5.048195588283493, 52.285696165306653 ], [ 5.048187278283345, 52.285689465306817 ], [ 5.048178188283207, 52.285683155306849 ], [ 5.048168348283078, 52.285677275306945 ], [ 5.048157828282953, 52.285671855307037 ], [ 5.048146698282848, 52.285666935307113 ], [ 5.048134988282744, 52.285662525307202 ], [ 5.048122788282657, 52.285658665307302 ], [ 5.04811014828258, 52.28565536530737 ], [ 5.048097148282519, 52.285652655307516 ], [ 5.048090498282513, 52.285652455307591 ], [ 5.048083968282495, 52.28565166530764 ], [ 5.048077698282465, 52.285650275307695 ], [ 5.048071818282416, 52.285648345307735 ], [ 5.048066488282365, 52.285645905307803 ], [ 5.0480617882823, 52.285643005307833 ], [ 5.04805783828223, 52.285639705307837 ], [ 5.048054738282151, 52.285636095307893 ], [ 5.048052538282065, 52.285632235307922 ], [ 5.04782682827669, 52.285388385309851 ], [ 5.047631338272131, 52.285181405311569 ], [ 5.047514188269427, 52.285058725312574 ], [ 5.047491818268765, 52.285028665312758 ], [ 5.047484238268568, 52.285019705312777 ], [ 5.047067458262318, 52.28473760531638 ], [ 5.046970088261302, 52.284692095317155 ], [ 5.04689234826052, 52.284657205317821 ], [ 5.046551708256501, 52.284476475320723 ], [ 5.046349018254038, 52.284365755322398 ], [ 5.045859568247923, 52.284090865326533 ], [ 5.045507228243514, 52.283892385329494 ], [ 5.045181768239301, 52.283702725332262 ], [ 5.04509470823832, 52.283658795333011 ], [ 5.044568188232255, 52.283386395337473 ], [ 5.044529518231806, 52.283366415337753 ], [ 5.044491408231359, 52.283346035338091 ], [ 5.044453848230891, 52.283325275338399 ], [ 5.044416878230421, 52.283304125338752 ], [ 5.044380498229946, 52.283282605339046 ], [ 5.044344698229462, 52.283260705339323 ], [ 5.043957428224436, 52.283034775342571 ], [ 5.043829508222966, 52.282968455343671 ], [ 5.043473658218845, 52.282783755346671 ], [ 5.043448698218559, 52.282770815346872 ], [ 5.043423238218278, 52.282758225347088 ], [ 5.043397288218009, 52.282746025347308 ], [ 5.043370888217741, 52.282734215347531 ], [ 5.043344028217484, 52.282722785347737 ], [ 5.04331673821724, 52.282711745347996 ], [ 5.043226328216369, 52.282672675348778 ], [ 5.043101268215155, 52.2826186453498 ], [ 5.042778668212234, 52.282488155352517 ], [ 5.042476018217165, 52.28271714535488 ], [ 5.042085838223544, 52.28301381535794 ], [ 5.041755798228957, 52.283265105360535 ], [ 5.0416250482312, 52.283369335361584 ], [ 5.041381568234423, 52.283519615363488 ], [ 5.040938218240318, 52.283794385366996 ], [ 5.040794018242176, 52.283880775368146 ], [ 5.040786418242188, 52.283881705368202 ], [ 5.040778678242198, 52.283882045368337 ], [ 5.040770938242193, 52.283881795368323 ], [ 5.04076329824217, 52.283880945368395 ], [ 5.040755908242137, 52.283879515368476 ], [ 5.040748848242092, 52.283877545368547 ], [ 5.040742258242037, 52.283875045368582 ], [ 5.040465248238511, 52.283716705370892 ], [ 5.040427628238148, 52.283700305371269 ], [ 5.04032941823719, 52.283657515372056 ], [ 5.040149248235362, 52.283575785373579 ], [ 5.040089958234725, 52.283547155374087 ], [ 5.039752918230992, 52.283379455376931 ], [ 5.039580668229009, 52.283290595378382 ], [ 5.0395213382284, 52.283263325378883 ], [ 5.039499728228177, 52.283253395379042 ], [ 5.039429258227942, 52.28324353537959 ], [ 5.038924808233504, 52.283503525383665 ], [ 5.038658498236446, 52.283640885385772 ], [ 5.038527918237919, 52.283709875386819 ], [ 5.038418158239156, 52.283767885387718 ], [ 5.038259188241069, 52.283857095388946 ], [ 5.038125128242769, 52.283936345390032 ], [ 5.03798575824456, 52.284019835391156 ], [ 5.037841138246365, 52.284104345392251 ], [ 5.037663078248553, 52.284206065393704 ], [ 5.037629438248961, 52.284225235393968 ], [ 5.037542578249987, 52.284273005394667 ], [ 5.037344138252257, 52.28437916539626 ], [ 5.037217388253736, 52.284448395397213 ], [ 5.037175288254235, 52.284471385397573 ], [ 5.037015188256256, 52.284565725398863 ], [ 5.036868998258161, 52.28465470539998 ], [ 5.036808098258945, 52.284691155400516 ], [ 5.036757608259515, 52.284717965400908 ], [ 5.036707138260139, 52.2847469154013 ], [ 5.03657656826156, 52.284813405402339 ], [ 5.036308448264453, 52.284948535404475 ], [ 5.035800038269886, 52.285202705408572 ], [ 5.035563268272425, 52.285321755410415 ], [ 5.035410038274035, 52.285396815411666 ], [ 5.035148858276805, 52.285526585413727 ], [ 5.034866738279526, 52.285654235415969 ], [ 5.034852118279677, 52.285661325416143 ], [ 5.034817158280042, 52.285678235416427 ], [ 5.034793608280283, 52.285689635416617 ], [ 5.034710018281132, 52.285729325417272 ], [ 5.034502798283235, 52.285827995418913 ], [ 5.034269458285594, 52.28593846542077 ], [ 5.034018658287973, 52.286050025422789 ], [ 5.033766128290377, 52.286162665424825 ], [ 5.033420198293616, 52.286314595427584 ], [ 5.033345148292219, 52.286251405428239 ], [ 5.033212468292337, 52.286258125429313 ], [ 5.033150748293449, 52.286309945429814 ], [ 5.033034278295605, 52.286409585430732 ], [ 5.032917808297776, 52.28651029543159 ], [ 5.032745698300852, 52.286652795432971 ], [ 5.032578758303694, 52.286784595434284 ], [ 5.032368378307383, 52.286956035435935 ], [ 5.032253618309372, 52.287048185436788 ], [ 5.032098838311938, 52.287167135438054 ], [ 5.031858858315979, 52.287354655439927 ], [ 5.031641548319951, 52.287538935441653 ], [ 5.031439898323695, 52.287712505443181 ], [ 5.031233018327469, 52.287887145444827 ], [ 5.030928758332961, 52.288142155447225 ], [ 5.030794908335486, 52.288258935448241 ], [ 5.030528428340412, 52.288487195450408 ], [ 5.030292058334493, 52.288218805452402 ], [ 5.030060458328625, 52.287952615454415 ], [ 5.029856968323607, 52.287724915456209 ], [ 5.029728898320398, 52.287579515457303 ], [ 5.029521878315288, 52.287347535459126 ], [ 5.029162368306939, 52.286969125462228 ], [ 5.028916768300856, 52.286693315464383 ], [ 5.02879399829791, 52.286559685465441 ], [ 5.028630868293972, 52.286381155466835 ], [ 5.028418628288761, 52.28614490546866 ], [ 5.028316908286382, 52.286036935469554 ], [ 5.028180098283059, 52.28588620547076 ], [ 5.028011688278886, 52.285696985472185 ], [ 5.027818768274262, 52.285487455473913 ], [ 5.027666108270233, 52.285304635475256 ], [ 5.02754330826712, 52.285163525476278 ], [ 5.027488888265616, 52.285095095476784 ], [ 5.027227488258995, 52.284794685479056 ], [ 5.027109938255927, 52.28465569548009 ], [ 5.027062558254681, 52.284599035480483 ], [ 5.027006088253414, 52.28454164548095 ], [ 5.026976538252818, 52.28451475548124 ], [ 5.026936318251779, 52.284467545481569 ], [ 5.026874888250058, 52.284389505482125 ], [ 5.026785408247744, 52.284284725482919 ], [ 5.026692408245328, 52.284174615483735 ], [ 5.026592468243031, 52.284070925484549 ], [ 5.026508278240984, 52.283977915485316 ], [ 5.026438098239074, 52.28389131548591 ], [ 5.026348578236554, 52.283776915486712 ], [ 5.026308168235284, 52.283719175487043 ], [ 5.026276538234224, 52.283671055487311 ], [ 5.026199338232151, 52.283576965488017 ], [ 5.026094058229396, 52.283451885488937 ], [ 5.026016868227387, 52.28336100548961 ], [ 5.025957178225648, 52.283281885490155 ], [ 5.025879948223483, 52.283183525490806 ], [ 5.025762328220067, 52.28302848549189 ], [ 5.025692118218043, 52.282936535492475 ], [ 5.025535918213684, 52.282738735493808 ], [ 5.025418328210433, 52.28259118549483 ], [ 5.025244578205604, 52.282372005496377 ], [ 5.025077408201161, 52.282170355497847 ], [ 5.025053918200522, 52.28214149549801 ], [ 5.024975448198379, 52.282044115498707 ], [ 5.024921078196923, 52.281977835499198 ], [ 5.024856178195147, 52.281897645499782 ], [ 5.024742188192136, 52.28176080550071 ], [ 5.024600088188196, 52.281582245502015 ], [ 5.024554478186908, 52.281523435502422 ], [ 5.0244913581853, 52.281450735502922 ], [ 5.024463318184711, 52.281424015503177 ], [ 5.024428308184098, 52.281396225503492 ], [ 5.02438163818324, 52.281357465503895 ], [ 5.024366718183397, 52.281364815503977 ], [ 5.024353978183527, 52.28137109550407 ], [ 5.024276558184346, 52.281409265504742 ], [ 5.02390221818847, 52.281602345507693 ], [ 5.023684558190811, 52.28171177550945 ], [ 5.023592078192038, 52.281768755510164 ], [ 5.02358369819215, 52.281773925510265 ], [ 5.023550548192541, 52.281792205510499 ], [ 5.023517478193029, 52.281814715510777 ], [ 5.023454838193852, 52.2818533255113 ], [ 5.023416538194335, 52.28187583551157 ], [ 5.023392148194539, 52.281885505511774 ], [ 5.023384018194608, 52.281888755511851 ], [ 5.023375458194666, 52.281891565511884 ], [ 5.023366558194724, 52.281893925512001 ], [ 5.023357338194758, 52.281895815512023 ], [ 5.023347898194788, 52.281897215512132 ], [ 5.023338308194804, 52.281898115512178 ], [ 5.02332861819481, 52.281898535512283 ], [ 5.023318918194808, 52.281898425512367 ], [ 5.023292768194871, 52.281901675512607 ], [ 5.023281028194869, 52.28190169551263 ], [ 5.023269328194875, 52.281902225512788 ], [ 5.023257718194897, 52.281903285512911 ], [ 5.023246268194931, 52.281904845512962 ], [ 5.02323502819497, 52.281906915513098 ], [ 5.023224058195026, 52.281909475513146 ], [ 5.023213428195086, 52.281912525513242 ], [ 5.02320317819516, 52.281916035513319 ], [ 5.023193378195251, 52.281919995513448 ], [ 5.023071488196533, 52.281980065514361 ], [ 5.022986178197521, 52.282026195515051 ], [ 5.022965298197821, 52.282040125515223 ], [ 5.022943768198116, 52.282053965515374 ], [ 5.022922668198419, 52.282068055515538 ], [ 5.022902008198723, 52.282082385515658 ], [ 5.022881778199034, 52.282096945515896 ], [ 5.02287055819926, 52.282106985515973 ], [ 5.022868388199305, 52.282108985515997 ], [ 5.022859618199477, 52.282117145516054 ], [ 5.022855408199566, 52.282121185516111 ], [ 5.0228489681997, 52.282127415516129 ], [ 5.022842828199829, 52.282133535516131 ], [ 5.022838608199926, 52.282137805516207 ], [ 5.022835928199981, 52.282140535516248 ], [ 5.022833278200042, 52.282143285516291 ], [ 5.0228306482001, 52.282146045516292 ], [ 5.022828558200147, 52.282148245516311 ], [ 5.022826488200199, 52.282150445516301 ], [ 5.022824438200244, 52.282152665516335 ], [ 5.02282066820037, 52.282158285516346 ], [ 5.022819288200414, 52.282160455516376 ], [ 5.022817178200491, 52.282163975516397 ], [ 5.02281469820059, 52.282168385516385 ], [ 5.022813978200611, 52.282169725516397 ], [ 5.022811058200741, 52.282175545516424 ], [ 5.022810658200764, 52.28217642551644 ], [ 5.022809688200808, 52.282178535516444 ], [ 5.022808388200872, 52.282181545516458 ], [ 5.022807178200938, 52.282184565516438 ], [ 5.022801348201011, 52.282188045516492 ], [ 5.022795888201093, 52.282191765516586 ], [ 5.022790848201179, 52.282195685516605 ], [ 5.022786238201267, 52.28219980551664 ], [ 5.022772318201422, 52.282207305516728 ], [ 5.022707738202078, 52.282237845517216 ], [ 5.022542758203837, 52.282320005518571 ], [ 5.022413588205206, 52.282384325519601 ], [ 5.021867218210958, 52.282653285523971 ], [ 5.021926178260765, 52.28493187552251 ], [ 5.021862878358951, 52.289425575521058 ], [ 5.021859838361754, 52.289553775521028 ], [ 5.021851548369396, 52.289903535520963 ], [ 5.021789318457155, 52.293919245519625 ], [ 5.021755448501954, 52.295968955519029 ], [ 5.021748218511675, 52.296413565518861 ], [ 5.02171572855538, 52.298412905518262 ], [ 5.021663318616768, 52.301221425517411 ], [ 5.021638298624822, 52.301589845517512 ], [ 5.021621458630612, 52.301854925517489 ], [ 5.021543208643755, 52.302456865517819 ], [ 5.021518408648404, 52.302669545517958 ], [ 5.021501088651444, 52.302808955518067 ], [ 5.021478878655486, 52.30299362551812 ], [ 5.021461188658558, 52.303134195518254 ], [ 5.021447068660685, 52.303231955518299 ], [ 5.021432128662763, 52.303326825518397 ], [ 5.021410058665692, 52.303461185518508 ], [ 5.021382008669083, 52.303616535518628 ], [ 5.021333718674508, 52.303865085518957 ], [ 5.0212901886792, 52.304080035519206 ], [ 5.021195828688033, 52.304484985519785 ], [ 5.021159318691252, 52.304632295519987 ], [ 5.021152888692323, 52.304681655520042 ], [ 5.021142038694268, 52.30477056552008 ], [ 5.021133158695586, 52.304830885520154 ], [ 5.021126988696315, 52.304864245520157 ], [ 5.02106390870251, 52.305148155520527 ], [ 5.02103602870281, 52.305162395520796 ], [ 5.0208088887273, 52.30628424552215 ], [ 5.02071200873851, 52.306797585522688 ], [ 5.020638758747656, 52.307216385523112 ], [ 5.0205829087546, 52.307534195523452 ], [ 5.020526988761666, 52.30785795552373 ], [ 5.020406348776495, 52.308536965524382 ], [ 5.020355518782764, 52.308824155524704 ], [ 5.020305448788992, 52.309109525524953 ], [ 5.020228968798442, 52.309542255525415 ], [ 5.020155068807479, 52.309955985525804 ], [ 5.020006358826336, 52.31081928552662 ], [ 5.019892618840922, 52.311487215527194 ], [ 5.019836578847853, 52.311804585527568 ], [ 5.019832388848372, 52.311828325527586 ], [ 5.019706968863169, 52.31250581552829 ], [ 5.019557208882293, 52.313381395529099 ], [ 5.019298848914497, 52.314855665530523 ], [ 5.018969408954511, 52.316687415532371 ], [ 5.018756638980886, 52.317894545533569 ], [ 5.018526919008499, 52.319158645534777 ], [ 5.018331439032337, 52.320249455535951 ], [ 5.018263789040986, 52.320645285536266 ], [ 5.018208549049537, 52.321036365536571 ], [ 5.01813168906051, 52.321538615536952 ], [ 5.018053709070238, 52.321983715537371 ], [ 5.017966989085185, 52.32266730553772 ], [ 5.017932859096671, 52.32319235553777 ], [ 5.017986429096895, 52.323202265537304 ], [ 5.018148759097594, 52.323232655535975 ], [ 5.01848948909902, 52.323294995533161 ], [ 5.018472809105518, 52.323591955533146 ], [ 5.018471429106049, 52.32361654553317 ], [ 5.01845875911099, 52.32384244553311 ], [ 5.018446149115904, 52.324066985533086 ], [ 5.018440689118036, 52.324164305533159 ], [ 5.018424009121857, 52.324338925533198 ], [ 5.018413399125754, 52.324517205533198 ], [ 5.018405529128205, 52.32462919553322 ], [ 5.018399659130027, 52.324712555533196 ], [ 5.018391659132405, 52.324821275533267 ], [ 5.018385649134157, 52.324901355533243 ], [ 5.018379319136007, 52.324985985533218 ], [ 5.018369799138791, 52.325113145533258 ], [ 5.018327609151112, 52.325676435533353 ], [ 5.018296379160239, 52.326093485533406 ], [ 5.018256789170474, 52.326561365533493 ], [ 5.018217199180704, 52.327029235533573 ], [ 5.018105039198047, 52.327822185534139 ], [ 5.01797952920963, 52.328352565534878 ], [ 5.017866359217372, 52.328707005535669 ], [ 5.017588059234687, 52.329500395537515 ], [ 5.01742620924246, 52.32985669553873 ], [ 5.01727329924966, 52.330186725539797 ] ], [ [ 5.047608678797179, 52.309231385301018 ], [ 5.048151188785074, 52.308672205296844 ], [ 5.048317758786764, 52.308748355295428 ], [ 5.047758578797878, 52.309262315299705 ], [ 5.047758578797833, 52.309259935299785 ], [ 5.047608678797179, 52.309231385301018 ] ] ] } },
{ "type": "Feature", "properties": { "Project_ID": null, "area_name": "Amsterdam West 1 2026-1", "area_km2": 10.629528182223748, "total_recordings": 35553, "total_markers": 26, "car_limitation_count": 1, "under_construction_count": 17, "obstacle_count": 8, "other_count": 0, "operator_reminder_count": 0, "car_limitation_share": 0.038461538461538464, "construction_share": 0.65384615384615385, "obstacle_share": 0.30769230769230771, "other_share": 0.0, "unknown_count": 0, "private_property_count": 0, "unpaved_road_count": 0, "hike_or_bike_trail_count": 0, "event_count": 0, "unknown_share": 0.0, "private_property_share": 0.0, "unpaved_road_share": 0.0, "operator_reminder_share": 0.0, "hike_or_bike_trail_share": 0.0, "event_share": 0.0, "temporary_count": 17, "operational_obstacle_count": 8, "access_structural_count": 1, "unclear_other_count": 0, "temporary_share": 0.65384615384615385, "operational_obstacle_share": 0.30769230769230771, "access_structural_share": 0.038461538461538464, "unclear_other_share": 0.0, "dominant_marker_type": "Under Construction", "marker_density": 2.4460163757297342, "recording_density": 3344.7392387045861, "avg_drms": 0.012185738826540659, "max_drms": 0.1784309, "high_drms_count": 0, "high_drms_share": 0.0, "norm_marker_density": 0.098799637514701555, "norm_recording_density": 0.75465008388991162, "norm_avg_drms": 0.21853636908670571, "norm_high_drms_share": 0.0, "difficulty_score": 0.27682963167143476, "difficulty_level": "Low", "actionability_score_raw": 0.50477617062413627, "evidence_weight": 1.0, "actionability_score": 0.50477617062413627, "actionability_level": "Medium", "action_category": "Temporary Disruption", "recommended_action": "Check construction/event status before collection or reschedule.", "road_density": 24.502616858376999, "intersection_density": 119.38441464619356, "dead_end_ratio": 0.081476323119777094, "oneway_share": 0.42245989304812831, "avg_segment_length": 81.928674562550825, "structural_complexity_score": 0.70612824775944794, "structural_complexity_level": "High", "overdrive_risk_score": 0.46260585123601405, "overdrive_risk_level": "Medium", "est_avoidable_share": 0.339, "est_unavoidable_share": 0.475, "overdrive_planning_category": "Priority Action", "overdrive_recommendation": "High difficulty with manageable causes. Check current disruptions, prepare operators, and consider planned revisit strategy." }, "geometry": { "type": "Polygon", "coordinates": [ [ [ 4.83534303016546, 52.373138937016819 ], [ 4.835431030170123, 52.37334893701594 ], [ 4.835446030170083, 52.373346937015889 ], [ 4.835483030172071, 52.373436937015555 ], [ 4.835498030172099, 52.37343693701542 ], [ 4.836705030236519, 52.376338937003773 ], [ 4.837330030269406, 52.377819936997753 ], [ 4.837469030276816, 52.378153936996441 ], [ 4.83746803027735, 52.378177936996401 ], [ 4.837620030285122, 52.378527936994985 ], [ 4.837636030285054, 52.378524936994822 ], [ 4.837664030286553, 52.37859193699461 ], [ 4.837657030286576, 52.378592936994657 ], [ 4.837687030288122, 52.378662936994338 ], [ 4.837650030288006, 52.378657936994678 ], [ 4.83772903029216, 52.378844936993865 ], [ 4.837816030296802, 52.379053936993039 ], [ 4.837828030296762, 52.379051936992987 ], [ 4.837859030298397, 52.379125936992679 ], [ 4.837878030298338, 52.379122936992481 ], [ 4.837882030298494, 52.379129936992477 ], [ 4.83812103031124, 52.379703936990175 ], [ 4.838112030311273, 52.379705936990213 ], [ 4.838207030316725, 52.379950936989331 ], [ 4.83821303031701, 52.379963936989242 ], [ 4.838229030316946, 52.379960936989129 ], [ 4.838318030321561, 52.380168936988291 ], [ 4.83830103032163, 52.380171936988418 ], [ 4.838447030329349, 52.380519936987021 ], [ 4.838451030329579, 52.380529936986996 ], [ 4.838466030329523, 52.380527936986837 ], [ 4.83855103033409, 52.380732936986043 ], [ 4.838534030334152, 52.380735936986213 ], [ 4.838682030341968, 52.381087936984748 ], [ 4.838698030341901, 52.381084936984614 ], [ 4.838780030346077, 52.381272936983827 ], [ 4.838787030346496, 52.381291936983772 ], [ 4.83876903034658, 52.381295936983918 ], [ 4.838902030353554, 52.38160993698262 ], [ 4.838920030353479, 52.3816069369825 ], [ 4.838950030355046, 52.381676936982196 ], [ 4.838927030355102, 52.381679936982394 ], [ 4.838973030357359, 52.381780936981919 ], [ 4.838954030357441, 52.381784936982079 ], [ 4.839091030364622, 52.382108936980771 ], [ 4.839103030364587, 52.382106936980705 ], [ 4.839136030366334, 52.382185936980363 ], [ 4.839143030366324, 52.382184936980288 ], [ 4.839270030375112, 52.38258093697906 ], [ 4.839284030375064, 52.382578936978916 ], [ 4.839310030377352, 52.382681936978649 ], [ 4.839301030377375, 52.382682936978739 ], [ 4.839379030385452, 52.383046936977905 ], [ 4.839392030385422, 52.383045936977759 ], [ 4.839410030387774, 52.383151936977562 ], [ 4.839395030387792, 52.383152936977673 ], [ 4.839445030396506, 52.38354593697705 ], [ 4.839458030396485, 52.383544936976939 ], [ 4.839466030398056, 52.383615936976881 ], [ 4.839450030398049, 52.383615936976987 ], [ 4.839461030401801, 52.383784936976781 ], [ 4.839452030407179, 52.3840279369767 ], [ 4.839465030407206, 52.38402893697657 ], [ 4.839424030415802, 52.384416936976713 ], [ 4.839450030415813, 52.38441793697649 ], [ 4.839422030419266, 52.384573936976651 ], [ 4.839366030419262, 52.384573936977169 ], [ 4.839262030428772, 52.385003936977732 ], [ 4.839841030429245, 52.385021936972954 ], [ 4.843299030431153, 52.38508693694429 ], [ 4.84393803043097, 52.38507493693897 ], [ 4.844584030431373, 52.385088936933641 ], [ 4.844818030431506, 52.38509393693171 ], [ 4.844818030432256, 52.385127936931639 ], [ 4.844803030432344, 52.385131936931813 ], [ 4.844738030459752, 52.386369936931601 ], [ 4.844766030471672, 52.386907936931074 ], [ 4.844678030506357, 52.388474936930919 ], [ 4.844669030512294, 52.388742936930797 ], [ 4.844694030512276, 52.388741936930657 ], [ 4.844692030515907, 52.388905936930527 ], [ 4.844667030515895, 52.388905936930769 ], [ 4.844669030515438, 52.388884936930765 ], [ 4.844376030515398, 52.388884936933195 ], [ 4.844122030621778, 52.393689936932475 ], [ 4.844132030631351, 52.394121936932194 ], [ 4.844179030641788, 52.394592936931517 ], [ 4.844238030649278, 52.394930936930777 ], [ 4.844323030657245, 52.39528993692992 ], [ 4.84485403065921, 52.395375936925483 ], [ 4.844940030659805, 52.395401936924728 ], [ 4.845447030660725, 52.395440936920522 ], [ 4.8455050306614, 52.39547093692002 ], [ 4.845545030661491, 52.395474936919697 ], [ 4.846009030661972, 52.395493936915862 ], [ 4.846758030662371, 52.395507936909624 ], [ 4.846759030660973, 52.395444936909691 ], [ 4.84711703066104, 52.395445936906739 ], [ 4.847115030661263, 52.395455936906743 ], [ 4.849066030661879, 52.395472936890592 ], [ 4.850519030662249, 52.395481936878525 ], [ 4.850519030661984, 52.395469936878555 ], [ 4.850837030662072, 52.395471936875921 ], [ 4.850834030662333, 52.395483936875962 ], [ 4.854975030663415, 52.395509936841705 ], [ 4.854972030663082, 52.395494936841715 ], [ 4.855626030663243, 52.395498936836262 ], [ 4.855632030660745, 52.395385936836341 ], [ 4.856910030660947, 52.39538793682577 ], [ 4.857362030660912, 52.395383936822007 ], [ 4.857727030660572, 52.395366936819002 ], [ 4.858115030660028, 52.395339936815823 ], [ 4.858933030657959, 52.395241936809093 ], [ 4.859331030656478, 52.395172936805892 ], [ 4.859752030654694, 52.395089936802471 ], [ 4.860175030652488, 52.394987936798969 ], [ 4.860593030650081, 52.394876936795633 ], [ 4.860957030647636, 52.394764936792647 ], [ 4.861598030642369, 52.394522936787553 ], [ 4.861878030639774, 52.39440393678526 ], [ 4.862382030634222, 52.394150936781209 ], [ 4.862649030630966, 52.394001936779134 ], [ 4.863130030624233, 52.393694936775333 ], [ 4.863414030619797, 52.3934929367731 ], [ 4.864230030605873, 52.392858936766714 ], [ 4.864222030605781, 52.392854936766767 ], [ 4.864933030609166, 52.393003936760827 ], [ 4.865550030612098, 52.393132936755578 ], [ 4.86561603061245, 52.393148936755125 ], [ 4.865646030613386, 52.393190936754841 ], [ 4.865685030613248, 52.393183936754532 ], [ 4.865869030619781, 52.393478936752764 ], [ 4.866047030623037, 52.393624936751259 ], [ 4.866079030622743, 52.393610936751031 ], [ 4.866094030623028, 52.393623936750942 ], [ 4.866387030620471, 52.393506936748501 ], [ 4.866616030618954, 52.393436936746667 ], [ 4.86688703061755, 52.393371936744458 ], [ 4.867065030616923, 52.393342936743018 ], [ 4.867224030616591, 52.393326936741708 ], [ 4.871292030659546, 52.395246936706968 ], [ 4.871500030655555, 52.395064936705324 ], [ 4.871509030653969, 52.39499293670535 ], [ 4.871696030648745, 52.394755936703952 ], [ 4.871784030645459, 52.394606936703291 ], [ 4.872521030648425, 52.394736936697129 ], [ 4.87268703064877, 52.394751936695762 ], [ 4.872819030648833, 52.39475393669462 ], [ 4.875858030643179, 52.394481936669642 ], [ 4.875981030643111, 52.394477936668657 ], [ 4.876138030643282, 52.394484936667368 ], [ 4.876307030643855, 52.394509936665969 ], [ 4.876417030644419, 52.394534936665075 ], [ 4.876581030645725, 52.394592936663663 ], [ 4.885484030747539, 52.399151936587472 ], [ 4.88586603075227, 52.399363936584244 ], [ 4.889780030687197, 52.396398936553624 ], [ 4.891565030658679, 52.395098936539661 ], [ 4.89201203065153, 52.394772936536157 ], [ 4.892664030638791, 52.394192936531077 ], [ 4.893220030624668, 52.393550936526907 ], [ 4.893665030608387, 52.392810936523652 ], [ 4.893991030591371, 52.392038936521395 ], [ 4.894680030544808, 52.389926936516929 ], [ 4.895089030517275, 52.388677936514277 ], [ 4.892372030513222, 52.388509936536813 ], [ 4.89231603050911, 52.388323936537368 ], [ 4.892306030506568, 52.388208936537531 ], [ 4.892313030506239, 52.388193936537434 ], [ 4.892218030505848, 52.38817693653823 ], [ 4.892079030512812, 52.388492936539222 ], [ 4.891020030511221, 52.388426936547965 ], [ 4.885982030503719, 52.388115936589749 ], [ 4.885756030504525, 52.388153936591628 ], [ 4.884489030509052, 52.388365936601943 ], [ 4.884008030486076, 52.387328936606529 ], [ 4.883244030461694, 52.386229936613418 ], [ 4.883044030456336, 52.385988936615263 ], [ 4.882597030444332, 52.385447936619222 ], [ 4.882356030438203, 52.385171936621397 ], [ 4.881836030421559, 52.38442193662609 ], [ 4.881671030415882, 52.384165936627618 ], [ 4.88076603038326, 52.382694936635886 ], [ 4.880656030380083, 52.382551936636951 ], [ 4.88049103037666, 52.382397936638334 ], [ 4.880338030374299, 52.382291936639689 ], [ 4.880106030371588, 52.382170936641657 ], [ 4.879814030368985, 52.382054936644138 ], [ 4.879709030367451, 52.381985936645073 ], [ 4.879644030365937, 52.381917936645628 ], [ 4.879602030364453, 52.381850936645996 ], [ 4.879582030363237, 52.381795936646242 ], [ 4.879577030361689, 52.381725936646269 ], [ 4.879594030359986, 52.381648936646179 ], [ 4.879636030358337, 52.381573936645886 ], [ 4.879859030352904, 52.381326936644165 ], [ 4.879877030351632, 52.381268936644048 ], [ 4.879866030350238, 52.381205936644214 ], [ 4.878171030290055, 52.378492936659697 ], [ 4.878105030287693, 52.378385936660301 ], [ 4.878298030286649, 52.378337936658752 ], [ 4.878106030279817, 52.378029936660475 ], [ 4.878083030279913, 52.378034936660676 ], [ 4.877914030274112, 52.37777293666224 ], [ 4.878018030273572, 52.377747936661379 ], [ 4.876597030223148, 52.375474936674408 ], [ 4.876000030202069, 52.374524936679833 ], [ 4.875892030197149, 52.374302936680927 ], [ 4.875858030194197, 52.374169936681234 ], [ 4.875547030194917, 52.374203936683749 ], [ 4.875519030191796, 52.374062936684055 ], [ 4.875497030188857, 52.373929936684355 ], [ 4.875479030183681, 52.373695936684626 ], [ 4.875491030177054, 52.373395936684702 ], [ 4.87546603017482, 52.373294936684928 ], [ 4.875417030172337, 52.373182936685396 ], [ 4.875300030168761, 52.373021936686449 ], [ 4.875241030167385, 52.372959936687003 ], [ 4.875174030166271, 52.37290993668757 ], [ 4.874835030161868, 52.372712936690462 ], [ 4.874787030161041, 52.372675936690875 ], [ 4.874681030158926, 52.372580936691783 ], [ 4.874561030155716, 52.372435936692909 ], [ 4.874488030152913, 52.372309936693561 ], [ 4.874445030150187, 52.372186936693943 ], [ 4.874457030147073, 52.372045936693979 ], [ 4.874509030143295, 52.371874936693665 ], [ 4.875050030116739, 52.370668936689846 ], [ 4.875679030093789, 52.369625936685217 ], [ 4.875811030089874, 52.369447936684217 ], [ 4.875997030085314, 52.369239936682824 ], [ 4.876307030079003, 52.36895293668038 ], [ 4.876666030073036, 52.36867993667758 ], [ 4.87670703007211, 52.36863793667726 ], [ 4.876813030068837, 52.368488936676464 ], [ 4.877064030061148, 52.368138936674576 ], [ 4.877204030055537, 52.367883936673557 ], [ 4.877270030051239, 52.367688936673133 ], [ 4.877325030042366, 52.367286936672897 ], [ 4.877368030038682, 52.367119936672616 ], [ 4.877436030034715, 52.366939936672175 ], [ 4.87752303003071, 52.366757936671576 ], [ 4.877661030027918, 52.366630936670425 ], [ 4.877894030024035, 52.366452936668665 ], [ 4.878142030020602, 52.366295936666702 ], [ 4.878402030017617, 52.366158936664597 ], [ 4.878539030015606, 52.36606693666355 ], [ 4.878706030012672, 52.365932936662212 ], [ 4.878872030009009, 52.365765936660971 ], [ 4.879075030002901, 52.36548793665942 ], [ 4.879168029998916, 52.365306936658747 ], [ 4.879223029994644, 52.365112936658406 ], [ 4.879237029991576, 52.364973936658316 ], [ 4.879230029990182, 52.364910936658518 ], [ 4.879223029986295, 52.364734936658586 ], [ 4.87923502998371, 52.364617936658568 ], [ 4.87926002998113, 52.364500936658459 ], [ 4.879322029977358, 52.364329936658024 ], [ 4.879364029975494, 52.36424493665767 ], [ 4.879425029973724, 52.364164936657261 ], [ 4.879501029972205, 52.364094936656656 ], [ 4.879589029970904, 52.364035936655945 ], [ 4.879761029969216, 52.363957936654579 ], [ 4.880220029966391, 52.363826936650852 ], [ 4.880548029963554, 52.363695936648249 ], [ 4.880713029961753, 52.363612936646902 ], [ 4.880856029959907, 52.363528936645743 ], [ 4.881126029955961, 52.363347936643628 ], [ 4.881241029953946, 52.36325593664273 ], [ 4.88141802995084, 52.363113936641369 ], [ 4.881474029948745, 52.363018936640891 ], [ 4.881521029946682, 52.362924936640646 ], [ 4.881582029942849, 52.36275093664019 ], [ 4.8816260299372, 52.362494936639948 ], [ 4.881720029933113, 52.362308936639273 ], [ 4.881802029931138, 52.362218936638655 ], [ 4.881891029929597, 52.362148936637965 ], [ 4.882102029927299, 52.362042936636293 ], [ 4.880608029917676, 52.36161793664882 ], [ 4.878591029905473, 52.361079936665803 ], [ 4.87745902989839, 52.36076693667529 ], [ 4.877393029900387, 52.360857936675785 ], [ 4.877364029900205, 52.360849936676054 ], [ 4.877202029905304, 52.36108193667723 ], [ 4.876753029902431, 52.360954936681082 ], [ 4.876894029897985, 52.360752936679944 ], [ 4.876921029898151, 52.36075993667977 ], [ 4.876973029897846, 52.360745936679344 ], [ 4.876989029897322, 52.360721936679219 ], [ 4.877026029897359, 52.36072393667893 ], [ 4.877041029896869, 52.360700936678796 ], [ 4.876938029896274, 52.360674936679679 ], [ 4.876958029895659, 52.360646936679522 ], [ 4.876639029893832, 52.360566936682176 ], [ 4.876630029894551, 52.36059893668228 ], [ 4.876599029894852, 52.360612936682514 ], [ 4.876561029896037, 52.360666936682804 ], [ 4.87657102989642, 52.360683936682747 ], [ 4.876501029898654, 52.360785936683214 ], [ 4.876264029897251, 52.360723936685211 ], [ 4.876190029898751, 52.360792936685769 ], [ 4.875874029896722, 52.360702936688433 ], [ 4.875831029897887, 52.360755936688783 ], [ 4.875607029898937, 52.360804936690627 ], [ 4.875537029897421, 52.360736936691197 ], [ 4.875475029896438, 52.36069293669172 ], [ 4.875374029895718, 52.360660936692604 ], [ 4.875299029895724, 52.360661936693234 ], [ 4.875250029895866, 52.360668936693628 ], [ 4.875035029898088, 52.360770936695332 ], [ 4.874611029900803, 52.360896936698794 ], [ 4.874400029901145, 52.360913936700513 ], [ 4.874258029901221, 52.360917936701647 ], [ 4.874164029901928, 52.360950936702423 ], [ 4.874081029902291, 52.360967936703112 ], [ 4.874024029903097, 52.361004936703566 ], [ 4.873942029902621, 52.360983936704258 ], [ 4.873863029902147, 52.360962936704915 ], [ 4.873833029899466, 52.360841936705249 ], [ 4.873794029898392, 52.360793936705598 ], [ 4.873733029897885, 52.360770936706096 ], [ 4.873613029897136, 52.360737936707096 ], [ 4.873504029896783, 52.360722936708022 ], [ 4.87329602989708, 52.360737936709739 ], [ 4.873022029894702, 52.360631936712032 ], [ 4.872460029890877, 52.360462936716822 ], [ 4.872185029889322, 52.360394936719061 ], [ 4.871922029888228, 52.360346936721264 ], [ 4.871851029888007, 52.360337936721891 ], [ 4.871546029888083, 52.3603429367244 ], [ 4.87139502989276, 52.360555936725518 ], [ 4.871281029892127, 52.36052793672647 ], [ 4.871481029885659, 52.360233936724995 ], [ 4.871308029884637, 52.360188936726473 ], [ 4.871252029886417, 52.360269936726837 ], [ 4.870066029879606, 52.35996993673681 ], [ 4.869963029882679, 52.360109936737601 ], [ 4.868650029874644, 52.359755936748677 ], [ 4.86815702987178, 52.359629936752789 ], [ 4.866886029865126, 52.359337936763431 ], [ 4.86591402985984, 52.35910593677162 ], [ 4.865914029855756, 52.358920936771732 ], [ 4.865805029853263, 52.358808936772704 ], [ 4.865545029853902, 52.358839936774814 ], [ 4.865527029854168, 52.358851936774961 ], [ 4.865490029857422, 52.358999936775184 ], [ 4.865456029857317, 52.35899493677546 ], [ 4.863685029847605, 52.358568936790299 ], [ 4.863190029845076, 52.358457936794487 ], [ 4.863184029845279, 52.358466936794471 ], [ 4.86226202984004, 52.358236936802243 ], [ 4.862253029840303, 52.358248936802347 ], [ 4.861817029837829, 52.358139936806012 ], [ 4.86182702983743, 52.358121936805894 ], [ 4.859789029825491, 52.357596936823072 ], [ 4.858949029820803, 52.357390936830086 ], [ 4.855090029798167, 52.356395936862576 ], [ 4.854128029800503, 52.356508936870455 ], [ 4.854335029815127, 52.357168936868405 ], [ 4.854786029827866, 52.357741936864322 ], [ 4.853902029833675, 52.358010936871537 ], [ 4.85362802983513, 52.358078936873824 ], [ 4.853556029835225, 52.358083936874337 ], [ 4.853410029834675, 52.358059936875549 ], [ 4.853013029832729, 52.357974936878925 ], [ 4.852849029831615, 52.357925936880285 ], [ 4.852723029831172, 52.357906936881335 ], [ 4.852585029830953, 52.357897936882459 ], [ 4.852431029830838, 52.357893936883727 ], [ 4.852181029831149, 52.357909936885797 ], [ 4.850580029830621, 52.357897936899086 ], [ 4.850292029830689, 52.357902936901453 ], [ 4.85004702983078, 52.357908936903492 ], [ 4.848896029830389, 52.357899936913014 ], [ 4.848890029833282, 52.358030936912947 ], [ 4.848895029893302, 52.360744936911466 ], [ 4.849520029897634, 52.360935936906237 ], [ 4.84946602995108, 52.363352936905343 ], [ 4.849221029951029, 52.363352936907368 ], [ 4.84919202997001, 52.36421093690717 ], [ 4.850503029970554, 52.36422593689629 ], [ 4.850464029991712, 52.36518293689609 ], [ 4.850391029995662, 52.365361936896583 ], [ 4.850328029995424, 52.365351936897113 ], [ 4.849710030024973, 52.366691936901518 ], [ 4.848683030074071, 52.368918936908742 ], [ 4.848712030074657, 52.368944936908505 ], [ 4.848364030091359, 52.369701936911028 ], [ 4.847750030088936, 52.369596936916139 ], [ 4.847634030094542, 52.369850936916954 ], [ 4.84700803009232, 52.369754936922192 ], [ 4.84662203009113, 52.369703936925418 ], [ 4.846096030089871, 52.369650936929773 ], [ 4.845644030089139, 52.369620936933543 ], [ 4.845227030088774, 52.369606936937004 ], [ 4.842574030087642, 52.369573936958979 ], [ 4.842567030092979, 52.369814936958839 ], [ 4.842577030096912, 52.369992936958703 ], [ 4.842725030117337, 52.370914936956936 ], [ 4.842804030138023, 52.3718489369558 ], [ 4.842859030138379, 52.371864936955291 ], [ 4.842860030139147, 52.371898936955319 ], [ 4.843033030139113, 52.37189693695386 ], [ 4.843043030145849, 52.372200936953611 ], [ 4.842142030146289, 52.372226936961063 ], [ 4.841196030146872, 52.372259936968831 ], [ 4.840867030147403, 52.372285936971586 ], [ 4.840608030148029, 52.372315936973692 ], [ 4.83534303016546, 52.373138937016819 ] ] ] } },
{ "type": "Feature", "properties": { "Project_ID": null, "area_name": "Amsterdam Westpoort 1 2026-1", "area_km2": 28.99031759310768, "total_recordings": 22801, "total_markers": 6, "car_limitation_count": 0, "under_construction_count": 0, "obstacle_count": 6, "other_count": 0, "operator_reminder_count": 0, "car_limitation_share": 0.0, "construction_share": 0.0, "obstacle_share": 1.0, "other_share": 0.0, "unknown_count": 0, "private_property_count": 0, "unpaved_road_count": 0, "hike_or_bike_trail_count": 0, "event_count": 0, "unknown_share": 0.0, "private_property_share": 0.0, "unpaved_road_share": 0.0, "operator_reminder_share": 0.0, "hike_or_bike_trail_share": 0.0, "event_share": 0.0, "temporary_count": 0, "operational_obstacle_count": 6, "access_structural_count": 0, "unclear_other_count": 0, "temporary_share": 0.0, "operational_obstacle_share": 1.0, "access_structural_share": 0.0, "unclear_other_share": 0.0, "dominant_marker_type": "Obstacle", "marker_density": 0.20696565260901018, "recording_density": 786.5039741896735, "avg_drms": 0.0073232740800842069, "max_drms": 0.1255291, "high_drms_count": 0, "high_drms_share": 0.0, "norm_marker_density": 0.0, "norm_recording_density": 0.0, "norm_avg_drms": 0.0, "norm_high_drms_share": 0.0, "difficulty_score": 0.0, "difficulty_level": "Low", "actionability_score_raw": 0.3, "evidence_weight": 0.3, "actionability_score": 0.09, "actionability_level": "Low", "action_category": "Low Evidence / Few Reported Issues", "recommended_action": "Do not overinterpret; too few markers for a strong conclusion.", "road_density": 2.125548266312117, "intersection_density": 5.5535783450084404, "dead_end_ratio": 0.1553398058252427, "oneway_share": 0.44162436548223349, "avg_segment_length": 156.39674949204996, "structural_complexity_score": 0.25050652550398911, "structural_complexity_level": "Low", "overdrive_risk_score": 0.097651957651196719, "overdrive_risk_level": "Low", "est_avoidable_share": 0.264, "est_unavoidable_share": 0.736, "overdrive_planning_category": "Monitor", "overdrive_recommendation": "Lower priority. Standard collection unless newer current-condition data suggests otherwise." }, "geometry": { "type": "Polygon", "coordinates": [ [ [ 4.728773030762881, 52.400698937885359 ], [ 4.728848030766933, 52.400879937884632 ], [ 4.729008030777845, 52.401368937882985 ], [ 4.729853030831814, 52.403784937874512 ], [ 4.730079030847149, 52.404471937872195 ], [ 4.730162030850797, 52.404634937871393 ], [ 4.730947030901365, 52.406898937863566 ], [ 4.731062030910032, 52.407286937862359 ], [ 4.731417030932613, 52.408297937858755 ], [ 4.732469031001824, 52.411396937848103 ], [ 4.732974031034075, 52.412840937843043 ], [ 4.734745031150685, 52.418061937825115 ], [ 4.734886031159319, 52.41844893782369 ], [ 4.734973031163436, 52.418632937822828 ], [ 4.735690031211368, 52.420778937815541 ], [ 4.73750703133005, 52.426092937797144 ], [ 4.739222031440789, 52.43105093777973 ], [ 4.750235031409591, 52.429605937689104 ], [ 4.753219031401463, 52.429228937664547 ], [ 4.767197031363271, 52.427455937549546 ], [ 4.767551031386244, 52.428485937546021 ], [ 4.772473031372667, 52.427855937505576 ], [ 4.783455031341416, 52.426405937415332 ], [ 4.801892031290572, 52.424041937263937 ], [ 4.806681031277578, 52.423436937224643 ], [ 4.809953031268417, 52.423010937197773 ], [ 4.824320031228472, 52.421150937079922 ], [ 4.826116031224511, 52.420964937065179 ], [ 4.827735031220358, 52.420770937051927 ], [ 4.828608031218134, 52.420666937044714 ], [ 4.829560031215205, 52.420530937036936 ], [ 4.831720031207912, 52.420192937019266 ], [ 4.832816031204509, 52.4200349370103 ], [ 4.833829031201585, 52.419898937001996 ], [ 4.836338031194598, 52.419572936981446 ], [ 4.845296031170681, 52.418455936908067 ], [ 4.846399031167304, 52.418298936898957 ], [ 4.848037031162165, 52.418059936885577 ], [ 4.849607031156219, 52.417784936872792 ], [ 4.850787031151437, 52.417563936863161 ], [ 4.851461031148331, 52.41742093685766 ], [ 4.856090031131692, 52.416649936819873 ], [ 4.85572303112412, 52.416309936823076 ], [ 4.860886031093126, 52.414887936781341 ], [ 4.863636031071312, 52.413890936759188 ], [ 4.86388403106935, 52.413800936757191 ], [ 4.867108031038031, 52.412371936731439 ], [ 4.870997030988532, 52.41011793670063 ], [ 4.873555030948257, 52.408285936680613 ], [ 4.882707030803327, 52.401688936608942 ], [ 4.885866030752279, 52.399363936584244 ], [ 4.885484030747551, 52.399151936587472 ], [ 4.876581030645728, 52.394592936663656 ], [ 4.876417030644419, 52.394534936665075 ], [ 4.876307030643859, 52.394509936666026 ], [ 4.876138030643275, 52.394484936667368 ], [ 4.875981030643108, 52.394477936668657 ], [ 4.875858030643174, 52.394481936669642 ], [ 4.872819030648834, 52.394753936694656 ], [ 4.87268703064877, 52.394751936695762 ], [ 4.872521030648425, 52.394736936697129 ], [ 4.871784030645459, 52.394606936703291 ], [ 4.871696030648745, 52.394755936703952 ], [ 4.871509030653964, 52.39499293670535 ], [ 4.871500030655553, 52.395064936705324 ], [ 4.871292030659557, 52.395246936706968 ], [ 4.867224030616592, 52.393326936741737 ], [ 4.867065030616925, 52.393342936743018 ], [ 4.86688703061755, 52.393371936744458 ], [ 4.866616030618959, 52.393436936746667 ], [ 4.866387030620473, 52.393506936748501 ], [ 4.866094030623029, 52.393623936750828 ], [ 4.86607903062274, 52.393610936751031 ], [ 4.866047030623036, 52.393624936751237 ], [ 4.865869030619788, 52.393478936752764 ], [ 4.865685030613248, 52.393183936754511 ], [ 4.865646030613388, 52.393190936754813 ], [ 4.865616030612454, 52.393148936755111 ], [ 4.865550030612098, 52.393132936755578 ], [ 4.864933030609165, 52.393003936760827 ], [ 4.864222030605781, 52.392854936766767 ], [ 4.864230030605882, 52.392858936766714 ], [ 4.863414030619799, 52.393492936773072 ], [ 4.863130030624236, 52.393694936775333 ], [ 4.862649030630967, 52.394001936779134 ], [ 4.862382030634226, 52.394150936781209 ], [ 4.86187803063977, 52.39440393678526 ], [ 4.861598030642369, 52.394522936787496 ], [ 4.860957030647649, 52.39476493679269 ], [ 4.860593030650081, 52.394876936795633 ], [ 4.860175030652487, 52.394987936799019 ], [ 4.859752030654694, 52.395089936802471 ], [ 4.859331030656475, 52.395172936805892 ], [ 4.858933030657959, 52.395241936809093 ], [ 4.858115030660032, 52.395339936815823 ], [ 4.857727030660575, 52.395366936819002 ], [ 4.857362030660913, 52.395383936822007 ], [ 4.856910030660945, 52.395387936825742 ], [ 4.855632030660747, 52.395385936836341 ], [ 4.855626030663248, 52.395498936836262 ], [ 4.854972030663081, 52.395494936841715 ], [ 4.854975030663413, 52.395509936841705 ], [ 4.850834030662337, 52.395483936875934 ], [ 4.850837030662072, 52.395471936875921 ], [ 4.850519030661986, 52.395469936878506 ], [ 4.85051903066225, 52.395481936878525 ], [ 4.849066030661882, 52.395472936890592 ], [ 4.847115030661263, 52.395455936906743 ], [ 4.847117030661041, 52.395445936906739 ], [ 4.846759030660978, 52.395444936909691 ], [ 4.846758030662374, 52.395507936909624 ], [ 4.846009030661969, 52.395493936915862 ], [ 4.845545030661486, 52.395474936919669 ], [ 4.8455050306614, 52.395470936920077 ], [ 4.845447030660726, 52.395440936920522 ], [ 4.844940030659799, 52.395401936924728 ], [ 4.844854030659214, 52.395375936925483 ], [ 4.844323030657245, 52.39528993692992 ], [ 4.843996030656188, 52.395243936932637 ], [ 4.843692030655574, 52.395217936935147 ], [ 4.843276030653501, 52.395126936938702 ], [ 4.842955030651686, 52.395046936941377 ], [ 4.842518030648804, 52.394918936945068 ], [ 4.84238403064841, 52.394901936946198 ], [ 4.842251030647641, 52.394867936947364 ], [ 4.841912030644936, 52.394747936950182 ], [ 4.841602030642267, 52.39462893695282 ], [ 4.841094030637331, 52.394408936957149 ], [ 4.840671030632578, 52.394196936960732 ], [ 4.841461030646343, 52.394813936953888 ], [ 4.841769030652054, 52.39506993695116 ], [ 4.840347030662139, 52.395532936962688 ], [ 4.83953503066771, 52.395788936969218 ], [ 4.839496030671675, 52.395967936969448 ], [ 4.838860030675846, 52.396159936974605 ], [ 4.837898030659316, 52.395418936983006 ], [ 4.837318030659437, 52.395427936987787 ], [ 4.83614403065916, 52.395421936997465 ], [ 4.835802030659073, 52.395419937000341 ], [ 4.835751030650139, 52.395016937001039 ], [ 4.835668030622497, 52.393769937002425 ], [ 4.835635030605383, 52.392997937003159 ], [ 4.835585030599591, 52.392736937003683 ], [ 4.835586030590131, 52.392309937003944 ], [ 4.835534030587185, 52.392176937004429 ], [ 4.835454030585685, 52.392109937005152 ], [ 4.834929030583734, 52.392024937009559 ], [ 4.834308030582062, 52.391952937014707 ], [ 4.833661030581029, 52.391909937020117 ], [ 4.833019030580608, 52.391894937025405 ], [ 4.818790030578473, 52.39188093714327 ], [ 4.817477030578348, 52.391882937154165 ], [ 4.816185030578514, 52.391897937164828 ], [ 4.815655030580127, 52.391973937169197 ], [ 4.815375030581334, 52.392029937171436 ], [ 4.815141030582453, 52.392081937173359 ], [ 4.814652030585234, 52.392209937177327 ], [ 4.814358030587212, 52.392300937179726 ], [ 4.813715030592119, 52.392525937184907 ], [ 4.813055030597674, 52.392779937190227 ], [ 4.812464030603143, 52.39302993719501 ], [ 4.812108030606848, 52.393198937197901 ], [ 4.811765030610704, 52.393374937200591 ], [ 4.810844030622262, 52.393900937207967 ], [ 4.810602030625669, 52.394055937209828 ], [ 4.810036030634427, 52.394453937214251 ], [ 4.809898030636829, 52.39456293721539 ], [ 4.809666030641746, 52.394785937217158 ], [ 4.809621030642849, 52.394835937217529 ], [ 4.809529030641995, 52.394797937218264 ], [ 4.809321030646096, 52.394983937219955 ], [ 4.809230030648502, 52.395092937220589 ], [ 4.809135030650579, 52.395186937221382 ], [ 4.808983030653398, 52.395314937222494 ], [ 4.808780030651412, 52.395226937224194 ], [ 4.808557030655699, 52.395420937225964 ], [ 4.807882030649952, 52.395165937231702 ], [ 4.807627030648188, 52.395087937233846 ], [ 4.807367030645936, 52.39498793723611 ], [ 4.807163030643556, 52.394881937237827 ], [ 4.805995030633403, 52.394430937247833 ], [ 4.80588303063587, 52.394542937248644 ], [ 4.805804030635146, 52.394510937249343 ], [ 4.8055330306349, 52.394500937251621 ], [ 4.805417030636117, 52.394556937252496 ], [ 4.805301030639235, 52.394697937253405 ], [ 4.805186030641647, 52.394806937254273 ], [ 4.805038030644203, 52.394922937255494 ], [ 4.804959030645159, 52.394966937256079 ], [ 4.804814030648097, 52.395099937257164 ], [ 4.804417030657367, 52.395519937260232 ], [ 4.804194030663, 52.395774937261912 ], [ 4.803992030668397, 52.396018937263534 ], [ 4.803584030680435, 52.396563937266542 ], [ 4.803410030686104, 52.396819937267821 ], [ 4.803078030698068, 52.397360937270207 ], [ 4.802947030703319, 52.39759793727125 ], [ 4.80274803071215, 52.39799693727263 ], [ 4.802451030727542, 52.398691937274677 ], [ 4.802309030733277, 52.398950937275693 ], [ 4.802227030735862, 52.399067937276271 ], [ 4.802091030739282, 52.399222937277315 ], [ 4.801896030743193, 52.399399937278837 ], [ 4.801632030747218, 52.399582937280911 ], [ 4.801391030750173, 52.399716937282882 ], [ 4.801334030752249, 52.399810937283242 ], [ 4.80115103075427, 52.3999029372847 ], [ 4.8009660307558, 52.399972937286201 ], [ 4.800677030757854, 52.400066937288585 ], [ 4.80043203075929, 52.400132937290557 ], [ 4.800185030760458, 52.400186937292553 ], [ 4.799777030761649, 52.4002429372959 ], [ 4.799422030762121, 52.400265937298805 ], [ 4.799149030762159, 52.400268937301114 ], [ 4.798917030761948, 52.400260937303024 ], [ 4.798647030761447, 52.400239937305287 ], [ 4.798258030760177, 52.400184937308545 ], [ 4.797933030758536, 52.400112937311263 ], [ 4.797393030754856, 52.399949937315839 ], [ 4.796784030749002, 52.399689937321043 ], [ 4.796309030744863, 52.399505937325166 ], [ 4.795963030742617, 52.399406937328074 ], [ 4.7957130307415, 52.399357937330109 ], [ 4.795548030740859, 52.39932993733148 ], [ 4.795303030740672, 52.399322937333544 ], [ 4.794902030740936, 52.399336937336891 ], [ 4.793792030739043, 52.399257937346107 ], [ 4.793035030736643, 52.399153937352537 ], [ 4.792720030736024, 52.399127937355146 ], [ 4.775016030733454, 52.39911193750202 ], [ 4.772997030637561, 52.394810937521299 ], [ 4.770639030693919, 52.397358937539323 ], [ 4.770704030701687, 52.397707937538641 ], [ 4.77074103070445, 52.397831937538264 ], [ 4.770780030705879, 52.397895937537875 ], [ 4.770861030708891, 52.398030937537129 ], [ 4.771010030712649, 52.398198937535831 ], [ 4.771258030716611, 52.398375937533622 ], [ 4.769234030728632, 52.398927937550127 ], [ 4.768928030730153, 52.398997937552608 ], [ 4.767418030735675, 52.399254937565019 ], [ 4.765419030741275, 52.39951793758145 ], [ 4.764773030742528, 52.39957793758672 ], [ 4.759826030755783, 52.400201937627472 ], [ 4.759377030726643, 52.398894937632001 ], [ 4.758299030733087, 52.399190937640746 ], [ 4.757494030681362, 52.396870937648849 ], [ 4.757201030682677, 52.396931937651232 ], [ 4.756035030686062, 52.397090937660884 ], [ 4.756066030688049, 52.397179937660496 ], [ 4.748506030708859, 52.398158937722776 ], [ 4.733728030749133, 52.400052937844499 ], [ 4.728773030762881, 52.400698937885359 ] ] ] } },
{ "type": "Feature", "properties": { "Project_ID": null, "area_name": "Amsterdam Zuid 1 2026-1", "area_km2": 17.273394595930771, "total_recordings": 58659, "total_markers": 42, "car_limitation_count": 0, "under_construction_count": 35, "obstacle_count": 7, "other_count": 0, "operator_reminder_count": 0, "car_limitation_share": 0.0, "construction_share": 0.83333333333333337, "obstacle_share": 0.16666666666666666, "other_share": 0.0, "unknown_count": 0, "private_property_count": 0, "unpaved_road_count": 0, "hike_or_bike_trail_count": 0, "event_count": 0, "unknown_share": 0.0, "private_property_share": 0.0, "unpaved_road_share": 0.0, "operator_reminder_share": 0.0, "hike_or_bike_trail_share": 0.0, "event_share": 0.0, "temporary_count": 35, "operational_obstacle_count": 7, "access_structural_count": 0, "unclear_other_count": 0, "temporary_share": 0.83333333333333337, "operational_obstacle_share": 0.16666666666666666, "access_structural_share": 0.0, "unclear_other_share": 0.0, "dominant_marker_type": "Under Construction", "marker_density": 2.4314850081578214, "recording_density": 3395.9161688935633, "avg_drms": 0.029573413801803651, "max_drms": 0.7527326, "high_drms_count": 940, "high_drms_share": 0.016024821425527198, "norm_marker_density": 0.098158431027562734, "norm_recording_density": 0.76974669177271438, "norm_avg_drms": 1.0, "norm_high_drms_share": 1.0, "difficulty_score": 0.53660796690558188, "difficulty_level": "Medium", "actionability_score_raw": 0.53888515383042901, "evidence_weight": 1.0, "actionability_score": 0.53888515383042901, "actionability_level": "Medium", "action_category": "Temporary Disruption", "recommended_action": "Check construction/event status before collection or reschedule.", "road_density": 23.499420288291773, "intersection_density": 117.0007428925466, "dead_end_ratio": 0.076719576719576701, "oneway_share": 0.36882865440464668, "avg_segment_length": 78.58949843471153, "structural_complexity_score": 0.66670167092348176, "structural_complexity_level": "High", "overdrive_risk_score": 0.57620537484216361, "overdrive_risk_level": "Medium", "est_avoidable_share": 0.309, "est_unavoidable_share": 0.383, "overdrive_planning_category": "Priority Action", "overdrive_recommendation": "High difficulty with manageable causes. Check current disruptions, prepare operators, and consider planned revisit strategy." }, "geometry": { "type": "Polygon", "coordinates": [ [ [ 4.81713202913906, 52.326913937192124 ], [ 4.817336029142404, 52.327062937190327 ], [ 4.822136029226277, 52.330809937148643 ], [ 4.835564029233011, 52.330992937037372 ], [ 4.838344029244154, 52.331471937014093 ], [ 4.846229029304117, 52.334114936947479 ], [ 4.847099029351923, 52.336270936939137 ], [ 4.847145029365617, 52.336889936938533 ], [ 4.847037029383029, 52.337678936938964 ], [ 4.846977029393074, 52.338133936939229 ], [ 4.846861029392855, 52.338124936940197 ], [ 4.846858029393029, 52.338132936940248 ], [ 4.846669029392707, 52.338119936941759 ], [ 4.846671029392509, 52.338110936941781 ], [ 4.846526029392216, 52.338098936942963 ], [ 4.846521029392368, 52.338105936943016 ], [ 4.84641802939202, 52.338090936943914 ], [ 4.846020029391413, 52.338066936947229 ], [ 4.846015029391165, 52.338055936947249 ], [ 4.845999029391186, 52.33805693694736 ], [ 4.845996029391457, 52.338068936947401 ], [ 4.845955029391265, 52.33806093694772 ], [ 4.845710029391022, 52.338051936949782 ], [ 4.84530402939108, 52.338057936953135 ], [ 4.844896029391623, 52.33808593695646 ], [ 4.844552029392545, 52.338130936959281 ], [ 4.844293029393604, 52.338180936961415 ], [ 4.844022029395077, 52.338249936963656 ], [ 4.843721029397125, 52.338344936966088 ], [ 4.843362029400297, 52.338491936968936 ], [ 4.843182029402258, 52.338581936970392 ], [ 4.842917029405875, 52.338747936972538 ], [ 4.842733029408867, 52.338884936973948 ], [ 4.842514029413275, 52.339085936975735 ], [ 4.842356029417269, 52.339267936976917 ], [ 4.84221102942197, 52.339481936977961 ], [ 4.842097029427011, 52.339710936978804 ], [ 4.842013029432718, 52.339969936979323 ], [ 4.841889029446694, 52.34060293698009 ], [ 4.841711029471865, 52.341742936980999 ], [ 4.841535029503667, 52.343182936981684 ], [ 4.841526029503863, 52.343191936981746 ], [ 4.841525029505391, 52.343260936981707 ], [ 4.841510029505389, 52.343260936981849 ], [ 4.841501029508883, 52.343418936981791 ], [ 4.841523029508975, 52.343422936981653 ], [ 4.841520029510455, 52.343489936981634 ], [ 4.841510029510452, 52.343489936981705 ], [ 4.841511029516093, 52.343744936981594 ], [ 4.841532029523615, 52.344084936981233 ], [ 4.841651029545017, 52.34505193697975 ], [ 4.841668029551745, 52.345355936979452 ], [ 4.841641029552664, 52.345397936979644 ], [ 4.841642029553196, 52.345421936979648 ], [ 4.841665029554242, 52.345468936979437 ], [ 4.841730029555274, 52.345514936978887 ], [ 4.841790029555677, 52.345532936978337 ], [ 4.841952029556064, 52.345548936977004 ], [ 4.841949029565328, 52.345967936976784 ], [ 4.842350029564824, 52.345941936973496 ], [ 4.84235302956502, 52.345950936973459 ], [ 4.842844029564429, 52.345919936969437 ], [ 4.843471029563986, 52.345894936964243 ], [ 4.844089029563873, 52.345884936959138 ], [ 4.844361029564283, 52.345900936956845 ], [ 4.844717029565516, 52.34595393695389 ], [ 4.844889029566432, 52.345993936952461 ], [ 4.845074029567638, 52.346046936950884 ], [ 4.845228029568837, 52.346099936949543 ], [ 4.845396029570392, 52.346168936948182 ], [ 4.845660029573494, 52.346306936945936 ], [ 4.8458750295768, 52.346454936944049 ], [ 4.846088029581084, 52.346646936942243 ], [ 4.845826029583363, 52.346751936944322 ], [ 4.845735029583604, 52.346763936945059 ], [ 4.84565302958359, 52.346763936945727 ], [ 4.845651029585869, 52.346866936945716 ], [ 4.845562029689821, 52.351568936943956 ], [ 4.845552029701271, 52.35208693694377 ], [ 4.844798029701006, 52.352080936949989 ], [ 4.84474502977589, 52.355466936948652 ], [ 4.848938029777168, 52.355492936913947 ], [ 4.84889602983039, 52.357899936913014 ], [ 4.85004702983078, 52.357908936903492 ], [ 4.850292029830685, 52.357902936901453 ], [ 4.850580029830621, 52.357897936899086 ], [ 4.852181029831149, 52.357909936885797 ], [ 4.852431029830841, 52.357893936883727 ], [ 4.852585029830954, 52.357897936882516 ], [ 4.852723029831177, 52.357906936881335 ], [ 4.852849029831615, 52.357925936880285 ], [ 4.853013029832725, 52.357974936878882 ], [ 4.853410029834672, 52.358059936875549 ], [ 4.853556029835222, 52.358083936874337 ], [ 4.853628029835126, 52.358078936873774 ], [ 4.853902029833672, 52.358010936871537 ], [ 4.854786029827868, 52.357741936864322 ], [ 4.854335029815123, 52.357168936868405 ], [ 4.854128029800502, 52.356508936870455 ], [ 4.855090029798167, 52.356395936862576 ], [ 4.858949029820801, 52.357390936830086 ], [ 4.85978902982549, 52.357596936823022 ], [ 4.861827029837429, 52.358121936805894 ], [ 4.861817029837826, 52.358139936806012 ], [ 4.862253029840303, 52.358248936802347 ], [ 4.862262029840043, 52.358236936802243 ], [ 4.863184029845277, 52.358466936794471 ], [ 4.863190029845077, 52.358457936794487 ], [ 4.86368502984761, 52.358568936790299 ], [ 4.865456029857316, 52.35899493677546 ], [ 4.865490029857431, 52.358999936775142 ], [ 4.865527029854165, 52.35885193677494 ], [ 4.865545029853902, 52.358839936774814 ], [ 4.865805029853261, 52.358808936772704 ], [ 4.865914029855757, 52.35892093677171 ], [ 4.865914029859841, 52.359105936771655 ], [ 4.866886029865124, 52.359337936763431 ], [ 4.868157029871781, 52.359629936752789 ], [ 4.868650029874644, 52.359755936748677 ], [ 4.869963029882678, 52.360109936737601 ], [ 4.870066029879606, 52.35996993673681 ], [ 4.871252029886418, 52.360269936726837 ], [ 4.871308029884639, 52.360188936726473 ], [ 4.871481029885659, 52.36023393672496 ], [ 4.871281029892126, 52.36052793672647 ], [ 4.87139502989276, 52.360555936725518 ], [ 4.871546029888078, 52.3603429367244 ], [ 4.871851029888018, 52.360337936721912 ], [ 4.871922029888227, 52.360346936721264 ], [ 4.872185029889326, 52.360394936719061 ], [ 4.872460029890878, 52.360462936716822 ], [ 4.8730220298947, 52.360631936712032 ], [ 4.873296029897083, 52.360737936709739 ], [ 4.873504029896785, 52.360722936708022 ], [ 4.873613029897135, 52.360737936707096 ], [ 4.873733029897886, 52.360770936706096 ], [ 4.873794029898396, 52.360793936705534 ], [ 4.873833029899464, 52.360841936705249 ], [ 4.873863029902144, 52.36096293670488 ], [ 4.873942029902624, 52.360983936704258 ], [ 4.874024029903098, 52.361004936703566 ], [ 4.874081029902288, 52.360967936703112 ], [ 4.874164029901927, 52.360950936702423 ], [ 4.87425802990121, 52.360917936701647 ], [ 4.874400029901149, 52.360913936700513 ], [ 4.874611029900804, 52.360896936698794 ], [ 4.875035029898091, 52.360770936695332 ], [ 4.875250029895867, 52.360668936693628 ], [ 4.875299029895722, 52.360661936693234 ], [ 4.875374029895719, 52.360660936692604 ], [ 4.87547502989644, 52.36069293669172 ], [ 4.875537029897417, 52.360736936691197 ], [ 4.875607029898938, 52.360804936690627 ], [ 4.875831029897885, 52.360755936688733 ], [ 4.87587402989672, 52.360702936688433 ], [ 4.87619002989876, 52.360792936685769 ], [ 4.876264029897245, 52.360723936685211 ], [ 4.876501029898654, 52.360785936683214 ], [ 4.876571029896415, 52.360683936682669 ], [ 4.876561029896037, 52.360666936682804 ], [ 4.876599029894851, 52.360612936682514 ], [ 4.876630029894551, 52.36059893668228 ], [ 4.876639029893841, 52.360566936682183 ], [ 4.876958029895658, 52.360646936679522 ], [ 4.876938029896273, 52.360674936679679 ], [ 4.877041029896867, 52.360700936678796 ], [ 4.877026029897368, 52.36072393667893 ], [ 4.876989029897319, 52.360721936679198 ], [ 4.876973029897846, 52.360745936679294 ], [ 4.876921029898147, 52.36075993667977 ], [ 4.876894029897991, 52.360752936679944 ], [ 4.876753029902426, 52.360954936681033 ], [ 4.877202029905299, 52.36108193667723 ], [ 4.87736402990021, 52.360849936676047 ], [ 4.877393029900388, 52.360857936675821 ], [ 4.877459029898387, 52.36076693667529 ], [ 4.878591029905481, 52.361079936665803 ], [ 4.880608029917678, 52.361617936648898 ], [ 4.882102029927298, 52.362042936636293 ], [ 4.882297029925716, 52.361969936634708 ], [ 4.882397029925158, 52.361943936633885 ], [ 4.88250002992478, 52.361925936633007 ], [ 4.882639029924537, 52.361913936631908 ], [ 4.883647029924323, 52.361896936623587 ], [ 4.883854029923844, 52.36187393662189 ], [ 4.884061029922973, 52.36183293662021 ], [ 4.884250029921763, 52.361776936618668 ], [ 4.884428029920205, 52.361704936617251 ], [ 4.885391029909716, 52.361222936609522 ], [ 4.886305029899773, 52.360765936602256 ], [ 4.887394029887872, 52.36021893659354 ], [ 4.887665029884761, 52.360075936591379 ], [ 4.887956029880542, 52.359882936589059 ], [ 4.888186029876254, 52.359686936587288 ], [ 4.888306029873495, 52.359560936586391 ], [ 4.888416029870554, 52.359426936585521 ], [ 4.888631029866242, 52.35922993658388 ], [ 4.888924029861474, 52.35901193658156 ], [ 4.889248029857267, 52.358818936578977 ], [ 4.889436029855246, 52.358725936577486 ], [ 4.889638029853427, 52.358641936575857 ], [ 4.890043029850577, 52.358509936572595 ], [ 4.89042802984868, 52.358420936569416 ], [ 4.890700029847753, 52.358376936567268 ], [ 4.890884029847316, 52.358355936565729 ], [ 4.891049029847036, 52.358341936564379 ], [ 4.896183029841039, 52.358032936522179 ], [ 4.898044029838869, 52.357920936506837 ], [ 4.898264029839215, 52.357934936505011 ], [ 4.898566029839921, 52.357964936502526 ], [ 4.898815029840736, 52.357999936500448 ], [ 4.899251029842723, 52.358086936496775 ], [ 4.901680029854025, 52.358581936476455 ], [ 4.904005029864388, 52.359034936457086 ], [ 4.904638029868102, 52.359198936451754 ], [ 4.90489602985798, 52.358737936449913 ], [ 4.906060029801218, 52.356154936441648 ], [ 4.906557029784014, 52.35537093643795 ], [ 4.908368029740332, 52.353375936424058 ], [ 4.910254029696063, 52.351352936409612 ], [ 4.911070029666735, 52.350015936403572 ], [ 4.912238029624763, 52.348101936394904 ], [ 4.912713029607708, 52.347323936391376 ], [ 4.913167029572955, 52.34574293638849 ], [ 4.913197029569631, 52.34559193638831 ], [ 4.913291029559538, 52.345132936387742 ], [ 4.91344802954974, 52.344686936386701 ], [ 4.913862029531643, 52.343861936383739 ], [ 4.914143029524113, 52.343517936381552 ], [ 4.914869029504572, 52.342624936376005 ], [ 4.914950029499962, 52.342414936375484 ], [ 4.914994029493759, 52.342132936375265 ], [ 4.914974029487477, 52.341847936375594 ], [ 4.914873029481712, 52.341586936376473 ], [ 4.91468602947596, 52.341326936378252 ], [ 4.914381029467069, 52.340925936380906 ], [ 4.914051029459036, 52.340563936383809 ], [ 4.913607029452353, 52.340263936387636 ], [ 4.913199029446929, 52.340020936391134 ], [ 4.912630029440215, 52.339720936395977 ], [ 4.912020029435285, 52.339501936401106 ], [ 4.911804029434034, 52.339446936402929 ], [ 4.911180029430613, 52.339296936408147 ], [ 4.910720029428327, 52.339196936412037 ], [ 4.910077029424559, 52.339030936417366 ], [ 4.909427029418444, 52.338758936422899 ], [ 4.909270029416965, 52.338692936424174 ], [ 4.907968029405998, 52.338205936435223 ], [ 4.907754029403712, 52.338103936437044 ], [ 4.907490029400253, 52.337948936439311 ], [ 4.907415029399201, 52.33790193643992 ], [ 4.90731502939705, 52.33780493644079 ], [ 4.907243029394809, 52.337703936441457 ], [ 4.907196029392578, 52.337602936441868 ], [ 4.906905029365904, 52.336394936444897 ], [ 4.906864029360485, 52.336148936445426 ], [ 4.906803029356047, 52.33594793644599 ], [ 4.906760029353881, 52.335849936446387 ], [ 4.906634029349142, 52.335635936447531 ], [ 4.906493029345126, 52.335454936448784 ], [ 4.906355029342045, 52.335315936450009 ], [ 4.906010029333583, 52.334934936453038 ], [ 4.905554029323391, 52.33447593645699 ], [ 4.905260029317715, 52.33422093645958 ], [ 4.904783029309125, 52.333834936463703 ], [ 4.904553029305754, 52.333683936465675 ], [ 4.904264029302949, 52.333558936468123 ], [ 4.903947029300925, 52.333469936470749 ], [ 4.903557029299707, 52.333417936474014 ], [ 4.902855029298492, 52.333368936479857 ], [ 4.902485029298093, 52.333353936482894 ], [ 4.902202029298084, 52.333355936485276 ], [ 4.901164029299452, 52.33342693649378 ], [ 4.90060502929893, 52.333407936498418 ], [ 4.900206029297886, 52.333363936501677 ], [ 4.899833029296293, 52.333294936504821 ], [ 4.899643029295221, 52.333247936506417 ], [ 4.899475029294175, 52.333201936507791 ], [ 4.899301029292708, 52.333136936509284 ], [ 4.899127029290915, 52.333056936510779 ], [ 4.898984029288966, 52.332969936512001 ], [ 4.898845029286676, 52.332866936513199 ], [ 4.898760029284746, 52.332779936513973 ], [ 4.898626029281165, 52.332618936515097 ], [ 4.89853202927767, 52.332460936516014 ], [ 4.898487029273299, 52.33226293651645 ], [ 4.898482029268913, 52.332063936516597 ], [ 4.898500029266294, 52.331944936516507 ], [ 4.898880029247592, 52.331092936513798 ], [ 4.899017029238824, 52.330693936512816 ], [ 4.899080029232886, 52.330423936512489 ], [ 4.899081029227603, 52.330183936512647 ], [ 4.899032029223146, 52.329981936513093 ], [ 4.898918029218251, 52.329760936514134 ], [ 4.898775029213443, 52.329543936515442 ], [ 4.898258029200429, 52.328957936519984 ], [ 4.897844029191557, 52.328558936523592 ], [ 4.897330029179387, 52.328010936528116 ], [ 4.897149029173974, 52.32776693652977 ], [ 4.897008029169076, 52.327545936531045 ], [ 4.896866029162728, 52.327258936532324 ], [ 4.896684029153392, 52.326836936534022 ], [ 4.896563029146164, 52.326509936535231 ], [ 4.896450029141228, 52.326286936536206 ], [ 4.895846029116913, 52.325188936541785 ], [ 4.895315029097818, 52.324326936546612 ], [ 4.895260029094766, 52.324188936547088 ], [ 4.895233029092026, 52.324064936547408 ], [ 4.895270029086659, 52.323820936547207 ], [ 4.89538202907926, 52.323483936546417 ], [ 4.89547502907544, 52.323309936545748 ], [ 4.895764029065499, 52.322855936543611 ], [ 4.895917029061783, 52.32268593654242 ], [ 4.89609202905867, 52.322542936541012 ], [ 4.896306029055785, 52.322409936539373 ], [ 4.895768029055481, 52.322400936543751 ], [ 4.895140029055221, 52.32239493654901 ], [ 4.894924029055507, 52.322409936550777 ], [ 4.894571029055414, 52.322408936553707 ], [ 4.893650029054412, 52.322371936561275 ], [ 4.893018029053977, 52.322357936566561 ], [ 4.878118029044837, 52.322080936689758 ], [ 4.869152029039481, 52.321921936763914 ], [ 4.862624029035737, 52.321812936818013 ], [ 4.857873029032759, 52.32172293685732 ], [ 4.857791029032658, 52.321718936858005 ], [ 4.857693029032284, 52.321702936858792 ], [ 4.857660029031718, 52.321677936859068 ], [ 4.857640029030527, 52.321623936859282 ], [ 4.857623029025979, 52.321417936859532 ], [ 4.856765029025448, 52.321401936866657 ], [ 4.856758029028557, 52.321542936866614 ], [ 4.856576029028695, 52.321550936868142 ], [ 4.856579029033226, 52.321755936868009 ], [ 4.856345029033061, 52.321750936869961 ], [ 4.856460029171495, 52.328019936865886 ], [ 4.856432029189464, 52.328833936865749 ], [ 4.856381029196633, 52.329158936865987 ], [ 4.856338029199826, 52.329303936866282 ], [ 4.856206029207857, 52.329668936867165 ], [ 4.856137029207871, 52.329669936867717 ], [ 4.855953029220478, 52.330242936868999 ], [ 4.855934029221872, 52.330305936869109 ], [ 4.854953029222141, 52.330326936877221 ], [ 4.851577029223725, 52.330428936905086 ], [ 4.848017029225895, 52.330558936934473 ], [ 4.847969029225418, 52.330537936934896 ], [ 4.847689029216971, 52.330157936937383 ], [ 4.847649029214884, 52.330063936937741 ], [ 4.847574029214227, 52.330034936938418 ], [ 4.846371029209921, 52.329850936948482 ], [ 4.845248029205708, 52.329669936957842 ], [ 4.843971029217316, 52.330206936968182 ], [ 4.843526029215304, 52.330119936971847 ], [ 4.841996029209034, 52.329849936984679 ], [ 4.840528029202702, 52.329576936996986 ], [ 4.840421029201865, 52.32953993699789 ], [ 4.839487029192726, 52.329134937005826 ], [ 4.839632029169747, 52.328093937005065 ], [ 4.839642029157662, 52.327546937005309 ], [ 4.839425029157345, 52.327534937007094 ], [ 4.839415029153217, 52.327347937007303 ], [ 4.833909029138149, 52.326716937053185 ], [ 4.831801029132854, 52.3264969370708 ], [ 4.830570029129942, 52.326376937081058 ], [ 4.826071029118825, 52.325915937118538 ], [ 4.825808029117602, 52.32586293712076 ], [ 4.825189029114312, 52.325719937125911 ], [ 4.824493029113729, 52.325699937131695 ], [ 4.820291029113963, 52.32574993716652 ], [ 4.81989802911384, 52.325747937169758 ], [ 4.8197590291135, 52.325733937170952 ], [ 4.819707029113116, 52.325716937171372 ], [ 4.819658029112546, 52.325691937171776 ], [ 4.819508029109774, 52.325567937173076 ], [ 4.819479029109566, 52.325558937173334 ], [ 4.818436029109065, 52.325545937181985 ], [ 4.818147029118118, 52.325957937184157 ], [ 4.817723029128409, 52.326426937187456 ], [ 4.81713202913906, 52.326913937192124 ] ] ] } }
]
}
